# Blender 3.6.4
# www.blender.org
mtllib KeyBoard.mtl
o KeyBoard
v -0.336516 0.046560 0.025897
v -0.326245 0.046560 0.030520
v -0.335140 0.046560 0.028208
v -0.331380 0.046560 0.029900
v -0.326245 0.051523 0.027046
v -0.336516 0.051523 0.022423
v -0.331380 0.051523 0.026427
v -0.335140 0.051523 0.024735
v -0.326245 0.049041 0.028063
v -0.336516 0.049041 0.023441
v -0.331380 0.049041 0.027444
v -0.335140 0.049041 0.025752
v -0.336516 0.051523 -0.140443
v -0.326245 0.051523 -0.145063
v -0.335140 0.051523 -0.142753
v -0.331380 0.051523 -0.144444
v -0.326245 0.046560 -0.145063
v -0.336516 0.046560 -0.140443
v -0.331380 0.046560 -0.144444
v -0.335140 0.046560 -0.142753
v -0.336516 0.049041 -0.140443
v -0.326245 0.049041 -0.145063
v -0.335140 0.049041 -0.142753
v -0.331380 0.049041 -0.144444
v 0.104412 0.051523 0.022423
v 0.094140 0.051523 0.027046
v 0.103036 0.051523 0.024735
v 0.099276 0.051523 0.026427
v 0.094140 0.046560 0.030520
v 0.104412 0.046560 0.025897
v 0.099276 0.046560 0.029900
v 0.103036 0.046560 0.028208
v 0.104412 0.049041 0.023441
v 0.094140 0.049041 0.028063
v 0.103036 0.049041 0.025752
v 0.099276 0.049041 0.027444
v 0.094140 0.051523 -0.145063
v 0.104412 0.051523 -0.140443
v 0.099276 0.051523 -0.144444
v 0.103036 0.051523 -0.142753
v 0.104412 0.046560 -0.140443
v 0.094140 0.046560 -0.145063
v 0.103036 0.046560 -0.142753
v 0.099276 0.046560 -0.144444
v 0.094140 0.049041 -0.145063
v 0.104412 0.049041 -0.140443
v 0.099276 0.049041 -0.144444
v 0.103036 0.049041 -0.142753
v -0.335352 0.054233 0.021208
v -0.336516 0.053071 0.021910
v -0.336175 0.053888 0.021546
v -0.326175 0.054104 0.024985
v -0.326245 0.052932 0.026548
v -0.326224 0.053744 0.025925
v -0.334328 0.054174 0.022928
v -0.335140 0.052999 0.024230
v -0.334902 0.053817 0.023686
v -0.331065 0.054124 0.024395
v -0.331380 0.052949 0.025927
v -0.331288 0.053764 0.025314
v -0.326175 0.059903 -0.144045
v -0.326245 0.058792 -0.145189
v -0.326224 0.059594 -0.144862
v -0.335352 0.059773 -0.140271
v -0.336516 0.058640 -0.140571
v -0.336175 0.059446 -0.140491
v -0.331065 0.059882 -0.143456
v -0.331380 0.058772 -0.144570
v -0.331288 0.059573 -0.144252
v -0.334328 0.059832 -0.141989
v -0.335140 0.058716 -0.142880
v -0.334902 0.059518 -0.142627
v 0.094070 0.054104 0.024985
v 0.094140 0.052932 0.026548
v 0.094120 0.053744 0.025925
v 0.103248 0.054233 0.021208
v 0.104412 0.053071 0.021910
v 0.104071 0.053888 0.021546
v 0.098960 0.054124 0.024395
v 0.099276 0.052949 0.025927
v 0.099184 0.053764 0.025314
v 0.102223 0.054174 0.022928
v 0.103036 0.052999 0.024230
v 0.102798 0.053817 0.023686
v 0.103248 0.059773 -0.140271
v 0.104412 0.058640 -0.140571
v 0.104071 0.059446 -0.140491
v 0.094070 0.059903 -0.144045
v 0.094140 0.058792 -0.145189
v 0.094120 0.059594 -0.144862
v 0.102224 0.059832 -0.141989
v 0.103036 0.058716 -0.142880
v 0.102798 0.059518 -0.142627
v 0.098961 0.059882 -0.143456
v 0.099276 0.058772 -0.144570
v 0.099184 0.059573 -0.144252
v -0.326170 0.042000 0.035662
v -0.326245 0.042869 0.035687
v -0.326223 0.042255 0.036183
v -0.335276 0.042000 0.031938
v -0.336516 0.042954 0.030945
v -0.336153 0.042280 0.031789
v -0.331044 0.042000 0.035075
v -0.331380 0.042881 0.035051
v -0.331282 0.042258 0.035568
v -0.334274 0.042000 0.033621
v -0.335140 0.042905 0.033324
v -0.334887 0.042265 0.033936
v -0.335276 0.042000 -0.140102
v -0.336516 0.043012 -0.140443
v -0.336153 0.042297 -0.140343
v -0.326170 0.042000 -0.143823
v -0.326245 0.043090 -0.145063
v -0.326223 0.042319 -0.144700
v -0.334275 0.042000 -0.141782
v -0.335140 0.043053 -0.142753
v -0.334887 0.042309 -0.142469
v -0.331044 0.042000 -0.143235
v -0.331380 0.043078 -0.144444
v -0.331282 0.042316 -0.144090
v 0.103171 0.042000 0.031938
v 0.104412 0.042954 0.030945
v 0.104049 0.042280 0.031789
v 0.094066 0.042000 0.035662
v 0.094140 0.042869 0.035687
v 0.094118 0.042255 0.036183
v 0.102170 0.042000 0.033621
v 0.103036 0.042905 0.033324
v 0.102782 0.042265 0.033936
v 0.098940 0.042000 0.035075
v 0.099276 0.042881 0.035051
v 0.099178 0.042258 0.035568
v 0.094066 0.042000 -0.143823
v 0.094140 0.043090 -0.145063
v 0.094118 0.042319 -0.144700
v 0.103171 0.042000 -0.140102
v 0.104412 0.043012 -0.140443
v 0.104049 0.042297 -0.140343
v 0.098940 0.042000 -0.143235
v 0.099276 0.043078 -0.144444
v 0.099178 0.042316 -0.144090
v 0.102170 0.042000 -0.141782
v 0.103036 0.043053 -0.142753
v 0.102782 0.042309 -0.142469
v -0.270836 0.056306 -0.060732
v -0.270836 0.065879 -0.056569
v -0.270836 0.055620 -0.040743
v -0.270836 0.065456 -0.044240
v -0.260836 0.055963 -0.050737
v -0.264669 0.065667 -0.050405
v -0.280836 0.055963 -0.050737
v -0.277004 0.065667 -0.050405
v -0.270836 0.065289 -0.050418
v -0.270836 0.055963 -0.050737
v -0.270836 0.066155 -0.058132
v -0.263096 0.065889 -0.050397
v -0.270836 0.065624 -0.042662
v -0.278576 0.065889 -0.050397
v -0.280836 0.056292 -0.060310
v -0.280414 0.056306 -0.060732
v -0.280713 0.056302 -0.060608
v -0.276578 0.065879 -0.056569
v -0.277004 0.065864 -0.056143
v -0.276879 0.065874 -0.056444
v -0.261259 0.056306 -0.060732
v -0.260836 0.056292 -0.060310
v -0.260960 0.056302 -0.060608
v -0.264669 0.065864 -0.056143
v -0.265095 0.065879 -0.056569
v -0.264793 0.065874 -0.056444
v -0.280414 0.055620 -0.040743
v -0.280836 0.055635 -0.041165
v -0.280713 0.055625 -0.040867
v -0.277004 0.065470 -0.044666
v -0.276578 0.065456 -0.044240
v -0.276879 0.065460 -0.044365
v -0.260836 0.055635 -0.041165
v -0.261259 0.055620 -0.040743
v -0.260960 0.055625 -0.040867
v -0.265095 0.065456 -0.044240
v -0.264669 0.065470 -0.044666
v -0.264793 0.065460 -0.044365
v -0.263520 0.066219 -0.058130
v -0.263096 0.066205 -0.057707
v -0.263220 0.066216 -0.058006
v -0.263096 0.065703 -0.043083
v -0.263520 0.065688 -0.042659
v -0.263220 0.065694 -0.042783
v -0.278153 0.065688 -0.042659
v -0.278576 0.065703 -0.043083
v -0.278452 0.065694 -0.042783
v -0.278576 0.066205 -0.057707
v -0.278153 0.066219 -0.058130
v -0.278452 0.066216 -0.058006
v -0.243936 0.056306 -0.060732
v -0.243936 0.065879 -0.056569
v -0.243936 0.055620 -0.040743
v -0.243936 0.065456 -0.044240
v -0.233936 0.055963 -0.050737
v -0.237769 0.065667 -0.050405
v -0.253936 0.055963 -0.050737
v -0.250104 0.065667 -0.050405
v -0.243936 0.065289 -0.050418
v -0.243936 0.055963 -0.050737
v -0.243936 0.066155 -0.058132
v -0.236196 0.065889 -0.050397
v -0.243936 0.065624 -0.042662
v -0.251676 0.065889 -0.050397
v -0.253936 0.056292 -0.060310
v -0.253514 0.056306 -0.060732
v -0.253813 0.056302 -0.060608
v -0.249678 0.065879 -0.056569
v -0.250104 0.065864 -0.056143
v -0.249979 0.065874 -0.056444
v -0.234359 0.056306 -0.060732
v -0.233936 0.056292 -0.060310
v -0.234060 0.056302 -0.060608
v -0.237769 0.065864 -0.056143
v -0.238195 0.065879 -0.056569
v -0.237893 0.065874 -0.056444
v -0.253514 0.055620 -0.040743
v -0.253936 0.055635 -0.041165
v -0.253813 0.055625 -0.040867
v -0.250104 0.065470 -0.044666
v -0.249678 0.065456 -0.044240
v -0.249979 0.065460 -0.044365
v -0.233936 0.055635 -0.041165
v -0.234359 0.055620 -0.040743
v -0.234060 0.055625 -0.040867
v -0.238195 0.065456 -0.044240
v -0.237769 0.065470 -0.044666
v -0.237893 0.065460 -0.044365
v -0.236620 0.066219 -0.058130
v -0.236196 0.066205 -0.057707
v -0.236320 0.066216 -0.058006
v -0.236196 0.065703 -0.043083
v -0.236620 0.065688 -0.042659
v -0.236320 0.065694 -0.042783
v -0.251253 0.065688 -0.042659
v -0.251676 0.065703 -0.043083
v -0.251552 0.065694 -0.042783
v -0.251676 0.066205 -0.057707
v -0.251253 0.066219 -0.058130
v -0.251552 0.066216 -0.058006
v -0.217036 0.056306 -0.060732
v -0.217036 0.065879 -0.056569
v -0.217036 0.055620 -0.040743
v -0.217036 0.065456 -0.044240
v -0.207036 0.055963 -0.050737
v -0.210869 0.065667 -0.050405
v -0.227036 0.055963 -0.050737
v -0.223204 0.065667 -0.050405
v -0.217036 0.065289 -0.050418
v -0.217036 0.055963 -0.050737
v -0.217036 0.066155 -0.058132
v -0.209296 0.065889 -0.050397
v -0.217036 0.065624 -0.042662
v -0.224776 0.065889 -0.050397
v -0.227036 0.056292 -0.060310
v -0.226614 0.056306 -0.060732
v -0.226913 0.056302 -0.060608
v -0.222778 0.065879 -0.056569
v -0.223204 0.065864 -0.056143
v -0.223079 0.065874 -0.056444
v -0.207459 0.056306 -0.060732
v -0.207036 0.056292 -0.060310
v -0.207160 0.056302 -0.060608
v -0.210869 0.065864 -0.056143
v -0.211295 0.065879 -0.056569
v -0.210993 0.065874 -0.056444
v -0.226614 0.055620 -0.040743
v -0.227036 0.055635 -0.041165
v -0.226913 0.055625 -0.040867
v -0.223204 0.065470 -0.044667
v -0.222778 0.065456 -0.044240
v -0.223079 0.065460 -0.044365
v -0.207036 0.055635 -0.041165
v -0.207459 0.055620 -0.040743
v -0.207160 0.055625 -0.040867
v -0.211295 0.065456 -0.044240
v -0.210869 0.065470 -0.044667
v -0.210993 0.065460 -0.044365
v -0.209720 0.066219 -0.058130
v -0.209296 0.066205 -0.057707
v -0.209420 0.066216 -0.058006
v -0.209296 0.065703 -0.043083
v -0.209720 0.065688 -0.042659
v -0.209420 0.065694 -0.042783
v -0.224353 0.065688 -0.042659
v -0.224776 0.065703 -0.043083
v -0.224652 0.065694 -0.042783
v -0.224776 0.066205 -0.057707
v -0.224353 0.066219 -0.058130
v -0.224652 0.066216 -0.058006
v -0.190136 0.056306 -0.060732
v -0.190136 0.065879 -0.056569
v -0.190136 0.055620 -0.040743
v -0.190136 0.065456 -0.044240
v -0.180136 0.055963 -0.050737
v -0.183969 0.065667 -0.050405
v -0.200136 0.055963 -0.050737
v -0.196304 0.065667 -0.050405
v -0.190136 0.065289 -0.050418
v -0.190136 0.055963 -0.050737
v -0.190136 0.066155 -0.058132
v -0.182396 0.065889 -0.050397
v -0.190136 0.065624 -0.042662
v -0.197876 0.065889 -0.050397
v -0.200136 0.056292 -0.060310
v -0.199714 0.056306 -0.060732
v -0.200013 0.056302 -0.060608
v -0.195878 0.065879 -0.056569
v -0.196304 0.065864 -0.056143
v -0.196179 0.065874 -0.056444
v -0.180559 0.056306 -0.060732
v -0.180136 0.056292 -0.060310
v -0.180260 0.056302 -0.060608
v -0.183969 0.065864 -0.056143
v -0.184395 0.065879 -0.056569
v -0.184093 0.065874 -0.056444
v -0.199714 0.055620 -0.040743
v -0.200136 0.055635 -0.041165
v -0.200013 0.055625 -0.040867
v -0.196304 0.065470 -0.044667
v -0.195878 0.065456 -0.044240
v -0.196179 0.065460 -0.044365
v -0.180136 0.055635 -0.041165
v -0.180559 0.055620 -0.040743
v -0.180260 0.055625 -0.040867
v -0.184395 0.065456 -0.044240
v -0.183969 0.065470 -0.044667
v -0.184093 0.065460 -0.044365
v -0.182820 0.066219 -0.058130
v -0.182396 0.066205 -0.057707
v -0.182520 0.066216 -0.058006
v -0.182396 0.065703 -0.043083
v -0.182820 0.065688 -0.042659
v -0.182520 0.065694 -0.042783
v -0.197453 0.065688 -0.042659
v -0.197876 0.065703 -0.043083
v -0.197752 0.065694 -0.042783
v -0.197876 0.066205 -0.057707
v -0.197453 0.066219 -0.058130
v -0.197752 0.066216 -0.058006
v -0.163236 0.056306 -0.060732
v -0.163236 0.065879 -0.056569
v -0.163236 0.055620 -0.040743
v -0.163236 0.065456 -0.044240
v -0.153236 0.055963 -0.050737
v -0.157068 0.065667 -0.050405
v -0.173236 0.055963 -0.050737
v -0.169404 0.065667 -0.050405
v -0.163236 0.065289 -0.050418
v -0.163236 0.055963 -0.050737
v -0.163236 0.066155 -0.058132
v -0.155496 0.065889 -0.050397
v -0.163236 0.065624 -0.042662
v -0.170976 0.065889 -0.050397
v -0.173236 0.056292 -0.060310
v -0.172814 0.056306 -0.060732
v -0.173112 0.056302 -0.060608
v -0.168978 0.065879 -0.056569
v -0.169404 0.065864 -0.056143
v -0.169279 0.065874 -0.056444
v -0.153658 0.056306 -0.060732
v -0.153236 0.056292 -0.060310
v -0.153360 0.056302 -0.060608
v -0.157068 0.065864 -0.056143
v -0.157495 0.065879 -0.056569
v -0.157193 0.065874 -0.056444
v -0.172814 0.055620 -0.040743
v -0.173236 0.055635 -0.041165
v -0.173112 0.055625 -0.040867
v -0.169404 0.065470 -0.044667
v -0.168978 0.065456 -0.044240
v -0.169279 0.065460 -0.044365
v -0.153236 0.055635 -0.041165
v -0.153658 0.055620 -0.040743
v -0.153360 0.055625 -0.040867
v -0.157495 0.065456 -0.044240
v -0.157068 0.065470 -0.044667
v -0.157193 0.065460 -0.044365
v -0.155920 0.066219 -0.058130
v -0.155496 0.066205 -0.057707
v -0.155620 0.066216 -0.058006
v -0.155496 0.065703 -0.043083
v -0.155920 0.065688 -0.042659
v -0.155620 0.065694 -0.042783
v -0.170553 0.065688 -0.042659
v -0.170976 0.065703 -0.043083
v -0.170852 0.065694 -0.042783
v -0.170976 0.066205 -0.057707
v -0.170553 0.066219 -0.058130
v -0.170852 0.066216 -0.058006
v -0.136336 0.056306 -0.060732
v -0.136336 0.065879 -0.056569
v -0.136336 0.055620 -0.040743
v -0.136336 0.065456 -0.044241
v -0.126336 0.055963 -0.050737
v -0.130168 0.065667 -0.050405
v -0.146336 0.055963 -0.050737
v -0.142504 0.065667 -0.050405
v -0.136336 0.065289 -0.050418
v -0.136336 0.055963 -0.050737
v -0.136336 0.066155 -0.058132
v -0.128596 0.065889 -0.050397
v -0.136336 0.065624 -0.042662
v -0.144076 0.065889 -0.050397
v -0.146336 0.056292 -0.060310
v -0.145914 0.056306 -0.060732
v -0.146212 0.056302 -0.060608
v -0.142078 0.065879 -0.056569
v -0.142504 0.065864 -0.056143
v -0.142379 0.065874 -0.056444
v -0.126758 0.056306 -0.060732
v -0.126336 0.056292 -0.060310
v -0.126460 0.056302 -0.060608
v -0.130168 0.065864 -0.056143
v -0.130595 0.065879 -0.056569
v -0.130293 0.065874 -0.056444
v -0.145914 0.055620 -0.040743
v -0.146336 0.055635 -0.041165
v -0.146212 0.055625 -0.040867
v -0.142504 0.065470 -0.044667
v -0.142078 0.065456 -0.044241
v -0.142379 0.065460 -0.044365
v -0.126336 0.055635 -0.041165
v -0.126758 0.055620 -0.040743
v -0.126460 0.055625 -0.040867
v -0.130595 0.065456 -0.044241
v -0.130168 0.065470 -0.044667
v -0.130293 0.065460 -0.044365
v -0.129020 0.066219 -0.058130
v -0.128596 0.066205 -0.057707
v -0.128720 0.066216 -0.058006
v -0.128596 0.065703 -0.043083
v -0.129020 0.065688 -0.042659
v -0.128720 0.065694 -0.042783
v -0.143653 0.065688 -0.042659
v -0.144076 0.065703 -0.043083
v -0.143952 0.065694 -0.042783
v -0.144076 0.066205 -0.057707
v -0.143653 0.066219 -0.058130
v -0.143952 0.066216 -0.058006
v -0.109436 0.056306 -0.060732
v -0.109436 0.065879 -0.056569
v -0.109436 0.055620 -0.040743
v -0.109436 0.065456 -0.044241
v -0.099436 0.055963 -0.050737
v -0.103268 0.065667 -0.050405
v -0.119436 0.055963 -0.050737
v -0.115604 0.065667 -0.050405
v -0.109436 0.065289 -0.050418
v -0.109436 0.055963 -0.050737
v -0.109436 0.066155 -0.058132
v -0.101696 0.065889 -0.050397
v -0.109436 0.065624 -0.042662
v -0.117176 0.065889 -0.050397
v -0.119436 0.056292 -0.060310
v -0.119014 0.056306 -0.060732
v -0.119312 0.056302 -0.060608
v -0.115178 0.065879 -0.056569
v -0.115604 0.065864 -0.056143
v -0.115479 0.065874 -0.056444
v -0.099858 0.056306 -0.060732
v -0.099436 0.056292 -0.060310
v -0.099560 0.056302 -0.060608
v -0.103268 0.065864 -0.056143
v -0.103695 0.065879 -0.056569
v -0.103393 0.065874 -0.056444
v -0.119014 0.055620 -0.040743
v -0.119436 0.055635 -0.041165
v -0.119312 0.055625 -0.040867
v -0.115604 0.065470 -0.044667
v -0.115178 0.065456 -0.044241
v -0.115479 0.065460 -0.044365
v -0.099436 0.055635 -0.041165
v -0.099858 0.055620 -0.040743
v -0.099560 0.055625 -0.040867
v -0.103695 0.065456 -0.044241
v -0.103268 0.065470 -0.044667
v -0.103393 0.065460 -0.044365
v -0.102120 0.066219 -0.058130
v -0.101696 0.066205 -0.057707
v -0.101820 0.066216 -0.058006
v -0.101696 0.065703 -0.043083
v -0.102120 0.065688 -0.042659
v -0.101820 0.065694 -0.042783
v -0.116753 0.065688 -0.042659
v -0.117176 0.065703 -0.043083
v -0.117052 0.065694 -0.042783
v -0.117176 0.066205 -0.057707
v -0.116753 0.066219 -0.058130
v -0.117052 0.066216 -0.058006
v -0.082536 0.056306 -0.060732
v -0.082536 0.065879 -0.056569
v -0.082536 0.055620 -0.040743
v -0.082536 0.065456 -0.044241
v -0.072536 0.055963 -0.050737
v -0.076368 0.065667 -0.050405
v -0.092536 0.055963 -0.050737
v -0.088704 0.065667 -0.050405
v -0.082536 0.065289 -0.050418
v -0.082536 0.055963 -0.050737
v -0.082536 0.066155 -0.058132
v -0.074796 0.065889 -0.050397
v -0.082536 0.065624 -0.042662
v -0.090276 0.065889 -0.050397
v -0.092536 0.056292 -0.060310
v -0.092114 0.056306 -0.060732
v -0.092412 0.056302 -0.060608
v -0.088278 0.065879 -0.056569
v -0.088704 0.065864 -0.056143
v -0.088579 0.065874 -0.056444
v -0.072958 0.056306 -0.060732
v -0.072536 0.056292 -0.060310
v -0.072660 0.056302 -0.060608
v -0.076368 0.065864 -0.056143
v -0.076795 0.065879 -0.056569
v -0.076493 0.065874 -0.056444
v -0.092114 0.055620 -0.040743
v -0.092536 0.055635 -0.041165
v -0.092412 0.055625 -0.040867
v -0.088704 0.065470 -0.044667
v -0.088278 0.065456 -0.044241
v -0.088579 0.065460 -0.044365
v -0.072536 0.055635 -0.041165
v -0.072958 0.055620 -0.040743
v -0.072660 0.055625 -0.040867
v -0.076795 0.065456 -0.044241
v -0.076368 0.065470 -0.044667
v -0.076493 0.065460 -0.044365
v -0.075220 0.066219 -0.058130
v -0.074796 0.066205 -0.057707
v -0.074920 0.066216 -0.058006
v -0.074796 0.065703 -0.043083
v -0.075220 0.065688 -0.042659
v -0.074920 0.065694 -0.042783
v -0.089853 0.065688 -0.042659
v -0.090276 0.065703 -0.043083
v -0.090152 0.065694 -0.042783
v -0.090276 0.066205 -0.057707
v -0.089853 0.066219 -0.058130
v -0.090152 0.066216 -0.058006
v -0.055636 0.056306 -0.060732
v -0.055636 0.065879 -0.056569
v -0.055636 0.055620 -0.040743
v -0.055636 0.065456 -0.044241
v -0.045636 0.055963 -0.050737
v -0.049468 0.065667 -0.050405
v -0.065636 0.055963 -0.050737
v -0.061804 0.065667 -0.050405
v -0.055636 0.065289 -0.050418
v -0.055636 0.055963 -0.050737
v -0.055636 0.066155 -0.058132
v -0.047896 0.065889 -0.050397
v -0.055636 0.065624 -0.042662
v -0.063376 0.065889 -0.050397
v -0.065636 0.056292 -0.060310
v -0.065214 0.056306 -0.060732
v -0.065512 0.056302 -0.060608
v -0.061378 0.065879 -0.056569
v -0.061804 0.065864 -0.056143
v -0.061679 0.065874 -0.056444
v -0.046058 0.056306 -0.060732
v -0.045636 0.056292 -0.060310
v -0.045760 0.056302 -0.060608
v -0.049468 0.065864 -0.056143
v -0.049895 0.065879 -0.056569
v -0.049593 0.065874 -0.056444
v -0.065214 0.055620 -0.040743
v -0.065636 0.055635 -0.041165
v -0.065512 0.055625 -0.040867
v -0.061804 0.065470 -0.044667
v -0.061378 0.065456 -0.044241
v -0.061679 0.065460 -0.044365
v -0.045636 0.055635 -0.041165
v -0.046058 0.055620 -0.040743
v -0.045760 0.055625 -0.040867
v -0.049895 0.065456 -0.044241
v -0.049468 0.065470 -0.044667
v -0.049593 0.065460 -0.044365
v -0.048320 0.066219 -0.058130
v -0.047896 0.066205 -0.057707
v -0.048020 0.066216 -0.058006
v -0.047896 0.065703 -0.043083
v -0.048320 0.065688 -0.042659
v -0.048020 0.065694 -0.042783
v -0.062953 0.065688 -0.042659
v -0.063376 0.065703 -0.043083
v -0.063252 0.065694 -0.042783
v -0.063376 0.066205 -0.057707
v -0.062953 0.066219 -0.058130
v -0.063252 0.066216 -0.058006
v -0.028736 0.056306 -0.060732
v -0.028736 0.065879 -0.056569
v -0.028736 0.055620 -0.040743
v -0.028736 0.065456 -0.044241
v -0.018736 0.055963 -0.050738
v -0.022568 0.065667 -0.050405
v -0.038736 0.055963 -0.050737
v -0.034904 0.065667 -0.050405
v -0.028736 0.065289 -0.050418
v -0.028736 0.055963 -0.050738
v -0.028736 0.066155 -0.058132
v -0.020996 0.065889 -0.050397
v -0.028736 0.065624 -0.042662
v -0.036476 0.065889 -0.050397
v -0.038736 0.056292 -0.060310
v -0.038314 0.056306 -0.060732
v -0.038612 0.056302 -0.060608
v -0.034478 0.065879 -0.056569
v -0.034904 0.065864 -0.056143
v -0.034779 0.065874 -0.056444
v -0.019158 0.056306 -0.060732
v -0.018736 0.056292 -0.060310
v -0.018860 0.056302 -0.060608
v -0.022568 0.065864 -0.056143
v -0.022995 0.065879 -0.056569
v -0.022693 0.065874 -0.056444
v -0.038314 0.055620 -0.040743
v -0.038736 0.055635 -0.041165
v -0.038612 0.055625 -0.040867
v -0.034904 0.065470 -0.044667
v -0.034478 0.065456 -0.044241
v -0.034779 0.065460 -0.044365
v -0.018736 0.055635 -0.041165
v -0.019158 0.055620 -0.040743
v -0.018860 0.055625 -0.040867
v -0.022995 0.065456 -0.044241
v -0.022568 0.065470 -0.044667
v -0.022693 0.065460 -0.044365
v -0.021420 0.066219 -0.058130
v -0.020996 0.066205 -0.057707
v -0.021120 0.066216 -0.058006
v -0.020996 0.065703 -0.043083
v -0.021420 0.065688 -0.042659
v -0.021120 0.065694 -0.042783
v -0.036053 0.065688 -0.042659
v -0.036476 0.065703 -0.043083
v -0.036352 0.065694 -0.042783
v -0.036476 0.066205 -0.057707
v -0.036053 0.066219 -0.058130
v -0.036352 0.066216 -0.058006
v -0.001836 0.056306 -0.060732
v -0.001836 0.065879 -0.056569
v -0.001836 0.055620 -0.040743
v -0.001836 0.065456 -0.044241
v 0.008164 0.055963 -0.050738
v 0.004332 0.065667 -0.050405
v -0.011836 0.055963 -0.050738
v -0.008004 0.065667 -0.050405
v -0.001836 0.065289 -0.050418
v -0.001836 0.055963 -0.050738
v -0.001836 0.066155 -0.058132
v 0.005904 0.065889 -0.050397
v -0.001836 0.065624 -0.042662
v -0.009576 0.065889 -0.050397
v -0.011836 0.056292 -0.060310
v -0.011414 0.056306 -0.060732
v -0.011712 0.056302 -0.060608
v -0.007578 0.065879 -0.056569
v -0.008004 0.065864 -0.056143
v -0.007879 0.065874 -0.056444
v 0.007742 0.056306 -0.060732
v 0.008164 0.056292 -0.060310
v 0.008040 0.056302 -0.060608
v 0.004332 0.065864 -0.056143
v 0.003905 0.065879 -0.056569
v 0.004207 0.065874 -0.056444
v -0.011414 0.055620 -0.040743
v -0.011836 0.055635 -0.041165
v -0.011712 0.055625 -0.040867
v -0.008004 0.065470 -0.044667
v -0.007578 0.065456 -0.044241
v -0.007879 0.065460 -0.044365
v 0.008164 0.055635 -0.041165
v 0.007742 0.055620 -0.040743
v 0.008040 0.055625 -0.040867
v 0.003905 0.065456 -0.044241
v 0.004332 0.065470 -0.044667
v 0.004207 0.065460 -0.044365
v 0.005480 0.066219 -0.058130
v 0.005904 0.066205 -0.057707
v 0.005780 0.066216 -0.058006
v 0.005904 0.065703 -0.043083
v 0.005480 0.065688 -0.042660
v 0.005780 0.065694 -0.042783
v -0.009153 0.065688 -0.042659
v -0.009576 0.065703 -0.043083
v -0.009452 0.065694 -0.042783
v -0.009576 0.066205 -0.057707
v -0.009153 0.066219 -0.058130
v -0.009452 0.066216 -0.058006
v -0.277260 0.057216 -0.087263
v -0.277260 0.066789 -0.083100
v -0.277260 0.056531 -0.067274
v -0.277260 0.066366 -0.070772
v -0.267260 0.056873 -0.077269
v -0.271092 0.066577 -0.076936
v -0.287260 0.056873 -0.077269
v -0.283428 0.066577 -0.076936
v -0.277260 0.066199 -0.076949
v -0.277260 0.056873 -0.077269
v -0.277260 0.067065 -0.084663
v -0.269520 0.066799 -0.076928
v -0.277260 0.066534 -0.069193
v -0.285000 0.066799 -0.076928
v -0.287260 0.057202 -0.086841
v -0.286838 0.057216 -0.087263
v -0.287136 0.057212 -0.087139
v -0.283001 0.066789 -0.083100
v -0.283428 0.066774 -0.082674
v -0.283303 0.066785 -0.082975
v -0.267682 0.057216 -0.087263
v -0.267260 0.057202 -0.086841
v -0.267384 0.057212 -0.087139
v -0.271092 0.066774 -0.082674
v -0.271519 0.066789 -0.083100
v -0.271217 0.066785 -0.082975
v -0.286838 0.056531 -0.067274
v -0.287260 0.056545 -0.067696
v -0.287136 0.056535 -0.067398
v -0.283428 0.066381 -0.071198
v -0.283001 0.066366 -0.070772
v -0.283303 0.066370 -0.070896
v -0.267260 0.056545 -0.067696
v -0.267682 0.056531 -0.067274
v -0.267384 0.056535 -0.067398
v -0.271519 0.066366 -0.070772
v -0.271092 0.066381 -0.071198
v -0.271217 0.066370 -0.070896
v -0.269944 0.067129 -0.084661
v -0.269520 0.067115 -0.084238
v -0.269644 0.067127 -0.084537
v -0.269520 0.066613 -0.069614
v -0.269944 0.066598 -0.069191
v -0.269644 0.066604 -0.069314
v -0.284576 0.066598 -0.069191
v -0.285000 0.066613 -0.069614
v -0.284876 0.066604 -0.069314
v -0.285000 0.067115 -0.084238
v -0.284576 0.067129 -0.084661
v -0.284876 0.067127 -0.084537
v -0.250360 0.057216 -0.087263
v -0.250360 0.066789 -0.083100
v -0.250360 0.056531 -0.067274
v -0.250360 0.066366 -0.070772
v -0.240360 0.056873 -0.077269
v -0.244192 0.066577 -0.076936
v -0.260360 0.056873 -0.077269
v -0.256528 0.066577 -0.076936
v -0.250360 0.066199 -0.076949
v -0.250360 0.056873 -0.077269
v -0.250360 0.067065 -0.084663
v -0.242620 0.066799 -0.076928
v -0.250360 0.066534 -0.069193
v -0.258100 0.066799 -0.076928
v -0.260360 0.057202 -0.086841
v -0.259938 0.057216 -0.087263
v -0.260236 0.057212 -0.087139
v -0.256101 0.066789 -0.083100
v -0.256528 0.066774 -0.082674
v -0.256403 0.066785 -0.082975
v -0.240782 0.057216 -0.087263
v -0.240360 0.057202 -0.086841
v -0.240484 0.057212 -0.087139
v -0.244192 0.066774 -0.082674
v -0.244619 0.066789 -0.083100
v -0.244317 0.066785 -0.082975
v -0.259938 0.056531 -0.067274
v -0.260360 0.056545 -0.067696
v -0.260236 0.056535 -0.067398
v -0.256528 0.066381 -0.071198
v -0.256101 0.066366 -0.070772
v -0.256403 0.066370 -0.070896
v -0.240360 0.056545 -0.067697
v -0.240782 0.056531 -0.067274
v -0.240484 0.056535 -0.067398
v -0.244619 0.066366 -0.070772
v -0.244192 0.066381 -0.071198
v -0.244317 0.066370 -0.070896
v -0.243043 0.067129 -0.084661
v -0.242620 0.067115 -0.084238
v -0.242744 0.067127 -0.084537
v -0.242620 0.066613 -0.069614
v -0.243043 0.066598 -0.069191
v -0.242744 0.066604 -0.069314
v -0.257676 0.066598 -0.069191
v -0.258100 0.066613 -0.069614
v -0.257976 0.066604 -0.069314
v -0.258100 0.067115 -0.084238
v -0.257676 0.067129 -0.084661
v -0.257976 0.067127 -0.084537
v -0.223460 0.057216 -0.087263
v -0.223460 0.066789 -0.083100
v -0.223460 0.056531 -0.067274
v -0.223460 0.066366 -0.070772
v -0.213460 0.056873 -0.077269
v -0.217292 0.066577 -0.076936
v -0.233460 0.056873 -0.077269
v -0.229628 0.066577 -0.076936
v -0.223460 0.066199 -0.076949
v -0.223460 0.056873 -0.077269
v -0.223460 0.067065 -0.084663
v -0.215720 0.066799 -0.076928
v -0.223460 0.066534 -0.069193
v -0.231200 0.066799 -0.076928
v -0.233460 0.057202 -0.086841
v -0.233038 0.057216 -0.087263
v -0.233336 0.057212 -0.087139
v -0.229201 0.066789 -0.083100
v -0.229628 0.066774 -0.082674
v -0.229503 0.066785 -0.082975
v -0.213882 0.057216 -0.087263
v -0.213460 0.057202 -0.086841
v -0.213584 0.057212 -0.087139
v -0.217292 0.066774 -0.082674
v -0.217719 0.066789 -0.083100
v -0.217417 0.066785 -0.082975
v -0.233038 0.056531 -0.067274
v -0.233460 0.056545 -0.067697
v -0.233336 0.056535 -0.067398
v -0.229628 0.066381 -0.071198
v -0.229201 0.066366 -0.070772
v -0.229503 0.066370 -0.070896
v -0.213460 0.056545 -0.067697
v -0.213882 0.056531 -0.067274
v -0.213584 0.056535 -0.067398
v -0.217719 0.066366 -0.070772
v -0.217292 0.066381 -0.071198
v -0.217417 0.066370 -0.070896
v -0.216143 0.067129 -0.084661
v -0.215720 0.067115 -0.084238
v -0.215844 0.067127 -0.084537
v -0.215720 0.066613 -0.069614
v -0.216143 0.066598 -0.069191
v -0.215844 0.066604 -0.069314
v -0.230776 0.066598 -0.069191
v -0.231200 0.066613 -0.069614
v -0.231076 0.066604 -0.069314
v -0.231200 0.067115 -0.084238
v -0.230776 0.067129 -0.084661
v -0.231076 0.067127 -0.084537
v -0.196560 0.057216 -0.087263
v -0.196560 0.066789 -0.083100
v -0.196560 0.056531 -0.067274
v -0.196560 0.066366 -0.070772
v -0.186560 0.056873 -0.077269
v -0.190392 0.066577 -0.076936
v -0.206560 0.056873 -0.077269
v -0.202728 0.066577 -0.076936
v -0.196560 0.066199 -0.076949
v -0.196560 0.056873 -0.077269
v -0.196560 0.067065 -0.084663
v -0.188820 0.066799 -0.076928
v -0.196560 0.066534 -0.069193
v -0.204300 0.066799 -0.076928
v -0.206560 0.057202 -0.086841
v -0.206138 0.057216 -0.087263
v -0.206436 0.057212 -0.087139
v -0.202301 0.066789 -0.083100
v -0.202728 0.066774 -0.082674
v -0.202603 0.066785 -0.082975
v -0.186982 0.057216 -0.087263
v -0.186560 0.057202 -0.086841
v -0.186684 0.057212 -0.087139
v -0.190392 0.066774 -0.082674
v -0.190818 0.066789 -0.083100
v -0.190517 0.066785 -0.082975
v -0.206138 0.056531 -0.067274
v -0.206560 0.056545 -0.067697
v -0.206436 0.056535 -0.067398
v -0.202728 0.066381 -0.071198
v -0.202301 0.066366 -0.070772
v -0.202603 0.066370 -0.070896
v -0.186560 0.056545 -0.067697
v -0.186982 0.056531 -0.067274
v -0.186684 0.056535 -0.067398
v -0.190818 0.066366 -0.070772
v -0.190392 0.066381 -0.071198
v -0.190517 0.066370 -0.070896
v -0.189243 0.067129 -0.084661
v -0.188820 0.067115 -0.084238
v -0.188944 0.067127 -0.084537
v -0.188820 0.066613 -0.069614
v -0.189243 0.066598 -0.069191
v -0.188944 0.066604 -0.069314
v -0.203876 0.066598 -0.069191
v -0.204300 0.066613 -0.069614
v -0.204176 0.066604 -0.069314
v -0.204300 0.067115 -0.084238
v -0.203876 0.067129 -0.084661
v -0.204176 0.067127 -0.084537
v -0.169660 0.057216 -0.087263
v -0.169660 0.066789 -0.083100
v -0.169660 0.056531 -0.067274
v -0.169660 0.066366 -0.070772
v -0.159660 0.056873 -0.077269
v -0.163492 0.066577 -0.076936
v -0.179660 0.056873 -0.077269
v -0.175828 0.066577 -0.076936
v -0.169660 0.066199 -0.076949
v -0.169660 0.056873 -0.077269
v -0.169660 0.067065 -0.084663
v -0.161920 0.066799 -0.076928
v -0.169660 0.066534 -0.069193
v -0.177400 0.066799 -0.076928
v -0.179660 0.057202 -0.086841
v -0.179238 0.057216 -0.087263
v -0.179536 0.057212 -0.087139
v -0.175401 0.066789 -0.083100
v -0.175828 0.066774 -0.082674
v -0.175703 0.066785 -0.082975
v -0.160082 0.057216 -0.087263
v -0.159660 0.057202 -0.086841
v -0.159784 0.057212 -0.087139
v -0.163492 0.066774 -0.082674
v -0.163918 0.066789 -0.083100
v -0.163617 0.066785 -0.082975
v -0.179238 0.056531 -0.067274
v -0.179660 0.056545 -0.067697
v -0.179536 0.056535 -0.067398
v -0.175828 0.066381 -0.071198
v -0.175401 0.066366 -0.070772
v -0.175703 0.066370 -0.070896
v -0.159660 0.056545 -0.067697
v -0.160082 0.056531 -0.067274
v -0.159784 0.056535 -0.067398
v -0.163918 0.066366 -0.070772
v -0.163492 0.066381 -0.071198
v -0.163617 0.066370 -0.070896
v -0.162343 0.067129 -0.084661
v -0.161920 0.067115 -0.084238
v -0.162044 0.067127 -0.084537
v -0.161920 0.066613 -0.069614
v -0.162343 0.066598 -0.069191
v -0.162044 0.066604 -0.069314
v -0.176976 0.066598 -0.069191
v -0.177400 0.066613 -0.069614
v -0.177276 0.066604 -0.069314
v -0.177400 0.067115 -0.084238
v -0.176976 0.067129 -0.084661
v -0.177276 0.067127 -0.084537
v -0.142760 0.057216 -0.087263
v -0.142760 0.066789 -0.083100
v -0.142760 0.056531 -0.067274
v -0.142760 0.066366 -0.070772
v -0.132760 0.056873 -0.077269
v -0.136592 0.066577 -0.076936
v -0.152760 0.056873 -0.077269
v -0.148928 0.066577 -0.076936
v -0.142760 0.066199 -0.076949
v -0.142760 0.056873 -0.077269
v -0.142760 0.067065 -0.084663
v -0.135020 0.066799 -0.076928
v -0.142760 0.066534 -0.069193
v -0.150500 0.066799 -0.076928
v -0.152760 0.057202 -0.086841
v -0.152338 0.057216 -0.087263
v -0.152636 0.057212 -0.087139
v -0.148501 0.066789 -0.083100
v -0.148928 0.066774 -0.082674
v -0.148803 0.066785 -0.082975
v -0.133182 0.057216 -0.087263
v -0.132760 0.057202 -0.086841
v -0.132884 0.057212 -0.087139
v -0.136592 0.066774 -0.082674
v -0.137018 0.066789 -0.083100
v -0.136717 0.066785 -0.082975
v -0.152338 0.056531 -0.067274
v -0.152760 0.056545 -0.067697
v -0.152636 0.056535 -0.067398
v -0.148928 0.066381 -0.071198
v -0.148501 0.066366 -0.070772
v -0.148803 0.066370 -0.070896
v -0.132760 0.056545 -0.067697
v -0.133182 0.056531 -0.067274
v -0.132884 0.056535 -0.067398
v -0.137018 0.066366 -0.070772
v -0.136592 0.066381 -0.071198
v -0.136717 0.066370 -0.070896
v -0.135443 0.067129 -0.084661
v -0.135020 0.067115 -0.084238
v -0.135144 0.067127 -0.084537
v -0.135020 0.066613 -0.069614
v -0.135443 0.066598 -0.069191
v -0.135144 0.066604 -0.069314
v -0.150076 0.066598 -0.069191
v -0.150500 0.066613 -0.069614
v -0.150376 0.066604 -0.069314
v -0.150500 0.067115 -0.084238
v -0.150076 0.067129 -0.084661
v -0.150376 0.067127 -0.084537
v -0.115860 0.057216 -0.087263
v -0.115860 0.066789 -0.083100
v -0.115860 0.056531 -0.067274
v -0.115860 0.066366 -0.070772
v -0.105860 0.056873 -0.077269
v -0.109692 0.066577 -0.076936
v -0.125860 0.056873 -0.077269
v -0.122028 0.066577 -0.076936
v -0.115860 0.066199 -0.076949
v -0.115860 0.056873 -0.077269
v -0.115860 0.067065 -0.084663
v -0.108120 0.066799 -0.076928
v -0.115860 0.066534 -0.069193
v -0.123600 0.066799 -0.076928
v -0.125860 0.057202 -0.086841
v -0.125438 0.057216 -0.087263
v -0.125736 0.057212 -0.087139
v -0.121601 0.066789 -0.083100
v -0.122028 0.066774 -0.082674
v -0.121903 0.066785 -0.082975
v -0.106282 0.057216 -0.087263
v -0.105860 0.057202 -0.086841
v -0.105984 0.057212 -0.087139
v -0.109692 0.066774 -0.082674
v -0.110118 0.066789 -0.083100
v -0.109817 0.066785 -0.082975
v -0.125438 0.056531 -0.067274
v -0.125860 0.056545 -0.067697
v -0.125736 0.056535 -0.067398
v -0.122028 0.066381 -0.071198
v -0.121601 0.066366 -0.070772
v -0.121903 0.066370 -0.070896
v -0.105860 0.056545 -0.067697
v -0.106282 0.056531 -0.067274
v -0.105984 0.056535 -0.067398
v -0.110118 0.066366 -0.070772
v -0.109692 0.066381 -0.071198
v -0.109817 0.066370 -0.070896
v -0.108543 0.067129 -0.084661
v -0.108120 0.067115 -0.084238
v -0.108244 0.067127 -0.084537
v -0.108120 0.066613 -0.069614
v -0.108543 0.066598 -0.069191
v -0.108244 0.066604 -0.069314
v -0.123176 0.066598 -0.069191
v -0.123600 0.066613 -0.069614
v -0.123476 0.066604 -0.069314
v -0.123600 0.067115 -0.084238
v -0.123176 0.067129 -0.084661
v -0.123476 0.067127 -0.084537
v -0.088960 0.057216 -0.087263
v -0.088960 0.066789 -0.083100
v -0.088960 0.056531 -0.067274
v -0.088960 0.066366 -0.070772
v -0.078960 0.056873 -0.077269
v -0.082792 0.066577 -0.076936
v -0.098960 0.056873 -0.077269
v -0.095128 0.066577 -0.076936
v -0.088960 0.066199 -0.076949
v -0.088960 0.056873 -0.077269
v -0.088960 0.067065 -0.084663
v -0.081220 0.066799 -0.076928
v -0.088960 0.066534 -0.069193
v -0.096700 0.066799 -0.076928
v -0.098960 0.057202 -0.086841
v -0.098538 0.057216 -0.087263
v -0.098836 0.057212 -0.087139
v -0.094701 0.066789 -0.083100
v -0.095128 0.066774 -0.082674
v -0.095003 0.066785 -0.082975
v -0.079382 0.057216 -0.087263
v -0.078960 0.057202 -0.086841
v -0.079084 0.057212 -0.087139
v -0.082792 0.066774 -0.082674
v -0.083218 0.066789 -0.083100
v -0.082917 0.066785 -0.082975
v -0.098538 0.056531 -0.067274
v -0.098960 0.056545 -0.067697
v -0.098836 0.056535 -0.067398
v -0.095128 0.066381 -0.071198
v -0.094701 0.066366 -0.070772
v -0.095003 0.066370 -0.070896
v -0.078960 0.056545 -0.067697
v -0.079382 0.056531 -0.067274
v -0.079084 0.056535 -0.067398
v -0.083218 0.066366 -0.070772
v -0.082792 0.066381 -0.071198
v -0.082917 0.066370 -0.070896
v -0.081643 0.067129 -0.084661
v -0.081220 0.067115 -0.084238
v -0.081344 0.067127 -0.084537
v -0.081220 0.066613 -0.069614
v -0.081643 0.066598 -0.069191
v -0.081344 0.066604 -0.069314
v -0.096276 0.066598 -0.069191
v -0.096700 0.066613 -0.069614
v -0.096576 0.066604 -0.069314
v -0.096700 0.067115 -0.084238
v -0.096276 0.067129 -0.084661
v -0.096576 0.067127 -0.084537
v -0.062060 0.057216 -0.087263
v -0.062060 0.066789 -0.083100
v -0.062060 0.056531 -0.067274
v -0.062060 0.066366 -0.070772
v -0.052060 0.056873 -0.077269
v -0.055892 0.066577 -0.076936
v -0.072060 0.056873 -0.077269
v -0.068228 0.066577 -0.076936
v -0.062060 0.066199 -0.076949
v -0.062060 0.056873 -0.077269
v -0.062060 0.067065 -0.084663
v -0.054320 0.066799 -0.076928
v -0.062060 0.066534 -0.069193
v -0.069800 0.066799 -0.076928
v -0.072060 0.057202 -0.086841
v -0.071638 0.057216 -0.087263
v -0.071936 0.057212 -0.087139
v -0.067801 0.066789 -0.083100
v -0.068228 0.066774 -0.082674
v -0.068103 0.066785 -0.082975
v -0.052482 0.057216 -0.087263
v -0.052060 0.057202 -0.086841
v -0.052184 0.057212 -0.087139
v -0.055892 0.066774 -0.082674
v -0.056318 0.066789 -0.083100
v -0.056017 0.066785 -0.082975
v -0.071638 0.056531 -0.067274
v -0.072060 0.056545 -0.067697
v -0.071936 0.056535 -0.067398
v -0.068228 0.066381 -0.071198
v -0.067801 0.066366 -0.070772
v -0.068103 0.066370 -0.070896
v -0.052060 0.056545 -0.067697
v -0.052482 0.056531 -0.067274
v -0.052184 0.056535 -0.067398
v -0.056318 0.066366 -0.070772
v -0.055892 0.066381 -0.071198
v -0.056017 0.066370 -0.070896
v -0.054743 0.067129 -0.084661
v -0.054320 0.067115 -0.084238
v -0.054444 0.067127 -0.084537
v -0.054320 0.066613 -0.069614
v -0.054743 0.066598 -0.069191
v -0.054444 0.066604 -0.069314
v -0.069376 0.066598 -0.069191
v -0.069800 0.066613 -0.069614
v -0.069676 0.066604 -0.069314
v -0.069800 0.067115 -0.084238
v -0.069376 0.067129 -0.084661
v -0.069676 0.067127 -0.084537
v -0.035160 0.057216 -0.087263
v -0.035160 0.066789 -0.083100
v -0.035160 0.056531 -0.067274
v -0.035160 0.066366 -0.070772
v -0.025160 0.056873 -0.077269
v -0.028992 0.066577 -0.076936
v -0.045160 0.056873 -0.077269
v -0.041327 0.066577 -0.076936
v -0.035160 0.066199 -0.076949
v -0.035160 0.056873 -0.077269
v -0.035160 0.067065 -0.084663
v -0.027420 0.066799 -0.076928
v -0.035160 0.066534 -0.069193
v -0.042900 0.066799 -0.076928
v -0.045160 0.057202 -0.086841
v -0.044738 0.057216 -0.087263
v -0.045036 0.057212 -0.087139
v -0.040901 0.066789 -0.083100
v -0.041327 0.066774 -0.082674
v -0.041203 0.066785 -0.082975
v -0.025582 0.057216 -0.087263
v -0.025160 0.057202 -0.086841
v -0.025284 0.057212 -0.087139
v -0.028992 0.066774 -0.082674
v -0.029418 0.066789 -0.083100
v -0.029117 0.066785 -0.082975
v -0.044738 0.056531 -0.067274
v -0.045160 0.056545 -0.067697
v -0.045036 0.056535 -0.067398
v -0.041327 0.066381 -0.071198
v -0.040901 0.066366 -0.070772
v -0.041203 0.066370 -0.070896
v -0.025160 0.056545 -0.067697
v -0.025582 0.056531 -0.067274
v -0.025284 0.056535 -0.067398
v -0.029418 0.066366 -0.070772
v -0.028992 0.066381 -0.071198
v -0.029117 0.066370 -0.070896
v -0.027843 0.067129 -0.084661
v -0.027420 0.067115 -0.084238
v -0.027544 0.067127 -0.084537
v -0.027420 0.066613 -0.069614
v -0.027843 0.066598 -0.069191
v -0.027544 0.066604 -0.069314
v -0.042476 0.066598 -0.069191
v -0.042900 0.066613 -0.069614
v -0.042776 0.066604 -0.069314
v -0.042900 0.067115 -0.084238
v -0.042476 0.067129 -0.084661
v -0.042776 0.067127 -0.084537
v -0.008260 0.057216 -0.087263
v -0.008260 0.066789 -0.083100
v -0.008260 0.056531 -0.067274
v -0.008260 0.066366 -0.070772
v 0.001740 0.056873 -0.077269
v -0.002092 0.066577 -0.076936
v -0.018260 0.056873 -0.077269
v -0.014427 0.066577 -0.076936
v -0.008260 0.066199 -0.076949
v -0.008260 0.056873 -0.077269
v -0.008260 0.067065 -0.084663
v -0.000520 0.066799 -0.076928
v -0.008260 0.066534 -0.069193
v -0.016000 0.066799 -0.076928
v -0.018260 0.057202 -0.086841
v -0.017837 0.057216 -0.087263
v -0.018136 0.057212 -0.087139
v -0.014001 0.066789 -0.083100
v -0.014427 0.066774 -0.082674
v -0.014303 0.066785 -0.082975
v 0.001318 0.057216 -0.087263
v 0.001740 0.057202 -0.086841
v 0.001617 0.057212 -0.087139
v -0.002092 0.066774 -0.082674
v -0.002518 0.066789 -0.083100
v -0.002217 0.066785 -0.082975
v -0.017837 0.056531 -0.067274
v -0.018260 0.056545 -0.067697
v -0.018136 0.056535 -0.067398
v -0.014427 0.066381 -0.071198
v -0.014001 0.066366 -0.070772
v -0.014303 0.066370 -0.070896
v 0.001740 0.056545 -0.067697
v 0.001318 0.056531 -0.067274
v 0.001617 0.056535 -0.067398
v -0.002518 0.066366 -0.070772
v -0.002092 0.066381 -0.071198
v -0.002217 0.066370 -0.070896
v -0.000943 0.067129 -0.084661
v -0.000520 0.067115 -0.084238
v -0.000644 0.067127 -0.084537
v -0.000520 0.066613 -0.069614
v -0.000943 0.066598 -0.069191
v -0.000644 0.066604 -0.069314
v -0.015576 0.066598 -0.069191
v -0.016000 0.066613 -0.069614
v -0.015876 0.066604 -0.069314
v -0.016000 0.067115 -0.084238
v -0.015576 0.067129 -0.084661
v -0.015876 0.067127 -0.084537
v 0.018640 0.057216 -0.087263
v 0.018640 0.066789 -0.083100
v 0.018640 0.056531 -0.067274
v 0.018640 0.066366 -0.070772
v 0.028640 0.056873 -0.077269
v 0.024808 0.066577 -0.076936
v 0.008640 0.056873 -0.077269
v 0.012473 0.066577 -0.076936
v 0.018640 0.066199 -0.076949
v 0.018640 0.056873 -0.077269
v 0.018640 0.067065 -0.084663
v 0.026380 0.066799 -0.076928
v 0.018640 0.066534 -0.069193
v 0.010900 0.066799 -0.076928
v 0.008640 0.057202 -0.086841
v 0.009063 0.057216 -0.087263
v 0.008764 0.057212 -0.087139
v 0.012899 0.066789 -0.083100
v 0.012473 0.066774 -0.082674
v 0.012597 0.066785 -0.082975
v 0.028218 0.057216 -0.087263
v 0.028640 0.057202 -0.086841
v 0.028517 0.057212 -0.087139
v 0.024808 0.066774 -0.082674
v 0.024382 0.066789 -0.083100
v 0.024683 0.066785 -0.082975
v 0.009063 0.056531 -0.067274
v 0.008640 0.056545 -0.067697
v 0.008764 0.056535 -0.067398
v 0.012473 0.066381 -0.071198
v 0.012899 0.066366 -0.070772
v 0.012597 0.066370 -0.070896
v 0.028640 0.056545 -0.067697
v 0.028218 0.056531 -0.067274
v 0.028517 0.056535 -0.067398
v 0.024382 0.066366 -0.070772
v 0.024808 0.066381 -0.071198
v 0.024683 0.066370 -0.070896
v 0.025957 0.067129 -0.084661
v 0.026380 0.067115 -0.084238
v 0.026256 0.067127 -0.084537
v 0.026380 0.066613 -0.069614
v 0.025957 0.066598 -0.069191
v 0.026256 0.066604 -0.069314
v 0.011324 0.066598 -0.069191
v 0.010900 0.066613 -0.069614
v 0.011024 0.066604 -0.069314
v 0.010900 0.067115 -0.084238
v 0.011324 0.067129 -0.084661
v 0.011024 0.067127 -0.084537
v -0.257441 0.055384 -0.033860
v -0.257441 0.064957 -0.029697
v -0.257441 0.054698 -0.013872
v -0.257441 0.064534 -0.017369
v -0.247441 0.055041 -0.023866
v -0.251273 0.064745 -0.023533
v -0.267441 0.055041 -0.023866
v -0.263609 0.064745 -0.023533
v -0.257441 0.064367 -0.023546
v -0.257441 0.055041 -0.023866
v -0.257441 0.065233 -0.031261
v -0.249701 0.064967 -0.023525
v -0.257441 0.064702 -0.015790
v -0.265181 0.064967 -0.023525
v -0.267441 0.055370 -0.033438
v -0.267019 0.055384 -0.033860
v -0.267317 0.055380 -0.033736
v -0.263183 0.064957 -0.029697
v -0.263609 0.064942 -0.029271
v -0.263484 0.064953 -0.029572
v -0.247863 0.055384 -0.033860
v -0.247441 0.055370 -0.033438
v -0.247565 0.055380 -0.033736
v -0.251273 0.064942 -0.029271
v -0.251700 0.064957 -0.029697
v -0.251398 0.064953 -0.029572
v -0.267019 0.054698 -0.013872
v -0.267441 0.054713 -0.014294
v -0.267317 0.054703 -0.013995
v -0.263609 0.064549 -0.017795
v -0.263183 0.064534 -0.017369
v -0.263484 0.064538 -0.017494
v -0.247441 0.054713 -0.014294
v -0.247863 0.054698 -0.013872
v -0.247565 0.054703 -0.013995
v -0.251700 0.064534 -0.017369
v -0.251273 0.064549 -0.017795
v -0.251398 0.064538 -0.017494
v -0.250125 0.065297 -0.031258
v -0.249701 0.065283 -0.030835
v -0.249825 0.065294 -0.031134
v -0.249701 0.064781 -0.016211
v -0.250125 0.064766 -0.015788
v -0.249825 0.064772 -0.015912
v -0.264758 0.064766 -0.015788
v -0.265181 0.064781 -0.016211
v -0.265057 0.064772 -0.015912
v -0.265181 0.065283 -0.030835
v -0.264758 0.065297 -0.031258
v -0.265057 0.065294 -0.031134
v -0.230541 0.055384 -0.033860
v -0.230541 0.064957 -0.029697
v -0.230541 0.054698 -0.013872
v -0.230541 0.064534 -0.017369
v -0.220541 0.055041 -0.023866
v -0.224373 0.064745 -0.023533
v -0.240541 0.055041 -0.023866
v -0.236709 0.064745 -0.023533
v -0.230541 0.064367 -0.023546
v -0.230541 0.055041 -0.023866
v -0.230541 0.065233 -0.031261
v -0.222801 0.064967 -0.023525
v -0.230541 0.064702 -0.015790
v -0.238281 0.064967 -0.023525
v -0.240541 0.055370 -0.033438
v -0.240119 0.055384 -0.033860
v -0.240417 0.055380 -0.033736
v -0.236283 0.064957 -0.029697
v -0.236709 0.064942 -0.029271
v -0.236584 0.064953 -0.029572
v -0.220963 0.055384 -0.033860
v -0.220541 0.055370 -0.033438
v -0.220665 0.055380 -0.033736
v -0.224373 0.064942 -0.029271
v -0.224800 0.064957 -0.029697
v -0.224498 0.064953 -0.029572
v -0.240119 0.054698 -0.013872
v -0.240541 0.054713 -0.014294
v -0.240417 0.054703 -0.013995
v -0.236709 0.064549 -0.017795
v -0.236283 0.064534 -0.017369
v -0.236584 0.064538 -0.017494
v -0.220541 0.054713 -0.014294
v -0.220963 0.054698 -0.013872
v -0.220665 0.054703 -0.013995
v -0.224800 0.064534 -0.017369
v -0.224373 0.064549 -0.017795
v -0.224498 0.064538 -0.017494
v -0.223225 0.065297 -0.031258
v -0.222801 0.065283 -0.030835
v -0.222925 0.065294 -0.031134
v -0.222801 0.064781 -0.016211
v -0.223225 0.064766 -0.015788
v -0.222925 0.064772 -0.015912
v -0.237858 0.064766 -0.015788
v -0.238281 0.064781 -0.016211
v -0.238157 0.064772 -0.015912
v -0.238281 0.065283 -0.030835
v -0.237858 0.065297 -0.031258
v -0.238157 0.065294 -0.031134
v -0.203641 0.055384 -0.033860
v -0.203641 0.064957 -0.029697
v -0.203641 0.054698 -0.013872
v -0.203641 0.064534 -0.017369
v -0.193641 0.055041 -0.023866
v -0.197473 0.064745 -0.023533
v -0.213641 0.055041 -0.023866
v -0.209809 0.064745 -0.023533
v -0.203641 0.064367 -0.023546
v -0.203641 0.055041 -0.023866
v -0.203641 0.065233 -0.031261
v -0.195901 0.064967 -0.023525
v -0.203641 0.064702 -0.015790
v -0.211381 0.064967 -0.023525
v -0.213641 0.055370 -0.033438
v -0.213219 0.055384 -0.033860
v -0.213517 0.055380 -0.033736
v -0.209383 0.064957 -0.029697
v -0.209809 0.064942 -0.029271
v -0.209684 0.064953 -0.029572
v -0.194063 0.055384 -0.033860
v -0.193641 0.055370 -0.033438
v -0.193765 0.055380 -0.033736
v -0.197473 0.064942 -0.029271
v -0.197900 0.064957 -0.029697
v -0.197598 0.064953 -0.029572
v -0.213219 0.054698 -0.013872
v -0.213641 0.054713 -0.014294
v -0.213517 0.054703 -0.013995
v -0.209809 0.064549 -0.017795
v -0.209383 0.064534 -0.017369
v -0.209684 0.064538 -0.017494
v -0.193641 0.054713 -0.014294
v -0.194063 0.054698 -0.013872
v -0.193765 0.054703 -0.013995
v -0.197900 0.064534 -0.017369
v -0.197473 0.064549 -0.017795
v -0.197598 0.064538 -0.017494
v -0.196325 0.065297 -0.031258
v -0.195901 0.065283 -0.030835
v -0.196025 0.065294 -0.031134
v -0.195901 0.064781 -0.016211
v -0.196325 0.064766 -0.015788
v -0.196025 0.064772 -0.015912
v -0.210958 0.064766 -0.015788
v -0.211381 0.064781 -0.016211
v -0.211257 0.064772 -0.015912
v -0.211381 0.065283 -0.030835
v -0.210958 0.065297 -0.031258
v -0.211257 0.065294 -0.031134
v -0.176741 0.055384 -0.033860
v -0.176741 0.064957 -0.029697
v -0.176741 0.054698 -0.013872
v -0.176741 0.064534 -0.017369
v -0.166741 0.055041 -0.023866
v -0.170573 0.064745 -0.023533
v -0.186741 0.055041 -0.023866
v -0.182909 0.064745 -0.023533
v -0.176741 0.064367 -0.023546
v -0.176741 0.055041 -0.023866
v -0.176741 0.065233 -0.031261
v -0.169001 0.064967 -0.023525
v -0.176741 0.064702 -0.015790
v -0.184481 0.064967 -0.023525
v -0.186741 0.055370 -0.033438
v -0.186319 0.055384 -0.033860
v -0.186617 0.055380 -0.033736
v -0.182483 0.064957 -0.029697
v -0.182909 0.064942 -0.029271
v -0.182784 0.064953 -0.029572
v -0.167163 0.055384 -0.033860
v -0.166741 0.055370 -0.033438
v -0.166865 0.055380 -0.033736
v -0.170573 0.064942 -0.029271
v -0.171000 0.064957 -0.029697
v -0.170698 0.064953 -0.029572
v -0.186319 0.054698 -0.013872
v -0.186741 0.054713 -0.014294
v -0.186617 0.054703 -0.013995
v -0.182909 0.064549 -0.017795
v -0.182483 0.064534 -0.017369
v -0.182784 0.064538 -0.017494
v -0.166741 0.054713 -0.014294
v -0.167163 0.054698 -0.013872
v -0.166865 0.054703 -0.013995
v -0.171000 0.064534 -0.017369
v -0.170573 0.064549 -0.017795
v -0.170698 0.064538 -0.017494
v -0.169425 0.065297 -0.031258
v -0.169001 0.065283 -0.030835
v -0.169125 0.065294 -0.031134
v -0.169001 0.064781 -0.016211
v -0.169425 0.064766 -0.015788
v -0.169125 0.064772 -0.015912
v -0.184058 0.064766 -0.015788
v -0.184481 0.064781 -0.016211
v -0.184357 0.064772 -0.015912
v -0.184481 0.065283 -0.030835
v -0.184058 0.065297 -0.031258
v -0.184357 0.065294 -0.031134
v -0.149841 0.055384 -0.033860
v -0.149841 0.064957 -0.029697
v -0.149841 0.054698 -0.013872
v -0.149841 0.064534 -0.017369
v -0.139841 0.055041 -0.023866
v -0.143673 0.064745 -0.023533
v -0.159841 0.055041 -0.023866
v -0.156009 0.064745 -0.023533
v -0.149841 0.064367 -0.023546
v -0.149841 0.055041 -0.023866
v -0.149841 0.065233 -0.031261
v -0.142101 0.064967 -0.023525
v -0.149841 0.064702 -0.015790
v -0.157581 0.064967 -0.023525
v -0.159841 0.055370 -0.033438
v -0.159419 0.055384 -0.033860
v -0.159717 0.055380 -0.033736
v -0.155583 0.064957 -0.029697
v -0.156009 0.064942 -0.029271
v -0.155884 0.064953 -0.029572
v -0.140263 0.055384 -0.033860
v -0.139841 0.055370 -0.033438
v -0.139965 0.055380 -0.033736
v -0.143673 0.064942 -0.029271
v -0.144100 0.064957 -0.029697
v -0.143798 0.064953 -0.029572
v -0.159419 0.054698 -0.013872
v -0.159841 0.054713 -0.014294
v -0.159717 0.054703 -0.013995
v -0.156009 0.064549 -0.017795
v -0.155583 0.064534 -0.017369
v -0.155884 0.064538 -0.017494
v -0.139841 0.054713 -0.014294
v -0.140263 0.054698 -0.013872
v -0.139965 0.054703 -0.013995
v -0.144100 0.064534 -0.017369
v -0.143673 0.064549 -0.017795
v -0.143798 0.064538 -0.017494
v -0.142525 0.065297 -0.031258
v -0.142101 0.065283 -0.030835
v -0.142225 0.065294 -0.031134
v -0.142101 0.064781 -0.016211
v -0.142525 0.064766 -0.015788
v -0.142225 0.064772 -0.015912
v -0.157158 0.064766 -0.015788
v -0.157581 0.064781 -0.016211
v -0.157457 0.064772 -0.015912
v -0.157581 0.065283 -0.030835
v -0.157158 0.065297 -0.031258
v -0.157457 0.065294 -0.031134
v -0.122941 0.055384 -0.033860
v -0.122941 0.064957 -0.029697
v -0.122941 0.054698 -0.013872
v -0.122941 0.064534 -0.017369
v -0.112941 0.055041 -0.023866
v -0.116773 0.064745 -0.023533
v -0.132941 0.055041 -0.023866
v -0.129109 0.064745 -0.023533
v -0.122941 0.064367 -0.023546
v -0.122941 0.055041 -0.023866
v -0.122941 0.065233 -0.031261
v -0.115201 0.064967 -0.023525
v -0.122941 0.064702 -0.015790
v -0.130681 0.064967 -0.023525
v -0.132941 0.055370 -0.033438
v -0.132519 0.055384 -0.033860
v -0.132817 0.055380 -0.033736
v -0.128683 0.064957 -0.029697
v -0.129109 0.064942 -0.029271
v -0.128984 0.064953 -0.029572
v -0.113363 0.055384 -0.033860
v -0.112941 0.055370 -0.033438
v -0.113065 0.055380 -0.033736
v -0.116773 0.064942 -0.029271
v -0.117200 0.064957 -0.029697
v -0.116898 0.064953 -0.029572
v -0.132519 0.054698 -0.013872
v -0.132941 0.054713 -0.014294
v -0.132817 0.054703 -0.013995
v -0.129109 0.064549 -0.017795
v -0.128683 0.064534 -0.017369
v -0.128984 0.064538 -0.017494
v -0.112941 0.054713 -0.014294
v -0.113363 0.054698 -0.013872
v -0.113065 0.054703 -0.013995
v -0.117200 0.064534 -0.017369
v -0.116773 0.064549 -0.017795
v -0.116898 0.064538 -0.017494
v -0.115625 0.065297 -0.031258
v -0.115201 0.065283 -0.030835
v -0.115325 0.065294 -0.031134
v -0.115201 0.064781 -0.016211
v -0.115625 0.064766 -0.015788
v -0.115325 0.064772 -0.015912
v -0.130258 0.064766 -0.015788
v -0.130681 0.064781 -0.016211
v -0.130557 0.064772 -0.015912
v -0.130681 0.065283 -0.030835
v -0.130258 0.065297 -0.031258
v -0.130557 0.065294 -0.031134
v -0.096041 0.055384 -0.033860
v -0.096041 0.064957 -0.029697
v -0.096041 0.054698 -0.013872
v -0.096041 0.064534 -0.017369
v -0.086041 0.055041 -0.023866
v -0.089873 0.064745 -0.023533
v -0.106041 0.055041 -0.023866
v -0.102209 0.064745 -0.023533
v -0.096041 0.064367 -0.023546
v -0.096041 0.055041 -0.023866
v -0.096041 0.065233 -0.031261
v -0.088301 0.064967 -0.023525
v -0.096041 0.064702 -0.015790
v -0.103781 0.064967 -0.023525
v -0.106041 0.055370 -0.033438
v -0.105619 0.055384 -0.033860
v -0.105917 0.055380 -0.033736
v -0.101783 0.064957 -0.029697
v -0.102209 0.064942 -0.029271
v -0.102084 0.064953 -0.029572
v -0.086463 0.055384 -0.033860
v -0.086041 0.055370 -0.033438
v -0.086165 0.055380 -0.033736
v -0.089873 0.064942 -0.029271
v -0.090300 0.064957 -0.029697
v -0.089998 0.064953 -0.029572
v -0.105619 0.054698 -0.013872
v -0.106041 0.054713 -0.014294
v -0.105917 0.054703 -0.013995
v -0.102209 0.064549 -0.017795
v -0.101783 0.064534 -0.017369
v -0.102084 0.064538 -0.017494
v -0.086041 0.054713 -0.014294
v -0.086463 0.054698 -0.013872
v -0.086165 0.054703 -0.013995
v -0.090300 0.064534 -0.017369
v -0.089873 0.064549 -0.017795
v -0.089998 0.064538 -0.017494
v -0.088725 0.065297 -0.031258
v -0.088301 0.065283 -0.030835
v -0.088425 0.065294 -0.031134
v -0.088301 0.064781 -0.016211
v -0.088725 0.064766 -0.015788
v -0.088425 0.064772 -0.015912
v -0.103358 0.064766 -0.015788
v -0.103781 0.064781 -0.016211
v -0.103657 0.064772 -0.015912
v -0.103781 0.065283 -0.030835
v -0.103358 0.065297 -0.031258
v -0.103657 0.065294 -0.031134
v -0.069141 0.055384 -0.033860
v -0.069141 0.064957 -0.029697
v -0.069141 0.054698 -0.013872
v -0.069141 0.064534 -0.017369
v -0.059141 0.055041 -0.023866
v -0.062973 0.064745 -0.023533
v -0.079141 0.055041 -0.023866
v -0.075309 0.064745 -0.023533
v -0.069141 0.064367 -0.023546
v -0.069141 0.055041 -0.023866
v -0.069141 0.065233 -0.031261
v -0.061401 0.064967 -0.023525
v -0.069141 0.064702 -0.015790
v -0.076881 0.064967 -0.023525
v -0.079141 0.055370 -0.033438
v -0.078719 0.055384 -0.033860
v -0.079017 0.055380 -0.033736
v -0.074882 0.064957 -0.029697
v -0.075309 0.064942 -0.029271
v -0.075184 0.064953 -0.029572
v -0.059563 0.055384 -0.033860
v -0.059141 0.055370 -0.033438
v -0.059265 0.055380 -0.033736
v -0.062973 0.064942 -0.029271
v -0.063400 0.064957 -0.029697
v -0.063098 0.064953 -0.029572
v -0.078719 0.054698 -0.013872
v -0.079141 0.054713 -0.014294
v -0.079017 0.054703 -0.013995
v -0.075309 0.064549 -0.017795
v -0.074882 0.064534 -0.017369
v -0.075184 0.064538 -0.017494
v -0.059141 0.054713 -0.014294
v -0.059563 0.054698 -0.013872
v -0.059265 0.054703 -0.013995
v -0.063400 0.064534 -0.017369
v -0.062973 0.064549 -0.017795
v -0.063098 0.064538 -0.017494
v -0.061825 0.065297 -0.031258
v -0.061401 0.065283 -0.030835
v -0.061525 0.065294 -0.031134
v -0.061401 0.064781 -0.016211
v -0.061825 0.064766 -0.015788
v -0.061525 0.064772 -0.015912
v -0.076458 0.064766 -0.015788
v -0.076881 0.064781 -0.016211
v -0.076757 0.064772 -0.015912
v -0.076881 0.065283 -0.030835
v -0.076458 0.065297 -0.031258
v -0.076757 0.065294 -0.031134
v -0.042241 0.055384 -0.033860
v -0.042241 0.064957 -0.029697
v -0.042241 0.054698 -0.013872
v -0.042241 0.064534 -0.017369
v -0.032241 0.055041 -0.023866
v -0.036073 0.064745 -0.023533
v -0.052241 0.055041 -0.023866
v -0.048409 0.064745 -0.023533
v -0.042241 0.064367 -0.023546
v -0.042241 0.055041 -0.023866
v -0.042241 0.065233 -0.031261
v -0.034501 0.064967 -0.023525
v -0.042241 0.064702 -0.015790
v -0.049981 0.064967 -0.023525
v -0.052241 0.055370 -0.033438
v -0.051819 0.055384 -0.033860
v -0.052117 0.055380 -0.033736
v -0.047982 0.064957 -0.029697
v -0.048409 0.064942 -0.029271
v -0.048284 0.064953 -0.029572
v -0.032663 0.055384 -0.033860
v -0.032241 0.055370 -0.033438
v -0.032365 0.055380 -0.033736
v -0.036073 0.064942 -0.029271
v -0.036500 0.064957 -0.029697
v -0.036198 0.064953 -0.029572
v -0.051819 0.054698 -0.013872
v -0.052241 0.054713 -0.014294
v -0.052117 0.054703 -0.013995
v -0.048409 0.064549 -0.017795
v -0.047982 0.064534 -0.017369
v -0.048284 0.064538 -0.017494
v -0.032241 0.054713 -0.014294
v -0.032663 0.054698 -0.013872
v -0.032365 0.054703 -0.013995
v -0.036500 0.064534 -0.017369
v -0.036073 0.064549 -0.017795
v -0.036198 0.064538 -0.017494
v -0.034925 0.065297 -0.031258
v -0.034501 0.065283 -0.030835
v -0.034625 0.065294 -0.031134
v -0.034501 0.064781 -0.016211
v -0.034925 0.064766 -0.015788
v -0.034625 0.064772 -0.015912
v -0.049557 0.064766 -0.015788
v -0.049981 0.064781 -0.016211
v -0.049857 0.064772 -0.015912
v -0.049981 0.065283 -0.030835
v -0.049557 0.065297 -0.031258
v -0.049857 0.065294 -0.031134
v -0.015341 0.055384 -0.033860
v -0.015341 0.064957 -0.029697
v -0.015341 0.054698 -0.013872
v -0.015341 0.064534 -0.017369
v -0.005341 0.055041 -0.023866
v -0.009173 0.064745 -0.023533
v -0.025341 0.055041 -0.023866
v -0.021509 0.064745 -0.023533
v -0.015341 0.064367 -0.023546
v -0.015341 0.055041 -0.023866
v -0.015341 0.065233 -0.031261
v -0.007601 0.064967 -0.023525
v -0.015341 0.064702 -0.015790
v -0.023081 0.064967 -0.023525
v -0.025341 0.055370 -0.033438
v -0.024919 0.055384 -0.033860
v -0.025217 0.055380 -0.033736
v -0.021082 0.064957 -0.029697
v -0.021509 0.064942 -0.029271
v -0.021384 0.064953 -0.029572
v -0.005763 0.055384 -0.033860
v -0.005341 0.055370 -0.033438
v -0.005465 0.055380 -0.033736
v -0.009173 0.064942 -0.029271
v -0.009600 0.064957 -0.029697
v -0.009298 0.064953 -0.029572
v -0.024919 0.054698 -0.013872
v -0.025341 0.054713 -0.014294
v -0.025217 0.054703 -0.013995
v -0.021509 0.064549 -0.017795
v -0.021082 0.064534 -0.017369
v -0.021384 0.064538 -0.017494
v -0.005341 0.054713 -0.014294
v -0.005763 0.054698 -0.013872
v -0.005465 0.054703 -0.013995
v -0.009600 0.064534 -0.017369
v -0.009173 0.064549 -0.017795
v -0.009298 0.064538 -0.017494
v -0.008025 0.065297 -0.031258
v -0.007601 0.065283 -0.030835
v -0.007725 0.065294 -0.031134
v -0.007601 0.064781 -0.016211
v -0.008025 0.064766 -0.015788
v -0.007725 0.064772 -0.015912
v -0.022657 0.064766 -0.015788
v -0.023081 0.064781 -0.016211
v -0.022957 0.064772 -0.015912
v -0.023081 0.065283 -0.030835
v -0.022657 0.065297 -0.031258
v -0.022957 0.065294 -0.031134
v -0.290497 0.058137 -0.114086
v -0.290497 0.067709 -0.109923
v -0.290497 0.057451 -0.094097
v -0.290497 0.067286 -0.097595
v -0.280497 0.057794 -0.104091
v -0.284329 0.067498 -0.103759
v -0.300497 0.057794 -0.104091
v -0.296665 0.067498 -0.103759
v -0.290497 0.067119 -0.103772
v -0.290497 0.057794 -0.104091
v -0.290497 0.067985 -0.111486
v -0.282757 0.067720 -0.103751
v -0.290497 0.067454 -0.096016
v -0.298237 0.067720 -0.103751
v -0.300497 0.058122 -0.113664
v -0.300075 0.058137 -0.114086
v -0.300373 0.058132 -0.113962
v -0.296238 0.067709 -0.109923
v -0.296665 0.067695 -0.109497
v -0.296540 0.067705 -0.109798
v -0.280919 0.058137 -0.114086
v -0.280497 0.058122 -0.113664
v -0.280621 0.058132 -0.113962
v -0.284329 0.067695 -0.109497
v -0.284755 0.067709 -0.109923
v -0.284454 0.067705 -0.109798
v -0.300075 0.057451 -0.094097
v -0.300497 0.057465 -0.094519
v -0.300373 0.057455 -0.094221
v -0.296665 0.067301 -0.098021
v -0.296238 0.067286 -0.097595
v -0.296540 0.067290 -0.097719
v -0.280497 0.057465 -0.094519
v -0.280919 0.057451 -0.094097
v -0.280621 0.057455 -0.094221
v -0.284755 0.067286 -0.097595
v -0.284329 0.067301 -0.098021
v -0.284454 0.067290 -0.097719
v -0.283180 0.068049 -0.111484
v -0.282757 0.068035 -0.111061
v -0.282881 0.068047 -0.111360
v -0.282757 0.067533 -0.096437
v -0.283180 0.067519 -0.096013
v -0.282881 0.067524 -0.096137
v -0.297813 0.067519 -0.096013
v -0.298237 0.067533 -0.096437
v -0.298113 0.067524 -0.096137
v -0.298237 0.068035 -0.111061
v -0.297813 0.068049 -0.111484
v -0.298113 0.068047 -0.111360
v -0.263597 0.058137 -0.114086
v -0.263597 0.067709 -0.109923
v -0.263597 0.057451 -0.094097
v -0.263597 0.067286 -0.097595
v -0.253597 0.057794 -0.104091
v -0.257429 0.067498 -0.103759
v -0.273597 0.057794 -0.104091
v -0.269765 0.067498 -0.103759
v -0.263597 0.067119 -0.103772
v -0.263597 0.057794 -0.104091
v -0.263597 0.067985 -0.111486
v -0.255857 0.067720 -0.103751
v -0.263597 0.067454 -0.096016
v -0.271337 0.067720 -0.103751
v -0.273597 0.058122 -0.113664
v -0.273175 0.058137 -0.114086
v -0.273473 0.058132 -0.113962
v -0.269338 0.067709 -0.109923
v -0.269765 0.067695 -0.109497
v -0.269640 0.067705 -0.109798
v -0.254019 0.058137 -0.114086
v -0.253597 0.058122 -0.113664
v -0.253721 0.058132 -0.113962
v -0.257429 0.067695 -0.109497
v -0.257855 0.067709 -0.109923
v -0.257554 0.067705 -0.109798
v -0.273175 0.057451 -0.094097
v -0.273597 0.057465 -0.094519
v -0.273473 0.057455 -0.094221
v -0.269765 0.067301 -0.098021
v -0.269338 0.067286 -0.097595
v -0.269640 0.067290 -0.097719
v -0.253597 0.057465 -0.094519
v -0.254019 0.057451 -0.094097
v -0.253721 0.057455 -0.094221
v -0.257855 0.067286 -0.097595
v -0.257429 0.067301 -0.098021
v -0.257554 0.067290 -0.097719
v -0.256280 0.068049 -0.111484
v -0.255857 0.068035 -0.111061
v -0.255981 0.068047 -0.111360
v -0.255857 0.067533 -0.096437
v -0.256280 0.067519 -0.096013
v -0.255981 0.067524 -0.096137
v -0.270913 0.067519 -0.096013
v -0.271337 0.067533 -0.096437
v -0.271213 0.067524 -0.096137
v -0.271337 0.068035 -0.111061
v -0.270913 0.068049 -0.111484
v -0.271213 0.068047 -0.111360
v -0.236697 0.058137 -0.114086
v -0.236697 0.067709 -0.109923
v -0.236697 0.057451 -0.094097
v -0.236697 0.067286 -0.097595
v -0.226697 0.057794 -0.104091
v -0.230529 0.067498 -0.103759
v -0.246697 0.057794 -0.104091
v -0.242865 0.067498 -0.103759
v -0.236697 0.067119 -0.103772
v -0.236697 0.057794 -0.104091
v -0.236697 0.067985 -0.111486
v -0.228957 0.067720 -0.103751
v -0.236697 0.067454 -0.096016
v -0.244437 0.067720 -0.103751
v -0.246697 0.058122 -0.113664
v -0.246275 0.058137 -0.114086
v -0.246573 0.058132 -0.113962
v -0.242438 0.067709 -0.109923
v -0.242865 0.067695 -0.109497
v -0.242740 0.067705 -0.109798
v -0.227119 0.058137 -0.114086
v -0.226697 0.058122 -0.113664
v -0.226820 0.058132 -0.113962
v -0.230529 0.067695 -0.109497
v -0.230955 0.067709 -0.109923
v -0.230654 0.067705 -0.109798
v -0.246274 0.057451 -0.094097
v -0.246697 0.057465 -0.094519
v -0.246573 0.057455 -0.094221
v -0.242865 0.067301 -0.098021
v -0.242438 0.067286 -0.097595
v -0.242740 0.067290 -0.097719
v -0.226697 0.057465 -0.094519
v -0.227119 0.057451 -0.094097
v -0.226820 0.057455 -0.094221
v -0.230955 0.067286 -0.097595
v -0.230529 0.067301 -0.098021
v -0.230654 0.067290 -0.097719
v -0.229380 0.068049 -0.111484
v -0.228957 0.068035 -0.111061
v -0.229081 0.068047 -0.111360
v -0.228957 0.067533 -0.096437
v -0.229380 0.067519 -0.096013
v -0.229081 0.067524 -0.096137
v -0.244013 0.067519 -0.096013
v -0.244437 0.067533 -0.096437
v -0.244313 0.067524 -0.096137
v -0.244437 0.068035 -0.111061
v -0.244013 0.068049 -0.111484
v -0.244313 0.068047 -0.111360
v -0.209797 0.058137 -0.114086
v -0.209797 0.067709 -0.109923
v -0.209797 0.057451 -0.094097
v -0.209797 0.067286 -0.097595
v -0.199797 0.057794 -0.104092
v -0.203629 0.067498 -0.103759
v -0.219797 0.057794 -0.104091
v -0.215964 0.067498 -0.103759
v -0.209797 0.067119 -0.103772
v -0.209797 0.057794 -0.104091
v -0.209797 0.067985 -0.111486
v -0.202057 0.067720 -0.103751
v -0.209797 0.067454 -0.096016
v -0.217537 0.067720 -0.103751
v -0.219797 0.058122 -0.113664
v -0.219374 0.058137 -0.114086
v -0.219673 0.058132 -0.113962
v -0.215538 0.067709 -0.109923
v -0.215964 0.067695 -0.109497
v -0.215840 0.067705 -0.109798
v -0.200219 0.058137 -0.114086
v -0.199797 0.058122 -0.113664
v -0.199920 0.058132 -0.113962
v -0.203629 0.067695 -0.109497
v -0.204055 0.067709 -0.109923
v -0.203754 0.067705 -0.109798
v -0.219374 0.057451 -0.094097
v -0.219797 0.057465 -0.094519
v -0.219673 0.057455 -0.094221
v -0.215964 0.067301 -0.098021
v -0.215538 0.067286 -0.097595
v -0.215840 0.067290 -0.097719
v -0.199797 0.057465 -0.094519
v -0.200219 0.057451 -0.094097
v -0.199920 0.057455 -0.094221
v -0.204055 0.067286 -0.097595
v -0.203629 0.067301 -0.098021
v -0.203754 0.067290 -0.097719
v -0.202480 0.068049 -0.111484
v -0.202057 0.068035 -0.111061
v -0.202181 0.068047 -0.111360
v -0.202057 0.067533 -0.096437
v -0.202480 0.067519 -0.096014
v -0.202181 0.067524 -0.096137
v -0.217113 0.067519 -0.096014
v -0.217537 0.067533 -0.096437
v -0.217413 0.067524 -0.096137
v -0.217537 0.068035 -0.111061
v -0.217113 0.068049 -0.111484
v -0.217413 0.068047 -0.111360
v -0.182897 0.058137 -0.114086
v -0.182897 0.067709 -0.109923
v -0.182897 0.057451 -0.094097
v -0.182897 0.067286 -0.097595
v -0.172897 0.057794 -0.104092
v -0.176729 0.067498 -0.103759
v -0.192897 0.057794 -0.104092
v -0.189064 0.067498 -0.103759
v -0.182897 0.067119 -0.103772
v -0.182897 0.057794 -0.104092
v -0.182897 0.067985 -0.111486
v -0.175157 0.067720 -0.103751
v -0.182897 0.067454 -0.096016
v -0.190637 0.067720 -0.103751
v -0.192897 0.058122 -0.113664
v -0.192474 0.058137 -0.114086
v -0.192773 0.058132 -0.113962
v -0.188638 0.067709 -0.109923
v -0.189064 0.067695 -0.109497
v -0.188940 0.067705 -0.109798
v -0.173319 0.058137 -0.114086
v -0.172897 0.058122 -0.113664
v -0.173020 0.058132 -0.113962
v -0.176729 0.067695 -0.109497
v -0.177155 0.067709 -0.109923
v -0.176854 0.067705 -0.109798
v -0.192474 0.057451 -0.094097
v -0.192897 0.057465 -0.094519
v -0.192773 0.057455 -0.094221
v -0.189064 0.067301 -0.098021
v -0.188638 0.067286 -0.097595
v -0.188940 0.067290 -0.097719
v -0.172897 0.057465 -0.094519
v -0.173319 0.057451 -0.094097
v -0.173020 0.057455 -0.094221
v -0.177155 0.067286 -0.097595
v -0.176729 0.067301 -0.098021
v -0.176854 0.067290 -0.097719
v -0.175580 0.068049 -0.111484
v -0.175157 0.068035 -0.111061
v -0.175281 0.068047 -0.111360
v -0.175157 0.067533 -0.096437
v -0.175580 0.067519 -0.096014
v -0.175281 0.067524 -0.096137
v -0.190213 0.067519 -0.096014
v -0.190637 0.067533 -0.096437
v -0.190513 0.067524 -0.096137
v -0.190637 0.068035 -0.111061
v -0.190213 0.068049 -0.111484
v -0.190513 0.068047 -0.111360
v -0.155997 0.058137 -0.114086
v -0.155997 0.067709 -0.109923
v -0.155997 0.057451 -0.094097
v -0.155997 0.067286 -0.097595
v -0.145997 0.057794 -0.104092
v -0.149829 0.067498 -0.103759
v -0.165997 0.057794 -0.104092
v -0.162164 0.067498 -0.103759
v -0.155997 0.067119 -0.103772
v -0.155997 0.057794 -0.104092
v -0.155997 0.067985 -0.111486
v -0.148257 0.067720 -0.103751
v -0.155997 0.067454 -0.096016
v -0.163737 0.067720 -0.103751
v -0.165997 0.058122 -0.113664
v -0.165574 0.058137 -0.114086
v -0.165873 0.058132 -0.113962
v -0.161738 0.067709 -0.109923
v -0.162164 0.067695 -0.109497
v -0.162040 0.067705 -0.109798
v -0.146419 0.058137 -0.114086
v -0.145997 0.058122 -0.113664
v -0.146120 0.058132 -0.113962
v -0.149829 0.067695 -0.109497
v -0.150255 0.067709 -0.109923
v -0.149954 0.067705 -0.109798
v -0.165574 0.057451 -0.094097
v -0.165997 0.057465 -0.094519
v -0.165873 0.057455 -0.094221
v -0.162164 0.067301 -0.098021
v -0.161738 0.067286 -0.097595
v -0.162040 0.067290 -0.097719
v -0.145997 0.057465 -0.094519
v -0.146419 0.057451 -0.094097
v -0.146120 0.057455 -0.094221
v -0.150255 0.067286 -0.097595
v -0.149829 0.067301 -0.098021
v -0.149954 0.067290 -0.097719
v -0.148680 0.068049 -0.111484
v -0.148257 0.068035 -0.111061
v -0.148381 0.068047 -0.111360
v -0.148257 0.067533 -0.096437
v -0.148680 0.067519 -0.096014
v -0.148381 0.067524 -0.096137
v -0.163313 0.067519 -0.096014
v -0.163737 0.067533 -0.096437
v -0.163613 0.067524 -0.096137
v -0.163737 0.068035 -0.111061
v -0.163313 0.068049 -0.111484
v -0.163613 0.068047 -0.111360
v -0.129097 0.058137 -0.114086
v -0.129097 0.067709 -0.109923
v -0.129097 0.057451 -0.094097
v -0.129097 0.067286 -0.097595
v -0.119097 0.057794 -0.104092
v -0.122929 0.067498 -0.103759
v -0.139097 0.057794 -0.104092
v -0.135264 0.067498 -0.103759
v -0.129097 0.067119 -0.103772
v -0.129097 0.057794 -0.104092
v -0.129097 0.067985 -0.111486
v -0.121357 0.067720 -0.103751
v -0.129097 0.067454 -0.096016
v -0.136837 0.067720 -0.103751
v -0.139097 0.058122 -0.113664
v -0.138674 0.058137 -0.114086
v -0.138973 0.058132 -0.113962
v -0.134838 0.067709 -0.109923
v -0.135264 0.067695 -0.109497
v -0.135140 0.067705 -0.109798
v -0.119519 0.058137 -0.114086
v -0.119097 0.058122 -0.113664
v -0.119220 0.058132 -0.113962
v -0.122929 0.067695 -0.109497
v -0.123355 0.067709 -0.109923
v -0.123054 0.067705 -0.109798
v -0.138674 0.057451 -0.094097
v -0.139097 0.057465 -0.094519
v -0.138973 0.057455 -0.094221
v -0.135264 0.067301 -0.098021
v -0.134838 0.067286 -0.097595
v -0.135140 0.067290 -0.097719
v -0.119097 0.057465 -0.094519
v -0.119519 0.057451 -0.094097
v -0.119220 0.057455 -0.094221
v -0.123355 0.067286 -0.097595
v -0.122929 0.067301 -0.098021
v -0.123054 0.067290 -0.097719
v -0.121780 0.068049 -0.111484
v -0.121357 0.068035 -0.111061
v -0.121481 0.068047 -0.111360
v -0.121357 0.067533 -0.096437
v -0.121780 0.067519 -0.096014
v -0.121481 0.067524 -0.096137
v -0.136413 0.067519 -0.096014
v -0.136837 0.067533 -0.096437
v -0.136713 0.067524 -0.096137
v -0.136837 0.068035 -0.111061
v -0.136413 0.068049 -0.111484
v -0.136713 0.068047 -0.111360
v -0.102197 0.058137 -0.114086
v -0.102197 0.067709 -0.109923
v -0.102197 0.057451 -0.094097
v -0.102197 0.067286 -0.097595
v -0.092197 0.057794 -0.104092
v -0.096029 0.067498 -0.103759
v -0.112197 0.057794 -0.104092
v -0.108364 0.067498 -0.103759
v -0.102197 0.067119 -0.103772
v -0.102197 0.057794 -0.104092
v -0.102197 0.067985 -0.111486
v -0.094457 0.067720 -0.103751
v -0.102197 0.067454 -0.096016
v -0.109937 0.067720 -0.103751
v -0.112197 0.058122 -0.113664
v -0.111774 0.058137 -0.114086
v -0.112073 0.058132 -0.113962
v -0.107938 0.067709 -0.109923
v -0.108364 0.067695 -0.109497
v -0.108240 0.067705 -0.109798
v -0.092619 0.058137 -0.114086
v -0.092197 0.058122 -0.113664
v -0.092320 0.058132 -0.113962
v -0.096029 0.067695 -0.109497
v -0.096455 0.067709 -0.109923
v -0.096154 0.067705 -0.109798
v -0.111774 0.057451 -0.094097
v -0.112197 0.057465 -0.094519
v -0.112073 0.057455 -0.094221
v -0.108364 0.067301 -0.098021
v -0.107938 0.067286 -0.097595
v -0.108240 0.067290 -0.097719
v -0.092197 0.057465 -0.094519
v -0.092619 0.057451 -0.094097
v -0.092320 0.057455 -0.094221
v -0.096455 0.067286 -0.097595
v -0.096029 0.067301 -0.098021
v -0.096154 0.067290 -0.097719
v -0.094880 0.068049 -0.111484
v -0.094457 0.068035 -0.111061
v -0.094581 0.068047 -0.111360
v -0.094457 0.067533 -0.096437
v -0.094880 0.067519 -0.096014
v -0.094581 0.067524 -0.096137
v -0.109513 0.067519 -0.096014
v -0.109937 0.067533 -0.096437
v -0.109813 0.067524 -0.096137
v -0.109937 0.068035 -0.111061
v -0.109513 0.068049 -0.111484
v -0.109813 0.068047 -0.111360
v -0.075297 0.058137 -0.114086
v -0.075297 0.067709 -0.109923
v -0.075297 0.057451 -0.094097
v -0.075297 0.067286 -0.097595
v -0.065297 0.057794 -0.104092
v -0.069129 0.067498 -0.103759
v -0.085297 0.057794 -0.104092
v -0.081464 0.067498 -0.103759
v -0.075297 0.067119 -0.103772
v -0.075297 0.057794 -0.104092
v -0.075297 0.067985 -0.111486
v -0.067557 0.067720 -0.103751
v -0.075297 0.067454 -0.096016
v -0.083037 0.067720 -0.103751
v -0.085297 0.058122 -0.113664
v -0.084874 0.058137 -0.114086
v -0.085173 0.058132 -0.113962
v -0.081038 0.067709 -0.109923
v -0.081464 0.067695 -0.109497
v -0.081340 0.067705 -0.109798
v -0.065719 0.058137 -0.114086
v -0.065297 0.058122 -0.113664
v -0.065420 0.058132 -0.113962
v -0.069129 0.067695 -0.109497
v -0.069555 0.067709 -0.109923
v -0.069254 0.067705 -0.109798
v -0.084874 0.057451 -0.094097
v -0.085297 0.057465 -0.094519
v -0.085173 0.057455 -0.094221
v -0.081464 0.067301 -0.098021
v -0.081038 0.067286 -0.097595
v -0.081340 0.067290 -0.097719
v -0.065297 0.057465 -0.094519
v -0.065719 0.057451 -0.094097
v -0.065420 0.057455 -0.094221
v -0.069555 0.067286 -0.097595
v -0.069129 0.067301 -0.098021
v -0.069254 0.067290 -0.097719
v -0.067980 0.068049 -0.111484
v -0.067557 0.068035 -0.111061
v -0.067681 0.068047 -0.111360
v -0.067557 0.067533 -0.096437
v -0.067980 0.067519 -0.096014
v -0.067681 0.067524 -0.096137
v -0.082613 0.067519 -0.096014
v -0.083037 0.067533 -0.096437
v -0.082913 0.067524 -0.096137
v -0.083037 0.068035 -0.111061
v -0.082613 0.068049 -0.111484
v -0.082913 0.068047 -0.111360
v -0.048397 0.058137 -0.114086
v -0.048397 0.067709 -0.109923
v -0.048397 0.057451 -0.094097
v -0.048397 0.067286 -0.097595
v -0.038397 0.057794 -0.104092
v -0.042229 0.067498 -0.103759
v -0.058397 0.057794 -0.104092
v -0.054564 0.067498 -0.103759
v -0.048397 0.067119 -0.103772
v -0.048397 0.057794 -0.104092
v -0.048397 0.067985 -0.111486
v -0.040657 0.067720 -0.103751
v -0.048397 0.067454 -0.096016
v -0.056137 0.067720 -0.103751
v -0.058397 0.058122 -0.113664
v -0.057974 0.058137 -0.114086
v -0.058273 0.058132 -0.113962
v -0.054138 0.067709 -0.109923
v -0.054564 0.067695 -0.109497
v -0.054440 0.067705 -0.109798
v -0.038819 0.058137 -0.114086
v -0.038397 0.058122 -0.113664
v -0.038520 0.058132 -0.113962
v -0.042229 0.067695 -0.109497
v -0.042655 0.067709 -0.109923
v -0.042354 0.067705 -0.109798
v -0.057974 0.057451 -0.094097
v -0.058397 0.057465 -0.094519
v -0.058273 0.057455 -0.094221
v -0.054564 0.067301 -0.098021
v -0.054138 0.067286 -0.097595
v -0.054440 0.067290 -0.097719
v -0.038397 0.057465 -0.094519
v -0.038819 0.057451 -0.094097
v -0.038520 0.057455 -0.094221
v -0.042655 0.067286 -0.097595
v -0.042229 0.067301 -0.098021
v -0.042354 0.067290 -0.097719
v -0.041080 0.068049 -0.111484
v -0.040657 0.068035 -0.111061
v -0.040781 0.068047 -0.111360
v -0.040657 0.067533 -0.096437
v -0.041080 0.067519 -0.096014
v -0.040781 0.067524 -0.096137
v -0.055713 0.067519 -0.096014
v -0.056137 0.067533 -0.096437
v -0.056013 0.067524 -0.096137
v -0.056137 0.068035 -0.111061
v -0.055713 0.068049 -0.111484
v -0.056013 0.068047 -0.111360
v -0.021497 0.058137 -0.114086
v -0.021497 0.067709 -0.109923
v -0.021497 0.057451 -0.094097
v -0.021497 0.067286 -0.097595
v -0.011497 0.057794 -0.104092
v -0.015329 0.067498 -0.103759
v -0.031497 0.057794 -0.104092
v -0.027664 0.067498 -0.103759
v -0.021497 0.067119 -0.103772
v -0.021497 0.057794 -0.104092
v -0.021497 0.067985 -0.111486
v -0.013757 0.067720 -0.103751
v -0.021497 0.067454 -0.096016
v -0.029237 0.067720 -0.103751
v -0.031497 0.058122 -0.113664
v -0.031074 0.058137 -0.114086
v -0.031373 0.058132 -0.113962
v -0.027238 0.067709 -0.109923
v -0.027664 0.067695 -0.109497
v -0.027540 0.067705 -0.109798
v -0.011919 0.058137 -0.114086
v -0.011497 0.058122 -0.113664
v -0.011620 0.058132 -0.113962
v -0.015329 0.067695 -0.109497
v -0.015755 0.067709 -0.109923
v -0.015454 0.067705 -0.109798
v -0.031074 0.057451 -0.094097
v -0.031497 0.057465 -0.094519
v -0.031373 0.057455 -0.094221
v -0.027664 0.067301 -0.098021
v -0.027238 0.067286 -0.097595
v -0.027540 0.067290 -0.097719
v -0.011497 0.057465 -0.094519
v -0.011919 0.057451 -0.094097
v -0.011620 0.057455 -0.094221
v -0.015755 0.067286 -0.097595
v -0.015329 0.067301 -0.098021
v -0.015454 0.067290 -0.097719
v -0.014180 0.068049 -0.111484
v -0.013757 0.068035 -0.111061
v -0.013881 0.068047 -0.111360
v -0.013757 0.067533 -0.096437
v -0.014180 0.067519 -0.096014
v -0.013881 0.067524 -0.096137
v -0.028813 0.067519 -0.096014
v -0.029237 0.067533 -0.096437
v -0.029113 0.067524 -0.096137
v -0.029237 0.068035 -0.111061
v -0.028813 0.068049 -0.111484
v -0.029113 0.068047 -0.111360
v 0.005403 0.058137 -0.114086
v 0.005403 0.067709 -0.109923
v 0.005403 0.057451 -0.094097
v 0.005403 0.067286 -0.097595
v 0.015403 0.057794 -0.104092
v 0.011571 0.067498 -0.103759
v -0.004597 0.057794 -0.104092
v -0.000764 0.067498 -0.103759
v 0.005403 0.067119 -0.103772
v 0.005403 0.057794 -0.104092
v 0.005403 0.067985 -0.111486
v 0.013143 0.067720 -0.103751
v 0.005403 0.067454 -0.096016
v -0.002336 0.067720 -0.103751
v -0.004597 0.058122 -0.113664
v -0.004174 0.058137 -0.114086
v -0.004473 0.058132 -0.113962
v -0.000338 0.067709 -0.109923
v -0.000764 0.067695 -0.109497
v -0.000640 0.067705 -0.109798
v 0.014981 0.058137 -0.114086
v 0.015403 0.058122 -0.113664
v 0.015280 0.058132 -0.113962
v 0.011571 0.067695 -0.109497
v 0.011145 0.067709 -0.109923
v 0.011446 0.067705 -0.109798
v -0.004174 0.057451 -0.094097
v -0.004597 0.057465 -0.094519
v -0.004473 0.057455 -0.094221
v -0.000764 0.067301 -0.098021
v -0.000338 0.067286 -0.097595
v -0.000640 0.067290 -0.097719
v 0.015403 0.057465 -0.094519
v 0.014981 0.057451 -0.094097
v 0.015280 0.057455 -0.094221
v 0.011145 0.067286 -0.097595
v 0.011571 0.067301 -0.098021
v 0.011446 0.067290 -0.097719
v 0.012720 0.068049 -0.111484
v 0.013143 0.068035 -0.111061
v 0.013019 0.068047 -0.111360
v 0.013143 0.067533 -0.096437
v 0.012720 0.067519 -0.096014
v 0.013019 0.067524 -0.096137
v -0.001913 0.067519 -0.096014
v -0.002336 0.067533 -0.096437
v -0.002212 0.067524 -0.096137
v -0.002336 0.068035 -0.111061
v -0.001913 0.068049 -0.111484
v -0.002212 0.068047 -0.111360
v -0.317361 0.058834 -0.134403
v -0.317361 0.068443 -0.131301
v -0.317361 0.058338 -0.119950
v -0.317361 0.068137 -0.122386
v -0.307361 0.058586 -0.127176
v -0.311193 0.068290 -0.126843
v -0.327361 0.058586 -0.127176
v -0.323528 0.068290 -0.126843
v -0.317361 0.067911 -0.126856
v -0.317361 0.058586 -0.127176
v -0.317361 0.068704 -0.132429
v -0.309621 0.068512 -0.126836
v -0.317361 0.068320 -0.121242
v -0.325101 0.068512 -0.126836
v -0.327361 0.058823 -0.134098
v -0.326938 0.058834 -0.134403
v -0.327237 0.058830 -0.134314
v -0.323102 0.068443 -0.131301
v -0.323528 0.068432 -0.130992
v -0.323404 0.068439 -0.131210
v -0.307783 0.058834 -0.134403
v -0.307361 0.058823 -0.134098
v -0.307484 0.058830 -0.134314
v -0.311193 0.068432 -0.130992
v -0.311619 0.068443 -0.131301
v -0.311318 0.068439 -0.131210
v -0.326938 0.058338 -0.119950
v -0.327361 0.058348 -0.120255
v -0.327237 0.058341 -0.120039
v -0.323528 0.068147 -0.122694
v -0.323102 0.068137 -0.122386
v -0.323404 0.068140 -0.122476
v -0.307361 0.058348 -0.120255
v -0.307783 0.058338 -0.119950
v -0.307484 0.058341 -0.120039
v -0.311619 0.068137 -0.122386
v -0.311193 0.068147 -0.122694
v -0.311318 0.068140 -0.122476
v -0.310044 0.068768 -0.132427
v -0.309621 0.068757 -0.132121
v -0.309745 0.068766 -0.132337
v -0.309621 0.068395 -0.121546
v -0.310044 0.068384 -0.121240
v -0.309745 0.068389 -0.121330
v -0.324677 0.068384 -0.121240
v -0.325101 0.068395 -0.121546
v -0.324977 0.068389 -0.121330
v -0.325101 0.068757 -0.132121
v -0.324677 0.068768 -0.132427
v -0.324977 0.068766 -0.132337
v -0.290583 0.058834 -0.134403
v -0.290583 0.068443 -0.131301
v -0.290583 0.058338 -0.119950
v -0.290583 0.068137 -0.122386
v -0.280583 0.058586 -0.127176
v -0.284415 0.068290 -0.126843
v -0.300583 0.058586 -0.127176
v -0.296750 0.068290 -0.126843
v -0.290583 0.067911 -0.126856
v -0.290583 0.058586 -0.127176
v -0.290583 0.068704 -0.132429
v -0.282843 0.068512 -0.126836
v -0.290583 0.068320 -0.121242
v -0.298323 0.068512 -0.126836
v -0.300583 0.058823 -0.134098
v -0.300160 0.058834 -0.134403
v -0.300459 0.058830 -0.134314
v -0.296324 0.068443 -0.131301
v -0.296750 0.068432 -0.130992
v -0.296626 0.068439 -0.131210
v -0.281005 0.058834 -0.134403
v -0.280583 0.058823 -0.134098
v -0.280706 0.058830 -0.134314
v -0.284415 0.068432 -0.130992
v -0.284841 0.068443 -0.131301
v -0.284540 0.068439 -0.131210
v -0.300160 0.058338 -0.119950
v -0.300583 0.058348 -0.120255
v -0.300459 0.058341 -0.120039
v -0.296750 0.068147 -0.122694
v -0.296324 0.068137 -0.122386
v -0.296626 0.068140 -0.122476
v -0.280583 0.058348 -0.120255
v -0.281005 0.058338 -0.119950
v -0.280706 0.058341 -0.120039
v -0.284841 0.068137 -0.122386
v -0.284415 0.068147 -0.122694
v -0.284540 0.068140 -0.122476
v -0.283266 0.068768 -0.132427
v -0.282843 0.068757 -0.132121
v -0.282967 0.068766 -0.132337
v -0.282843 0.068395 -0.121546
v -0.283266 0.068384 -0.121240
v -0.282967 0.068389 -0.121330
v -0.297899 0.068384 -0.121240
v -0.298323 0.068395 -0.121546
v -0.298199 0.068389 -0.121330
v -0.298323 0.068757 -0.132121
v -0.297899 0.068768 -0.132427
v -0.298199 0.068766 -0.132337
v -0.266083 0.058834 -0.134403
v -0.266083 0.068443 -0.131301
v -0.266083 0.058338 -0.119950
v -0.266083 0.068137 -0.122386
v -0.256083 0.058586 -0.127176
v -0.259915 0.068290 -0.126843
v -0.276083 0.058586 -0.127176
v -0.272250 0.068290 -0.126843
v -0.266083 0.067911 -0.126856
v -0.266083 0.058586 -0.127176
v -0.266083 0.068704 -0.132429
v -0.258343 0.068512 -0.126836
v -0.266083 0.068320 -0.121242
v -0.273823 0.068512 -0.126836
v -0.276083 0.058823 -0.134098
v -0.275661 0.058834 -0.134403
v -0.275959 0.058830 -0.134314
v -0.271824 0.068443 -0.131301
v -0.272250 0.068432 -0.130992
v -0.272126 0.068439 -0.131210
v -0.256505 0.058834 -0.134403
v -0.256083 0.058823 -0.134098
v -0.256206 0.058830 -0.134314
v -0.259915 0.068432 -0.130992
v -0.260341 0.068443 -0.131301
v -0.260040 0.068439 -0.131210
v -0.275660 0.058338 -0.119950
v -0.276083 0.058348 -0.120255
v -0.275959 0.058341 -0.120039
v -0.272250 0.068147 -0.122694
v -0.271824 0.068137 -0.122386
v -0.272126 0.068140 -0.122476
v -0.256083 0.058348 -0.120255
v -0.256505 0.058338 -0.119950
v -0.256206 0.058341 -0.120039
v -0.260341 0.068137 -0.122386
v -0.259915 0.068147 -0.122694
v -0.260040 0.068140 -0.122476
v -0.258766 0.068768 -0.132427
v -0.258343 0.068757 -0.132121
v -0.258467 0.068766 -0.132337
v -0.258343 0.068395 -0.121546
v -0.258766 0.068384 -0.121240
v -0.258467 0.068389 -0.121330
v -0.273399 0.068384 -0.121240
v -0.273823 0.068395 -0.121546
v -0.273699 0.068389 -0.121330
v -0.273823 0.068757 -0.132121
v -0.273399 0.068768 -0.132427
v -0.273699 0.068766 -0.132337
v -0.241583 0.058834 -0.134403
v -0.241583 0.068443 -0.131301
v -0.241583 0.058338 -0.119950
v -0.241583 0.068137 -0.122386
v -0.231583 0.058586 -0.127176
v -0.235415 0.068290 -0.126843
v -0.251583 0.058586 -0.127176
v -0.247750 0.068290 -0.126843
v -0.241583 0.067911 -0.126856
v -0.241583 0.058586 -0.127176
v -0.241583 0.068704 -0.132429
v -0.233843 0.068512 -0.126836
v -0.241583 0.068320 -0.121242
v -0.249323 0.068512 -0.126836
v -0.251583 0.058823 -0.134098
v -0.251160 0.058834 -0.134403
v -0.251459 0.058830 -0.134314
v -0.247324 0.068443 -0.131301
v -0.247750 0.068432 -0.130992
v -0.247626 0.068439 -0.131210
v -0.232005 0.058834 -0.134403
v -0.231583 0.058823 -0.134098
v -0.231706 0.058830 -0.134314
v -0.235415 0.068432 -0.130992
v -0.235841 0.068443 -0.131301
v -0.235540 0.068439 -0.131210
v -0.251160 0.058338 -0.119950
v -0.251583 0.058348 -0.120255
v -0.251459 0.058341 -0.120039
v -0.247750 0.068147 -0.122694
v -0.247324 0.068137 -0.122386
v -0.247626 0.068140 -0.122476
v -0.231583 0.058348 -0.120255
v -0.232005 0.058338 -0.119950
v -0.231706 0.058341 -0.120039
v -0.235841 0.068137 -0.122386
v -0.235415 0.068147 -0.122694
v -0.235540 0.068140 -0.122476
v -0.234266 0.068768 -0.132427
v -0.233843 0.068757 -0.132121
v -0.233967 0.068766 -0.132337
v -0.233843 0.068395 -0.121546
v -0.234266 0.068384 -0.121240
v -0.233967 0.068389 -0.121330
v -0.248899 0.068384 -0.121240
v -0.249323 0.068395 -0.121546
v -0.249199 0.068389 -0.121330
v -0.249323 0.068757 -0.132121
v -0.248899 0.068768 -0.132427
v -0.249199 0.068766 -0.132337
v -0.217083 0.058834 -0.134403
v -0.217083 0.068443 -0.131301
v -0.217083 0.058338 -0.119950
v -0.217083 0.068137 -0.122386
v -0.207083 0.058586 -0.127176
v -0.210915 0.068290 -0.126843
v -0.227083 0.058586 -0.127176
v -0.223250 0.068290 -0.126843
v -0.217083 0.067911 -0.126856
v -0.217083 0.058586 -0.127176
v -0.217083 0.068704 -0.132429
v -0.209343 0.068512 -0.126836
v -0.217083 0.068320 -0.121242
v -0.224823 0.068512 -0.126836
v -0.227083 0.058823 -0.134098
v -0.226660 0.058834 -0.134403
v -0.226959 0.058830 -0.134314
v -0.222824 0.068443 -0.131301
v -0.223250 0.068432 -0.130992
v -0.223126 0.068439 -0.131210
v -0.207505 0.058834 -0.134403
v -0.207083 0.058823 -0.134098
v -0.207206 0.058830 -0.134314
v -0.210915 0.068432 -0.130993
v -0.211341 0.068443 -0.131301
v -0.211040 0.068439 -0.131210
v -0.226660 0.058338 -0.119950
v -0.227083 0.058348 -0.120255
v -0.226959 0.058341 -0.120039
v -0.223250 0.068147 -0.122694
v -0.222824 0.068137 -0.122386
v -0.223126 0.068140 -0.122476
v -0.207083 0.058348 -0.120255
v -0.207505 0.058338 -0.119950
v -0.207206 0.058341 -0.120039
v -0.211341 0.068137 -0.122386
v -0.210915 0.068147 -0.122694
v -0.211040 0.068140 -0.122476
v -0.209766 0.068768 -0.132427
v -0.209343 0.068757 -0.132121
v -0.209467 0.068766 -0.132337
v -0.209343 0.068395 -0.121546
v -0.209766 0.068384 -0.121240
v -0.209467 0.068389 -0.121330
v -0.224399 0.068384 -0.121240
v -0.224823 0.068395 -0.121546
v -0.224699 0.068389 -0.121330
v -0.224823 0.068757 -0.132121
v -0.224399 0.068768 -0.132427
v -0.224699 0.068766 -0.132337
v -0.189840 0.058834 -0.134403
v -0.189840 0.068443 -0.131301
v -0.189840 0.058338 -0.119950
v -0.189840 0.068137 -0.122386
v -0.179840 0.058586 -0.127176
v -0.183672 0.068290 -0.126843
v -0.199840 0.058586 -0.127176
v -0.196007 0.068290 -0.126843
v -0.189840 0.067911 -0.126856
v -0.189840 0.058586 -0.127176
v -0.189840 0.068704 -0.132429
v -0.182100 0.068512 -0.126836
v -0.189840 0.068320 -0.121242
v -0.197579 0.068512 -0.126836
v -0.199840 0.058823 -0.134098
v -0.199417 0.058834 -0.134403
v -0.199716 0.058830 -0.134314
v -0.195581 0.068443 -0.131301
v -0.196007 0.068432 -0.130992
v -0.195882 0.068439 -0.131210
v -0.180262 0.058834 -0.134403
v -0.179840 0.058823 -0.134098
v -0.179963 0.058830 -0.134314
v -0.183672 0.068432 -0.130992
v -0.184098 0.068443 -0.131301
v -0.183797 0.068439 -0.131210
v -0.199417 0.058338 -0.119950
v -0.199840 0.058348 -0.120255
v -0.199716 0.058341 -0.120039
v -0.196007 0.068147 -0.122694
v -0.195581 0.068137 -0.122386
v -0.195882 0.068140 -0.122476
v -0.179840 0.058348 -0.120255
v -0.180262 0.058338 -0.119950
v -0.179963 0.058341 -0.120039
v -0.184098 0.068137 -0.122386
v -0.183672 0.068147 -0.122694
v -0.183797 0.068140 -0.122476
v -0.182523 0.068768 -0.132427
v -0.182100 0.068757 -0.132121
v -0.182224 0.068766 -0.132337
v -0.182100 0.068395 -0.121546
v -0.182523 0.068384 -0.121240
v -0.182224 0.068389 -0.121330
v -0.197156 0.068384 -0.121240
v -0.197579 0.068395 -0.121546
v -0.197455 0.068389 -0.121330
v -0.197579 0.068757 -0.132121
v -0.197156 0.068768 -0.132427
v -0.197455 0.068766 -0.132337
v -0.165340 0.058834 -0.134403
v -0.165340 0.068443 -0.131301
v -0.165340 0.058338 -0.119950
v -0.165340 0.068137 -0.122386
v -0.155340 0.058586 -0.127176
v -0.159172 0.068290 -0.126843
v -0.175340 0.058586 -0.127176
v -0.171507 0.068290 -0.126843
v -0.165340 0.067911 -0.126856
v -0.165340 0.058586 -0.127176
v -0.165340 0.068704 -0.132429
v -0.157600 0.068512 -0.126836
v -0.165340 0.068320 -0.121242
v -0.173079 0.068512 -0.126836
v -0.175340 0.058823 -0.134098
v -0.174917 0.058834 -0.134403
v -0.175216 0.058830 -0.134314
v -0.171081 0.068443 -0.131301
v -0.171507 0.068432 -0.130992
v -0.171382 0.068439 -0.131210
v -0.155762 0.058834 -0.134403
v -0.155340 0.058823 -0.134098
v -0.155463 0.058830 -0.134314
v -0.159172 0.068432 -0.130992
v -0.159598 0.068443 -0.131301
v -0.159297 0.068439 -0.131210
v -0.174917 0.058338 -0.119950
v -0.175340 0.058348 -0.120255
v -0.175216 0.058341 -0.120039
v -0.171507 0.068147 -0.122694
v -0.171081 0.068137 -0.122386
v -0.171382 0.068140 -0.122476
v -0.155340 0.058348 -0.120255
v -0.155762 0.058338 -0.119950
v -0.155463 0.058341 -0.120039
v -0.159598 0.068137 -0.122386
v -0.159172 0.068147 -0.122694
v -0.159297 0.068140 -0.122476
v -0.158023 0.068768 -0.132427
v -0.157600 0.068757 -0.132121
v -0.157724 0.068766 -0.132337
v -0.157600 0.068395 -0.121546
v -0.158023 0.068384 -0.121240
v -0.157724 0.068389 -0.121330
v -0.172656 0.068384 -0.121240
v -0.173079 0.068395 -0.121546
v -0.172955 0.068389 -0.121330
v -0.173079 0.068757 -0.132121
v -0.172656 0.068768 -0.132427
v -0.172955 0.068766 -0.132337
v -0.140840 0.058834 -0.134403
v -0.140840 0.068443 -0.131301
v -0.140840 0.058338 -0.119950
v -0.140840 0.068137 -0.122386
v -0.130840 0.058586 -0.127176
v -0.134672 0.068290 -0.126843
v -0.150840 0.058586 -0.127176
v -0.147007 0.068290 -0.126843
v -0.140840 0.067911 -0.126856
v -0.140840 0.058586 -0.127176
v -0.140840 0.068704 -0.132429
v -0.133100 0.068512 -0.126836
v -0.140840 0.068320 -0.121242
v -0.148579 0.068512 -0.126836
v -0.150840 0.058823 -0.134098
v -0.150417 0.058834 -0.134403
v -0.150716 0.058830 -0.134314
v -0.146581 0.068443 -0.131301
v -0.147007 0.068432 -0.130992
v -0.146882 0.068439 -0.131210
v -0.131262 0.058834 -0.134403
v -0.130840 0.058823 -0.134098
v -0.130963 0.058830 -0.134314
v -0.134672 0.068432 -0.130992
v -0.135098 0.068443 -0.131301
v -0.134797 0.068439 -0.131210
v -0.150417 0.058338 -0.119950
v -0.150840 0.058348 -0.120255
v -0.150716 0.058341 -0.120039
v -0.147007 0.068147 -0.122694
v -0.146581 0.068137 -0.122386
v -0.146882 0.068140 -0.122476
v -0.130840 0.058348 -0.120255
v -0.131262 0.058338 -0.119950
v -0.130963 0.058341 -0.120039
v -0.135098 0.068137 -0.122386
v -0.134672 0.068147 -0.122694
v -0.134797 0.068140 -0.122476
v -0.133523 0.068768 -0.132427
v -0.133100 0.068757 -0.132121
v -0.133224 0.068766 -0.132337
v -0.133100 0.068395 -0.121546
v -0.133523 0.068384 -0.121240
v -0.133224 0.068389 -0.121330
v -0.148156 0.068384 -0.121240
v -0.148579 0.068395 -0.121546
v -0.148455 0.068389 -0.121330
v -0.148579 0.068757 -0.132121
v -0.148156 0.068768 -0.132427
v -0.148455 0.068766 -0.132337
v -0.116340 0.058834 -0.134403
v -0.116340 0.068443 -0.131301
v -0.116340 0.058338 -0.119950
v -0.116340 0.068137 -0.122386
v -0.106340 0.058586 -0.127176
v -0.110172 0.068290 -0.126843
v -0.126340 0.058586 -0.127176
v -0.122507 0.068290 -0.126843
v -0.116340 0.067911 -0.126856
v -0.116340 0.058586 -0.127176
v -0.116340 0.068704 -0.132429
v -0.108600 0.068512 -0.126836
v -0.116340 0.068320 -0.121242
v -0.124079 0.068512 -0.126836
v -0.126340 0.058823 -0.134098
v -0.125917 0.058834 -0.134403
v -0.126216 0.058830 -0.134314
v -0.122081 0.068443 -0.131301
v -0.122507 0.068432 -0.130992
v -0.122382 0.068439 -0.131210
v -0.106762 0.058834 -0.134403
v -0.106340 0.058823 -0.134098
v -0.106463 0.058830 -0.134314
v -0.110172 0.068432 -0.130993
v -0.110598 0.068443 -0.131301
v -0.110297 0.068439 -0.131210
v -0.125917 0.058338 -0.119950
v -0.126340 0.058348 -0.120255
v -0.126216 0.058341 -0.120039
v -0.122507 0.068147 -0.122694
v -0.122081 0.068137 -0.122386
v -0.122382 0.068140 -0.122476
v -0.106340 0.058348 -0.120255
v -0.106762 0.058338 -0.119950
v -0.106463 0.058341 -0.120039
v -0.110598 0.068137 -0.122386
v -0.110172 0.068147 -0.122694
v -0.110297 0.068140 -0.122476
v -0.109023 0.068768 -0.132427
v -0.108600 0.068757 -0.132121
v -0.108724 0.068766 -0.132337
v -0.108600 0.068395 -0.121546
v -0.109023 0.068384 -0.121240
v -0.108724 0.068389 -0.121330
v -0.123656 0.068384 -0.121240
v -0.124079 0.068395 -0.121546
v -0.123955 0.068389 -0.121330
v -0.124079 0.068757 -0.132121
v -0.123656 0.068768 -0.132427
v -0.123955 0.068766 -0.132337
v -0.088809 0.058834 -0.134403
v -0.088809 0.068443 -0.131301
v -0.088809 0.058338 -0.119950
v -0.088809 0.068137 -0.122386
v -0.078809 0.058586 -0.127176
v -0.082642 0.068290 -0.126843
v -0.098809 0.058586 -0.127176
v -0.094977 0.068290 -0.126843
v -0.088809 0.067911 -0.126856
v -0.088809 0.058586 -0.127176
v -0.088809 0.068704 -0.132429
v -0.081069 0.068512 -0.126836
v -0.088809 0.068320 -0.121242
v -0.096549 0.068512 -0.126836
v -0.098809 0.058823 -0.134098
v -0.098387 0.058834 -0.134403
v -0.098686 0.058830 -0.134314
v -0.094551 0.068443 -0.131301
v -0.094977 0.068432 -0.130992
v -0.094852 0.068439 -0.131210
v -0.079232 0.058834 -0.134403
v -0.078809 0.058823 -0.134098
v -0.078933 0.058830 -0.134314
v -0.082642 0.068432 -0.130992
v -0.083068 0.068443 -0.131301
v -0.082766 0.068439 -0.131210
v -0.098387 0.058338 -0.119950
v -0.098809 0.058348 -0.120255
v -0.098686 0.058341 -0.120039
v -0.094977 0.068147 -0.122694
v -0.094551 0.068137 -0.122386
v -0.094852 0.068140 -0.122476
v -0.078809 0.058348 -0.120255
v -0.079232 0.058338 -0.119950
v -0.078933 0.058341 -0.120039
v -0.083068 0.068137 -0.122386
v -0.082642 0.068147 -0.122694
v -0.082766 0.068140 -0.122476
v -0.081493 0.068768 -0.132427
v -0.081069 0.068757 -0.132121
v -0.081193 0.068766 -0.132337
v -0.081069 0.068395 -0.121546
v -0.081493 0.068384 -0.121240
v -0.081193 0.068389 -0.121330
v -0.096126 0.068384 -0.121240
v -0.096549 0.068395 -0.121546
v -0.096425 0.068389 -0.121330
v -0.096549 0.068757 -0.132121
v -0.096126 0.068768 -0.132427
v -0.096425 0.068766 -0.132337
v -0.064309 0.058834 -0.134403
v -0.064309 0.068443 -0.131301
v -0.064309 0.058338 -0.119950
v -0.064309 0.068137 -0.122386
v -0.054309 0.058586 -0.127176
v -0.058141 0.068290 -0.126843
v -0.074309 0.058586 -0.127176
v -0.070477 0.068290 -0.126843
v -0.064309 0.067911 -0.126856
v -0.064309 0.058586 -0.127176
v -0.064309 0.068704 -0.132429
v -0.056569 0.068512 -0.126836
v -0.064309 0.068320 -0.121242
v -0.072049 0.068512 -0.126836
v -0.074309 0.058823 -0.134098
v -0.073887 0.058834 -0.134403
v -0.074185 0.058830 -0.134314
v -0.070051 0.068443 -0.131301
v -0.070477 0.068432 -0.130992
v -0.070352 0.068439 -0.131210
v -0.054731 0.058834 -0.134403
v -0.054309 0.058823 -0.134098
v -0.054433 0.058830 -0.134314
v -0.058141 0.068432 -0.130992
v -0.058568 0.068443 -0.131301
v -0.058266 0.068439 -0.131210
v -0.073887 0.058338 -0.119950
v -0.074309 0.058348 -0.120255
v -0.074185 0.058341 -0.120039
v -0.070477 0.068147 -0.122694
v -0.070051 0.068137 -0.122386
v -0.070352 0.068140 -0.122476
v -0.054309 0.058348 -0.120255
v -0.054731 0.058338 -0.119950
v -0.054433 0.058341 -0.120039
v -0.058568 0.068137 -0.122386
v -0.058141 0.068147 -0.122694
v -0.058266 0.068140 -0.122476
v -0.056993 0.068768 -0.132427
v -0.056569 0.068757 -0.132121
v -0.056693 0.068766 -0.132337
v -0.056569 0.068395 -0.121546
v -0.056993 0.068384 -0.121240
v -0.056693 0.068389 -0.121330
v -0.071626 0.068384 -0.121240
v -0.072049 0.068395 -0.121546
v -0.071925 0.068389 -0.121330
v -0.072049 0.068757 -0.132121
v -0.071626 0.068768 -0.132427
v -0.071925 0.068766 -0.132337
v -0.039809 0.058834 -0.134403
v -0.039809 0.068443 -0.131301
v -0.039809 0.058338 -0.119950
v -0.039809 0.068137 -0.122386
v -0.029809 0.058586 -0.127176
v -0.033641 0.068290 -0.126843
v -0.049809 0.058586 -0.127176
v -0.045977 0.068290 -0.126843
v -0.039809 0.067911 -0.126856
v -0.039809 0.058586 -0.127176
v -0.039809 0.068704 -0.132429
v -0.032069 0.068512 -0.126836
v -0.039809 0.068320 -0.121242
v -0.047549 0.068512 -0.126836
v -0.049809 0.058823 -0.134098
v -0.049387 0.058834 -0.134403
v -0.049685 0.058830 -0.134314
v -0.045551 0.068443 -0.131301
v -0.045977 0.068432 -0.130992
v -0.045852 0.068439 -0.131210
v -0.030231 0.058834 -0.134403
v -0.029809 0.058823 -0.134098
v -0.029933 0.058830 -0.134314
v -0.033641 0.068432 -0.130992
v -0.034068 0.068443 -0.131301
v -0.033766 0.068439 -0.131210
v -0.049387 0.058338 -0.119950
v -0.049809 0.058348 -0.120255
v -0.049685 0.058341 -0.120039
v -0.045977 0.068147 -0.122694
v -0.045551 0.068137 -0.122386
v -0.045852 0.068140 -0.122476
v -0.029809 0.058348 -0.120255
v -0.030231 0.058338 -0.119950
v -0.029933 0.058341 -0.120039
v -0.034068 0.068137 -0.122386
v -0.033641 0.068147 -0.122694
v -0.033766 0.068140 -0.122476
v -0.032493 0.068768 -0.132427
v -0.032069 0.068757 -0.132121
v -0.032193 0.068766 -0.132337
v -0.032069 0.068395 -0.121546
v -0.032493 0.068384 -0.121240
v -0.032193 0.068389 -0.121330
v -0.047126 0.068384 -0.121240
v -0.047549 0.068395 -0.121546
v -0.047425 0.068389 -0.121330
v -0.047549 0.068757 -0.132121
v -0.047126 0.068768 -0.132427
v -0.047425 0.068766 -0.132337
v -0.015309 0.058834 -0.134403
v -0.015309 0.068443 -0.131301
v -0.015309 0.058338 -0.119950
v -0.015309 0.068137 -0.122386
v -0.005309 0.058586 -0.127176
v -0.009141 0.068290 -0.126843
v -0.025309 0.058586 -0.127176
v -0.021477 0.068290 -0.126843
v -0.015309 0.067911 -0.126856
v -0.015309 0.058586 -0.127176
v -0.015309 0.068704 -0.132429
v -0.007569 0.068512 -0.126836
v -0.015309 0.068320 -0.121242
v -0.023049 0.068512 -0.126836
v -0.025309 0.058823 -0.134098
v -0.024887 0.058834 -0.134403
v -0.025185 0.058830 -0.134314
v -0.021051 0.068443 -0.131301
v -0.021477 0.068432 -0.130992
v -0.021352 0.068439 -0.131210
v -0.005731 0.058834 -0.134403
v -0.005309 0.058823 -0.134098
v -0.005433 0.058830 -0.134314
v -0.009141 0.068432 -0.130993
v -0.009568 0.068443 -0.131301
v -0.009266 0.068439 -0.131210
v -0.024887 0.058338 -0.119950
v -0.025309 0.058348 -0.120255
v -0.025185 0.058341 -0.120039
v -0.021477 0.068147 -0.122694
v -0.021051 0.068137 -0.122386
v -0.021352 0.068140 -0.122476
v -0.005309 0.058348 -0.120255
v -0.005731 0.058338 -0.119950
v -0.005433 0.058341 -0.120039
v -0.009568 0.068137 -0.122386
v -0.009141 0.068147 -0.122694
v -0.009266 0.068140 -0.122476
v -0.007993 0.068768 -0.132427
v -0.007569 0.068757 -0.132121
v -0.007693 0.068766 -0.132337
v -0.007569 0.068395 -0.121546
v -0.007993 0.068384 -0.121240
v -0.007693 0.068389 -0.121330
v -0.022626 0.068384 -0.121240
v -0.023049 0.068395 -0.121546
v -0.022925 0.068389 -0.121330
v -0.023049 0.068757 -0.132121
v -0.022626 0.068768 -0.132427
v -0.022925 0.068766 -0.132337
v 0.012677 0.058834 -0.134403
v 0.012677 0.068443 -0.131301
v 0.012677 0.058338 -0.119950
v 0.012677 0.068137 -0.122386
v 0.022677 0.058586 -0.127176
v 0.018845 0.068290 -0.126843
v 0.002677 0.058586 -0.127176
v 0.006510 0.068290 -0.126843
v 0.012677 0.067911 -0.126856
v 0.012677 0.058586 -0.127176
v 0.012677 0.068704 -0.132429
v 0.020417 0.068512 -0.126836
v 0.012677 0.068320 -0.121242
v 0.004938 0.068512 -0.126836
v 0.002677 0.058823 -0.134098
v 0.003100 0.058834 -0.134403
v 0.002801 0.058830 -0.134314
v 0.006936 0.068443 -0.131301
v 0.006510 0.068432 -0.130992
v 0.006635 0.068439 -0.131210
v 0.022255 0.058834 -0.134403
v 0.022677 0.058823 -0.134098
v 0.022554 0.058830 -0.134314
v 0.018845 0.068432 -0.130992
v 0.018419 0.068443 -0.131301
v 0.018720 0.068439 -0.131210
v 0.003100 0.058338 -0.119950
v 0.002677 0.058348 -0.120255
v 0.002801 0.058341 -0.120039
v 0.006510 0.068147 -0.122694
v 0.006936 0.068137 -0.122386
v 0.006635 0.068140 -0.122476
v 0.022677 0.058348 -0.120255
v 0.022255 0.058338 -0.119950
v 0.022554 0.058341 -0.120039
v 0.018419 0.068137 -0.122386
v 0.018845 0.068147 -0.122694
v 0.018720 0.068140 -0.122476
v 0.019994 0.068768 -0.132427
v 0.020417 0.068757 -0.132121
v 0.020293 0.068766 -0.132337
v 0.020417 0.068395 -0.121546
v 0.019994 0.068384 -0.121240
v 0.020293 0.068389 -0.121330
v 0.005361 0.068384 -0.121240
v 0.004938 0.068395 -0.121546
v 0.005062 0.068389 -0.121330
v 0.004938 0.068757 -0.132121
v 0.005361 0.068768 -0.132427
v 0.005062 0.068766 -0.132337
v 0.037177 0.058834 -0.134403
v 0.037177 0.068443 -0.131301
v 0.037177 0.058338 -0.119950
v 0.037177 0.068137 -0.122386
v 0.047177 0.058586 -0.127176
v 0.043345 0.068290 -0.126843
v 0.027177 0.058586 -0.127176
v 0.031010 0.068290 -0.126843
v 0.037177 0.067911 -0.126856
v 0.037177 0.058586 -0.127176
v 0.037177 0.068704 -0.132429
v 0.044917 0.068512 -0.126836
v 0.037177 0.068320 -0.121242
v 0.029438 0.068512 -0.126836
v 0.027177 0.058823 -0.134098
v 0.027600 0.058834 -0.134403
v 0.027301 0.058830 -0.134314
v 0.031436 0.068443 -0.131301
v 0.031010 0.068432 -0.130992
v 0.031135 0.068439 -0.131210
v 0.046755 0.058834 -0.134403
v 0.047177 0.058823 -0.134098
v 0.047054 0.058830 -0.134314
v 0.043345 0.068432 -0.130992
v 0.042919 0.068443 -0.131301
v 0.043220 0.068439 -0.131210
v 0.027600 0.058338 -0.119950
v 0.027177 0.058348 -0.120255
v 0.027301 0.058341 -0.120039
v 0.031010 0.068147 -0.122694
v 0.031436 0.068137 -0.122386
v 0.031135 0.068140 -0.122476
v 0.047177 0.058348 -0.120255
v 0.046755 0.058338 -0.119950
v 0.047054 0.058341 -0.120039
v 0.042919 0.068137 -0.122386
v 0.043345 0.068147 -0.122694
v 0.043220 0.068140 -0.122476
v 0.044494 0.068768 -0.132427
v 0.044917 0.068757 -0.132121
v 0.044793 0.068766 -0.132337
v 0.044917 0.068395 -0.121546
v 0.044494 0.068384 -0.121240
v 0.044793 0.068389 -0.121330
v 0.029861 0.068384 -0.121240
v 0.029438 0.068395 -0.121546
v 0.029562 0.068389 -0.121330
v 0.029438 0.068757 -0.132121
v 0.029861 0.068768 -0.132427
v 0.029562 0.068766 -0.132337
v 0.061677 0.058834 -0.134403
v 0.061677 0.068443 -0.131301
v 0.061677 0.058338 -0.119950
v 0.061677 0.068137 -0.122386
v 0.071677 0.058586 -0.127176
v 0.067845 0.068290 -0.126843
v 0.051677 0.058586 -0.127176
v 0.055510 0.068290 -0.126843
v 0.061677 0.067911 -0.126856
v 0.061677 0.058586 -0.127176
v 0.061677 0.068704 -0.132429
v 0.069417 0.068512 -0.126836
v 0.061677 0.068320 -0.121242
v 0.053938 0.068512 -0.126836
v 0.051677 0.058823 -0.134098
v 0.052100 0.058834 -0.134403
v 0.051801 0.058830 -0.134314
v 0.055936 0.068443 -0.131301
v 0.055510 0.068432 -0.130992
v 0.055635 0.068439 -0.131210
v 0.071255 0.058834 -0.134403
v 0.071677 0.058823 -0.134098
v 0.071554 0.058830 -0.134314
v 0.067845 0.068432 -0.130992
v 0.067419 0.068443 -0.131301
v 0.067720 0.068439 -0.131210
v 0.052100 0.058338 -0.119950
v 0.051677 0.058348 -0.120255
v 0.051801 0.058341 -0.120039
v 0.055510 0.068147 -0.122694
v 0.055936 0.068137 -0.122386
v 0.055635 0.068140 -0.122476
v 0.071677 0.058348 -0.120255
v 0.071255 0.058338 -0.119950
v 0.071554 0.058341 -0.120039
v 0.067419 0.068137 -0.122386
v 0.067845 0.068147 -0.122694
v 0.067720 0.068140 -0.122476
v 0.068994 0.068768 -0.132427
v 0.069417 0.068757 -0.132121
v 0.069293 0.068766 -0.132337
v 0.069417 0.068395 -0.121546
v 0.068994 0.068384 -0.121240
v 0.069293 0.068389 -0.121330
v 0.054361 0.068384 -0.121240
v 0.053938 0.068395 -0.121546
v 0.054062 0.068389 -0.121330
v 0.053938 0.068757 -0.132121
v 0.054361 0.068768 -0.132427
v 0.054062 0.068766 -0.132337
v 0.086177 0.058834 -0.134403
v 0.086177 0.068443 -0.131301
v 0.086177 0.058338 -0.119950
v 0.086177 0.068137 -0.122386
v 0.096177 0.058586 -0.127176
v 0.092345 0.068290 -0.126843
v 0.076177 0.058586 -0.127176
v 0.080010 0.068290 -0.126843
v 0.086177 0.067911 -0.126856
v 0.086177 0.058586 -0.127176
v 0.086177 0.068704 -0.132429
v 0.093917 0.068512 -0.126836
v 0.086177 0.068320 -0.121242
v 0.078438 0.068512 -0.126836
v 0.076177 0.058823 -0.134098
v 0.076600 0.058834 -0.134403
v 0.076301 0.058830 -0.134314
v 0.080436 0.068443 -0.131301
v 0.080010 0.068432 -0.130992
v 0.080135 0.068439 -0.131210
v 0.095755 0.058834 -0.134403
v 0.096177 0.058823 -0.134098
v 0.096054 0.058830 -0.134314
v 0.092345 0.068432 -0.130993
v 0.091919 0.068443 -0.131301
v 0.092220 0.068439 -0.131210
v 0.076600 0.058338 -0.119950
v 0.076177 0.058348 -0.120255
v 0.076301 0.058341 -0.120039
v 0.080010 0.068147 -0.122694
v 0.080436 0.068137 -0.122386
v 0.080135 0.068140 -0.122476
v 0.096177 0.058348 -0.120255
v 0.095755 0.058338 -0.119950
v 0.096054 0.058341 -0.120039
v 0.091919 0.068137 -0.122386
v 0.092345 0.068147 -0.122694
v 0.092220 0.068140 -0.122476
v 0.093494 0.068768 -0.132427
v 0.093917 0.068757 -0.132121
v 0.093793 0.068766 -0.132337
v 0.093917 0.068395 -0.121546
v 0.093494 0.068384 -0.121240
v 0.093793 0.068389 -0.121330
v 0.078861 0.068384 -0.121240
v 0.078438 0.068395 -0.121546
v 0.078562 0.068389 -0.121330
v 0.078438 0.068757 -0.132121
v 0.078861 0.068768 -0.132427
v 0.078562 0.068766 -0.132337
v -0.284608 0.054465 -0.007053
v -0.284608 0.064037 -0.002890
v -0.284608 0.053779 0.012936
v -0.284608 0.063614 0.009438
v -0.274608 0.054122 0.002941
v -0.278440 0.063826 0.003274
v -0.294608 0.054122 0.002941
v -0.290775 0.063826 0.003274
v -0.284608 0.063447 0.003261
v -0.284608 0.054122 0.002941
v -0.284608 0.064313 -0.004453
v -0.276868 0.064048 0.003282
v -0.284608 0.063782 0.011017
v -0.292347 0.064048 0.003282
v -0.294608 0.054450 -0.006631
v -0.294185 0.054465 -0.007053
v -0.294484 0.054460 -0.006929
v -0.290349 0.064037 -0.002890
v -0.290775 0.064023 -0.002464
v -0.290650 0.064033 -0.002765
v -0.275030 0.054465 -0.007053
v -0.274608 0.054450 -0.006631
v -0.274731 0.054460 -0.006929
v -0.278440 0.064023 -0.002464
v -0.278866 0.064037 -0.002890
v -0.278565 0.064033 -0.002765
v -0.294185 0.053779 0.012936
v -0.294608 0.053793 0.012514
v -0.294484 0.053783 0.012812
v -0.290775 0.063629 0.009012
v -0.290349 0.063614 0.009438
v -0.290650 0.063619 0.009314
v -0.274608 0.053793 0.012514
v -0.275030 0.053779 0.012936
v -0.274731 0.053783 0.012812
v -0.278866 0.063614 0.009438
v -0.278440 0.063629 0.009012
v -0.278565 0.063619 0.009314
v -0.277291 0.064377 -0.004451
v -0.276868 0.064363 -0.004028
v -0.276992 0.064375 -0.004327
v -0.276868 0.063861 0.010596
v -0.277291 0.063847 0.011019
v -0.276992 0.063853 0.010896
v -0.291924 0.063847 0.011019
v -0.292347 0.063861 0.010596
v -0.292223 0.063853 0.010896
v -0.292347 0.064363 -0.004028
v -0.291924 0.064377 -0.004451
v -0.292223 0.064375 -0.004327
v -0.257708 0.054465 -0.007053
v -0.257708 0.064037 -0.002890
v -0.257708 0.053779 0.012936
v -0.257708 0.063614 0.009438
v -0.247708 0.054122 0.002941
v -0.251540 0.063826 0.003274
v -0.267708 0.054122 0.002941
v -0.263875 0.063826 0.003274
v -0.257708 0.063447 0.003261
v -0.257708 0.054122 0.002941
v -0.257708 0.064313 -0.004453
v -0.249968 0.064048 0.003282
v -0.257708 0.063782 0.011017
v -0.265447 0.064048 0.003282
v -0.267708 0.054450 -0.006631
v -0.267285 0.054465 -0.007053
v -0.267584 0.054460 -0.006929
v -0.263449 0.064037 -0.002890
v -0.263875 0.064023 -0.002464
v -0.263750 0.064033 -0.002765
v -0.248130 0.054465 -0.007053
v -0.247708 0.054450 -0.006631
v -0.247831 0.054460 -0.006929
v -0.251540 0.064023 -0.002464
v -0.251966 0.064037 -0.002890
v -0.251665 0.064033 -0.002765
v -0.267285 0.053779 0.012936
v -0.267708 0.053793 0.012514
v -0.267584 0.053783 0.012812
v -0.263875 0.063629 0.009012
v -0.263449 0.063614 0.009438
v -0.263750 0.063619 0.009314
v -0.247708 0.053793 0.012514
v -0.248130 0.053779 0.012936
v -0.247831 0.053783 0.012812
v -0.251966 0.063614 0.009438
v -0.251540 0.063629 0.009012
v -0.251665 0.063619 0.009314
v -0.250391 0.064377 -0.004451
v -0.249968 0.064363 -0.004028
v -0.250092 0.064375 -0.004327
v -0.249968 0.063861 0.010596
v -0.250391 0.063847 0.011019
v -0.250092 0.063853 0.010896
v -0.265024 0.063847 0.011019
v -0.265447 0.063861 0.010596
v -0.265323 0.063853 0.010896
v -0.265447 0.064363 -0.004028
v -0.265024 0.064377 -0.004451
v -0.265323 0.064375 -0.004327
v -0.230808 0.054465 -0.007053
v -0.230808 0.064037 -0.002890
v -0.230808 0.053779 0.012936
v -0.230808 0.063614 0.009438
v -0.220808 0.054122 0.002941
v -0.224640 0.063826 0.003274
v -0.240808 0.054122 0.002941
v -0.236975 0.063826 0.003274
v -0.230808 0.063447 0.003261
v -0.230808 0.054122 0.002941
v -0.230808 0.064313 -0.004453
v -0.223068 0.064048 0.003282
v -0.230808 0.063782 0.011017
v -0.238547 0.064048 0.003282
v -0.240808 0.054450 -0.006631
v -0.240385 0.054465 -0.007053
v -0.240684 0.054460 -0.006929
v -0.236549 0.064037 -0.002890
v -0.236975 0.064023 -0.002464
v -0.236850 0.064033 -0.002765
v -0.221230 0.054465 -0.007053
v -0.220808 0.054450 -0.006631
v -0.220931 0.054460 -0.006929
v -0.224640 0.064023 -0.002464
v -0.225066 0.064037 -0.002890
v -0.224765 0.064033 -0.002765
v -0.240385 0.053779 0.012936
v -0.240808 0.053793 0.012514
v -0.240684 0.053783 0.012812
v -0.236975 0.063629 0.009012
v -0.236549 0.063614 0.009438
v -0.236850 0.063619 0.009314
v -0.220808 0.053793 0.012514
v -0.221230 0.053779 0.012936
v -0.220931 0.053783 0.012812
v -0.225066 0.063614 0.009438
v -0.224640 0.063629 0.009012
v -0.224765 0.063619 0.009314
v -0.223491 0.064377 -0.004451
v -0.223068 0.064363 -0.004028
v -0.223192 0.064375 -0.004327
v -0.223068 0.063861 0.010596
v -0.223491 0.063847 0.011019
v -0.223192 0.063853 0.010896
v -0.238124 0.063847 0.011019
v -0.238547 0.063861 0.010596
v -0.238423 0.063853 0.010896
v -0.238547 0.064363 -0.004028
v -0.238124 0.064377 -0.004451
v -0.238423 0.064375 -0.004327
v -0.055517 0.054466 -0.007096
v -0.055517 0.064039 -0.002933
v -0.055517 0.053780 0.012893
v -0.055517 0.063616 0.009396
v -0.045517 0.054123 0.002899
v -0.049349 0.063827 0.003231
v -0.065517 0.054123 0.002899
v -0.061685 0.063827 0.003231
v -0.055517 0.063449 0.003218
v -0.055517 0.054123 0.002899
v -0.055517 0.064315 -0.004496
v -0.047777 0.064049 0.003239
v -0.055517 0.063784 0.010974
v -0.063257 0.064049 0.003239
v -0.065517 0.054452 -0.006673
v -0.065095 0.054466 -0.007096
v -0.065393 0.054462 -0.006972
v -0.061258 0.064039 -0.002933
v -0.061685 0.064024 -0.002507
v -0.061560 0.064034 -0.002808
v -0.045939 0.054466 -0.007096
v -0.045517 0.054452 -0.006674
v -0.045641 0.054462 -0.006972
v -0.049349 0.064024 -0.002507
v -0.049775 0.064039 -0.002933
v -0.049474 0.064034 -0.002808
v -0.065095 0.053780 0.012893
v -0.065517 0.053795 0.012471
v -0.065393 0.053785 0.012769
v -0.061685 0.063630 0.008970
v -0.061258 0.063616 0.009396
v -0.061560 0.063620 0.009271
v -0.045517 0.053795 0.012471
v -0.045939 0.053780 0.012893
v -0.045641 0.053785 0.012769
v -0.049775 0.063616 0.009396
v -0.049349 0.063630 0.008970
v -0.049474 0.063620 0.009271
v -0.048200 0.064379 -0.004494
v -0.047777 0.064364 -0.004071
v -0.047901 0.064376 -0.004370
v -0.047777 0.063863 0.010553
v -0.048200 0.063848 0.010977
v -0.047901 0.063854 0.010853
v -0.062833 0.063848 0.010977
v -0.063257 0.063863 0.010553
v -0.063133 0.063854 0.010853
v -0.063257 0.064364 -0.004071
v -0.062833 0.064379 -0.004494
v -0.063133 0.064376 -0.004370
v -0.028617 0.054466 -0.007096
v -0.028617 0.064039 -0.002933
v -0.028617 0.053780 0.012893
v -0.028617 0.063616 0.009396
v -0.018617 0.054123 0.002899
v -0.022449 0.063827 0.003231
v -0.038617 0.054123 0.002899
v -0.034784 0.063827 0.003231
v -0.028617 0.063449 0.003218
v -0.028617 0.054123 0.002899
v -0.028617 0.064315 -0.004496
v -0.020877 0.064049 0.003239
v -0.028617 0.063784 0.010974
v -0.036357 0.064049 0.003239
v -0.038617 0.054452 -0.006674
v -0.038194 0.054466 -0.007096
v -0.038493 0.054462 -0.006972
v -0.034358 0.064039 -0.002933
v -0.034784 0.064024 -0.002507
v -0.034660 0.064034 -0.002808
v -0.019039 0.054466 -0.007096
v -0.018617 0.054452 -0.006674
v -0.018740 0.054462 -0.006972
v -0.022449 0.064024 -0.002507
v -0.022875 0.064039 -0.002933
v -0.022574 0.064034 -0.002808
v -0.038194 0.053780 0.012893
v -0.038617 0.053795 0.012471
v -0.038493 0.053785 0.012769
v -0.034784 0.063630 0.008970
v -0.034358 0.063616 0.009396
v -0.034660 0.063620 0.009271
v -0.018617 0.053795 0.012471
v -0.019039 0.053780 0.012893
v -0.018740 0.053785 0.012769
v -0.022875 0.063616 0.009396
v -0.022449 0.063630 0.008970
v -0.022574 0.063620 0.009271
v -0.021300 0.064379 -0.004494
v -0.020877 0.064364 -0.004071
v -0.021001 0.064376 -0.004370
v -0.020877 0.063863 0.010553
v -0.021300 0.063848 0.010977
v -0.021001 0.063854 0.010853
v -0.035933 0.063848 0.010977
v -0.036357 0.063863 0.010553
v -0.036233 0.063854 0.010853
v -0.036357 0.064364 -0.004071
v -0.035933 0.064379 -0.004494
v -0.036233 0.064376 -0.004370
v 0.032248 0.054451 -0.006667
v 0.032248 0.064024 -0.002504
v 0.032248 0.053766 0.013322
v 0.032248 0.063601 0.009824
v 0.042248 0.054108 0.003327
v 0.038416 0.063812 0.003660
v 0.022248 0.054108 0.003327
v 0.026081 0.063812 0.003660
v 0.032248 0.063434 0.003647
v 0.032248 0.054108 0.003327
v 0.032248 0.064300 -0.004067
v 0.039988 0.064034 0.003668
v 0.032248 0.063769 0.011403
v 0.024509 0.064034 0.003668
v 0.022248 0.054437 -0.006245
v 0.022671 0.054451 -0.006667
v 0.022372 0.054447 -0.006543
v 0.026507 0.064024 -0.002504
v 0.026081 0.064009 -0.002078
v 0.026206 0.064020 -0.002379
v 0.041826 0.054451 -0.006667
v 0.042248 0.054437 -0.006245
v 0.042125 0.054447 -0.006543
v 0.038416 0.064009 -0.002078
v 0.037990 0.064024 -0.002504
v 0.038291 0.064020 -0.002379
v 0.022671 0.053766 0.013322
v 0.022248 0.053780 0.012900
v 0.022372 0.053770 0.013198
v 0.026081 0.063616 0.009398
v 0.026507 0.063601 0.009824
v 0.026206 0.063605 0.009700
v 0.042248 0.053780 0.012900
v 0.041826 0.053766 0.013322
v 0.042125 0.053770 0.013198
v 0.037990 0.063601 0.009824
v 0.038416 0.063616 0.009398
v 0.038291 0.063605 0.009700
v 0.039565 0.064364 -0.004065
v 0.039988 0.064350 -0.003642
v 0.039864 0.064362 -0.003941
v 0.039988 0.063848 0.010982
v 0.039565 0.063833 0.011405
v 0.039864 0.063839 0.011282
v 0.024932 0.063833 0.011405
v 0.024509 0.063848 0.010982
v 0.024633 0.063839 0.011282
v 0.024509 0.064350 -0.003642
v 0.024932 0.064364 -0.004065
v 0.024633 0.064362 -0.003941
v 0.059148 0.054451 -0.006667
v 0.059148 0.064024 -0.002504
v 0.059148 0.053766 0.013322
v 0.059148 0.063601 0.009824
v 0.069148 0.054108 0.003327
v 0.065316 0.063812 0.003660
v 0.049148 0.054108 0.003327
v 0.052981 0.063812 0.003660
v 0.059148 0.063434 0.003647
v 0.059148 0.054108 0.003327
v 0.059148 0.064300 -0.004067
v 0.066888 0.064034 0.003668
v 0.059148 0.063769 0.011403
v 0.051409 0.064034 0.003668
v 0.049148 0.054437 -0.006245
v 0.049571 0.054451 -0.006667
v 0.049272 0.054447 -0.006543
v 0.053407 0.064024 -0.002504
v 0.052981 0.064009 -0.002078
v 0.053106 0.064020 -0.002379
v 0.068726 0.054451 -0.006667
v 0.069148 0.054437 -0.006245
v 0.069025 0.054447 -0.006543
v 0.065316 0.064009 -0.002078
v 0.064890 0.064024 -0.002504
v 0.065191 0.064020 -0.002379
v 0.049571 0.053766 0.013322
v 0.049148 0.053780 0.012900
v 0.049272 0.053770 0.013198
v 0.052981 0.063616 0.009398
v 0.053407 0.063601 0.009824
v 0.053106 0.063605 0.009700
v 0.069148 0.053780 0.012900
v 0.068726 0.053766 0.013322
v 0.069025 0.053770 0.013198
v 0.064890 0.063601 0.009824
v 0.065316 0.063616 0.009398
v 0.065191 0.063605 0.009700
v 0.066465 0.064364 -0.004065
v 0.066888 0.064350 -0.003642
v 0.066764 0.064362 -0.003941
v 0.066888 0.063848 0.010982
v 0.066465 0.063833 0.011405
v 0.066764 0.063839 0.011282
v 0.051832 0.063833 0.011405
v 0.051409 0.063848 0.010982
v 0.051533 0.063839 0.011282
v 0.051409 0.064350 -0.003642
v 0.051832 0.064364 -0.004065
v 0.051533 0.064362 -0.003941
v 0.086048 0.054451 -0.006667
v 0.086048 0.064024 -0.002504
v 0.086048 0.053766 0.013322
v 0.086048 0.063601 0.009824
v 0.096048 0.054108 0.003327
v 0.092216 0.063812 0.003660
v 0.076048 0.054108 0.003327
v 0.079881 0.063812 0.003660
v 0.086048 0.063434 0.003647
v 0.086048 0.054108 0.003327
v 0.086048 0.064300 -0.004067
v 0.093788 0.064034 0.003668
v 0.086048 0.063769 0.011403
v 0.078309 0.064034 0.003668
v 0.076048 0.054437 -0.006245
v 0.076471 0.054451 -0.006667
v 0.076172 0.054447 -0.006543
v 0.080307 0.064024 -0.002504
v 0.079881 0.064009 -0.002078
v 0.080006 0.064020 -0.002379
v 0.095626 0.054451 -0.006667
v 0.096048 0.054437 -0.006245
v 0.095925 0.054447 -0.006543
v 0.092216 0.064009 -0.002078
v 0.091790 0.064024 -0.002504
v 0.092091 0.064020 -0.002379
v 0.076471 0.053766 0.013322
v 0.076048 0.053780 0.012900
v 0.076172 0.053770 0.013198
v 0.079881 0.063616 0.009398
v 0.080307 0.063601 0.009824
v 0.080006 0.063605 0.009700
v 0.096048 0.053780 0.012900
v 0.095626 0.053766 0.013322
v 0.095925 0.053770 0.013198
v 0.091790 0.063601 0.009824
v 0.092216 0.063616 0.009398
v 0.092091 0.063605 0.009700
v 0.093365 0.064364 -0.004065
v 0.093788 0.064350 -0.003642
v 0.093664 0.064362 -0.003941
v 0.093788 0.063848 0.010982
v 0.093365 0.063833 0.011405
v 0.093664 0.063839 0.011282
v 0.078732 0.063833 0.011405
v 0.078309 0.063848 0.010982
v 0.078433 0.063839 0.011282
v 0.078309 0.064350 -0.003642
v 0.078732 0.064364 -0.004065
v 0.078433 0.064362 -0.003941
v 0.059458 0.055380 -0.033731
v 0.059458 0.064952 -0.029568
v 0.059458 0.054694 -0.013743
v 0.059458 0.064529 -0.017240
v 0.069458 0.055037 -0.023737
v 0.065626 0.064741 -0.023404
v 0.049458 0.055037 -0.023737
v 0.053290 0.064741 -0.023404
v 0.059458 0.064362 -0.023417
v 0.059458 0.055037 -0.023737
v 0.059458 0.065228 -0.031132
v 0.067198 0.064963 -0.023397
v 0.059458 0.064698 -0.015661
v 0.051718 0.064963 -0.023397
v 0.049458 0.055365 -0.033309
v 0.049880 0.055380 -0.033731
v 0.049581 0.055376 -0.033608
v 0.053716 0.064952 -0.029568
v 0.053290 0.064938 -0.029142
v 0.053415 0.064948 -0.029444
v 0.069036 0.055380 -0.033731
v 0.069458 0.055365 -0.033309
v 0.069334 0.055376 -0.033608
v 0.065626 0.064938 -0.029142
v 0.065199 0.064952 -0.029568
v 0.065501 0.064948 -0.029444
v 0.049880 0.054694 -0.013743
v 0.049458 0.054709 -0.014165
v 0.049581 0.054698 -0.013867
v 0.053290 0.064544 -0.017666
v 0.053716 0.064529 -0.017240
v 0.053415 0.064534 -0.017365
v 0.069458 0.054709 -0.014165
v 0.069036 0.054694 -0.013743
v 0.069334 0.054698 -0.013867
v 0.065199 0.064529 -0.017240
v 0.065626 0.064544 -0.017666
v 0.065501 0.064534 -0.017365
v 0.066774 0.065293 -0.031130
v 0.067198 0.065278 -0.030707
v 0.067074 0.065290 -0.031006
v 0.067198 0.064776 -0.016082
v 0.066774 0.064762 -0.015659
v 0.067074 0.064768 -0.015783
v 0.052141 0.064762 -0.015659
v 0.051718 0.064776 -0.016082
v 0.051842 0.064768 -0.015783
v 0.051718 0.065278 -0.030707
v 0.052141 0.065293 -0.031130
v 0.051842 0.065290 -0.031006
v 0.086358 0.055380 -0.033731
v 0.086358 0.064952 -0.029568
v 0.086358 0.054694 -0.013743
v 0.086358 0.064529 -0.017240
v 0.096358 0.055037 -0.023737
v 0.092526 0.064741 -0.023404
v 0.076358 0.055037 -0.023737
v 0.080190 0.064741 -0.023404
v 0.086358 0.064362 -0.023417
v 0.086358 0.055037 -0.023737
v 0.086358 0.065228 -0.031132
v 0.094098 0.064963 -0.023397
v 0.086358 0.064698 -0.015661
v 0.078618 0.064963 -0.023397
v 0.076358 0.055365 -0.033309
v 0.076780 0.055380 -0.033731
v 0.076482 0.055376 -0.033608
v 0.080616 0.064952 -0.029568
v 0.080190 0.064938 -0.029142
v 0.080315 0.064948 -0.029444
v 0.095936 0.055380 -0.033731
v 0.096358 0.055365 -0.033309
v 0.096234 0.055376 -0.033608
v 0.092526 0.064938 -0.029142
v 0.092099 0.064952 -0.029568
v 0.092401 0.064948 -0.029444
v 0.076780 0.054694 -0.013743
v 0.076358 0.054709 -0.014165
v 0.076482 0.054698 -0.013867
v 0.080190 0.064544 -0.017666
v 0.080616 0.064529 -0.017240
v 0.080315 0.064534 -0.017365
v 0.096358 0.054709 -0.014165
v 0.095936 0.054694 -0.013743
v 0.096234 0.054698 -0.013867
v 0.092099 0.064529 -0.017240
v 0.092526 0.064544 -0.017666
v 0.092401 0.064534 -0.017365
v 0.093674 0.065293 -0.031130
v 0.094098 0.065278 -0.030707
v 0.093974 0.065290 -0.031006
v 0.094098 0.064776 -0.016082
v 0.093674 0.064762 -0.015659
v 0.093974 0.064768 -0.015783
v 0.079041 0.064762 -0.015659
v 0.078618 0.064776 -0.016082
v 0.078742 0.064768 -0.015783
v 0.078618 0.065278 -0.030707
v 0.079041 0.065293 -0.031130
v 0.078742 0.065290 -0.031006
v 0.086538 0.056301 -0.060582
v 0.086538 0.065874 -0.056419
v 0.086538 0.055615 -0.040593
v 0.086538 0.065451 -0.044090
v 0.096538 0.055958 -0.050587
v 0.092706 0.065662 -0.050255
v 0.076538 0.055958 -0.050587
v 0.080371 0.065662 -0.050255
v 0.086538 0.065284 -0.050268
v 0.086538 0.055958 -0.050587
v 0.086538 0.066149 -0.057982
v 0.094278 0.065884 -0.050247
v 0.086538 0.065619 -0.042512
v 0.078799 0.065884 -0.050247
v 0.076538 0.056286 -0.060160
v 0.076961 0.056301 -0.060582
v 0.076662 0.056297 -0.060458
v 0.080797 0.065874 -0.056419
v 0.080371 0.065859 -0.055993
v 0.080495 0.065869 -0.056294
v 0.096116 0.056301 -0.060582
v 0.096538 0.056286 -0.060160
v 0.096415 0.056297 -0.060458
v 0.092706 0.065859 -0.055993
v 0.092280 0.065874 -0.056419
v 0.092581 0.065869 -0.056294
v 0.076961 0.055615 -0.040593
v 0.076538 0.055630 -0.041015
v 0.076662 0.055619 -0.040717
v 0.080371 0.065465 -0.044516
v 0.080797 0.065451 -0.044090
v 0.080495 0.065455 -0.044215
v 0.096538 0.055630 -0.041015
v 0.096116 0.055615 -0.040593
v 0.096415 0.055619 -0.040717
v 0.092280 0.065451 -0.044090
v 0.092706 0.065465 -0.044516
v 0.092581 0.065455 -0.044215
v 0.093855 0.066214 -0.057980
v 0.094278 0.066199 -0.057557
v 0.094154 0.066211 -0.057856
v 0.094278 0.065698 -0.042933
v 0.093855 0.065683 -0.042509
v 0.094154 0.065689 -0.042633
v 0.079222 0.065683 -0.042509
v 0.078799 0.065698 -0.042933
v 0.078923 0.065689 -0.042633
v 0.078799 0.066199 -0.057557
v 0.079222 0.066214 -0.057980
v 0.078923 0.066211 -0.057856
v 0.086538 0.057215 -0.087217
v 0.086538 0.066787 -0.083054
v 0.086538 0.056529 -0.067229
v 0.086538 0.066364 -0.070726
v 0.096538 0.056872 -0.077223
v 0.092706 0.066576 -0.076890
v 0.076538 0.056872 -0.077223
v 0.080371 0.066576 -0.076890
v 0.086538 0.066197 -0.076903
v 0.086538 0.056872 -0.077223
v 0.086538 0.067063 -0.084618
v 0.094278 0.066798 -0.076883
v 0.086538 0.066533 -0.069147
v 0.078799 0.066798 -0.076883
v 0.076538 0.057200 -0.086795
v 0.076961 0.057215 -0.087217
v 0.076662 0.057211 -0.087094
v 0.080797 0.066787 -0.083054
v 0.080371 0.066773 -0.082628
v 0.080495 0.066783 -0.082930
v 0.096116 0.057215 -0.087217
v 0.096538 0.057200 -0.086795
v 0.096415 0.057211 -0.087094
v 0.092706 0.066773 -0.082628
v 0.092280 0.066787 -0.083054
v 0.092581 0.066783 -0.082930
v 0.076961 0.056529 -0.067229
v 0.076538 0.056544 -0.067651
v 0.076662 0.056533 -0.067353
v 0.080371 0.066379 -0.071152
v 0.080797 0.066364 -0.070726
v 0.080495 0.066369 -0.070851
v 0.096538 0.056544 -0.067651
v 0.096116 0.056529 -0.067229
v 0.096415 0.056533 -0.067353
v 0.092280 0.066364 -0.070726
v 0.092706 0.066379 -0.071152
v 0.092581 0.066369 -0.070851
v 0.093855 0.067128 -0.084616
v 0.094278 0.067113 -0.084193
v 0.094154 0.067125 -0.084492
v 0.094278 0.066611 -0.069568
v 0.093855 0.066597 -0.069145
v 0.094154 0.066603 -0.069269
v 0.079222 0.066597 -0.069145
v 0.078799 0.066611 -0.069568
v 0.078923 0.066603 -0.069269
v 0.078799 0.067113 -0.084193
v 0.079222 0.067128 -0.084616
v 0.078923 0.067125 -0.084492
v 0.086538 0.058140 -0.114196
v 0.086538 0.067713 -0.110033
v 0.086538 0.057455 -0.094208
v 0.086538 0.067290 -0.097705
v 0.096538 0.057797 -0.104202
v 0.092706 0.067501 -0.103869
v 0.076538 0.057797 -0.104202
v 0.080371 0.067501 -0.103869
v 0.086538 0.067123 -0.103882
v 0.086538 0.057797 -0.104202
v 0.086538 0.067989 -0.111597
v 0.094278 0.067723 -0.103862
v 0.086538 0.067458 -0.096126
v 0.078799 0.067723 -0.103862
v 0.076538 0.058126 -0.113774
v 0.076961 0.058140 -0.114196
v 0.076662 0.058136 -0.114073
v 0.080797 0.067713 -0.110033
v 0.080371 0.067698 -0.109607
v 0.080495 0.067709 -0.109908
v 0.096116 0.058140 -0.114196
v 0.096538 0.058126 -0.113774
v 0.096415 0.058136 -0.114073
v 0.092706 0.067698 -0.109607
v 0.092280 0.067713 -0.110033
v 0.092581 0.067709 -0.109909
v 0.076961 0.057455 -0.094208
v 0.076538 0.057469 -0.094630
v 0.076662 0.057459 -0.094332
v 0.080371 0.067305 -0.098131
v 0.080797 0.067290 -0.097705
v 0.080495 0.067294 -0.097830
v 0.096538 0.057469 -0.094630
v 0.096116 0.057455 -0.094208
v 0.096415 0.057459 -0.094332
v 0.092280 0.067290 -0.097705
v 0.092706 0.067305 -0.098131
v 0.092581 0.067294 -0.097830
v 0.093855 0.068053 -0.111595
v 0.094278 0.068039 -0.111172
v 0.094154 0.068051 -0.111471
v 0.094278 0.067537 -0.096547
v 0.093855 0.067522 -0.096124
v 0.094154 0.067528 -0.096248
v 0.079222 0.067522 -0.096124
v 0.078799 0.067537 -0.096547
v 0.078923 0.067528 -0.096248
v 0.078799 0.068039 -0.111172
v 0.079222 0.068053 -0.111595
v 0.078923 0.068051 -0.111471
v -0.317182 0.058140 -0.114196
v -0.317182 0.067713 -0.110033
v -0.317182 0.057455 -0.094208
v -0.317182 0.067290 -0.097705
v -0.307182 0.057797 -0.104202
v -0.311014 0.067501 -0.103869
v -0.327182 0.057797 -0.104202
v -0.323349 0.067501 -0.103869
v -0.317182 0.067123 -0.103882
v -0.317182 0.057797 -0.104202
v -0.317182 0.067989 -0.111597
v -0.309442 0.067723 -0.103862
v -0.317182 0.067458 -0.096126
v -0.324921 0.067723 -0.103862
v -0.327182 0.058126 -0.113774
v -0.326759 0.058140 -0.114196
v -0.327058 0.058136 -0.114073
v -0.322923 0.067713 -0.110033
v -0.323349 0.067698 -0.109607
v -0.323224 0.067709 -0.109908
v -0.307604 0.058140 -0.114196
v -0.307182 0.058126 -0.113774
v -0.307305 0.058136 -0.114073
v -0.311014 0.067698 -0.109607
v -0.311440 0.067713 -0.110033
v -0.311139 0.067709 -0.109909
v -0.326759 0.057455 -0.094208
v -0.327182 0.057469 -0.094630
v -0.327058 0.057459 -0.094332
v -0.323349 0.067305 -0.098131
v -0.322923 0.067290 -0.097705
v -0.323224 0.067294 -0.097830
v -0.307182 0.057469 -0.094630
v -0.307604 0.057455 -0.094208
v -0.307305 0.057459 -0.094332
v -0.311440 0.067290 -0.097705
v -0.311014 0.067305 -0.098131
v -0.311139 0.067294 -0.097830
v -0.309865 0.068053 -0.111595
v -0.309442 0.068039 -0.111172
v -0.309566 0.068051 -0.111471
v -0.309442 0.067537 -0.096547
v -0.309865 0.067522 -0.096124
v -0.309566 0.067528 -0.096248
v -0.324498 0.067522 -0.096124
v -0.324921 0.067537 -0.096547
v -0.324797 0.067528 -0.096248
v -0.324921 0.068039 -0.111172
v -0.324498 0.068053 -0.111595
v -0.324797 0.068051 -0.111471
v -0.314782 0.054466 -0.007107
v -0.314782 0.064039 -0.002944
v -0.314782 0.053781 0.012882
v -0.314782 0.063616 0.009385
v -0.300419 0.054124 0.002888
v -0.305923 0.063828 0.003220
v -0.329145 0.054124 0.002888
v -0.323640 0.063828 0.003220
v -0.314782 0.063449 0.003208
v -0.314782 0.054124 0.002888
v -0.314782 0.064315 -0.004507
v -0.303665 0.064050 0.003228
v -0.314782 0.063784 0.010963
v -0.325898 0.064050 0.003228
v -0.329145 0.054456 -0.006814
v -0.328724 0.054466 -0.007107
v -0.329022 0.054463 -0.007021
v -0.323216 0.064039 -0.002944
v -0.323640 0.064029 -0.002648
v -0.323516 0.064036 -0.002857
v -0.300839 0.054466 -0.007107
v -0.300419 0.054456 -0.006814
v -0.300542 0.054463 -0.007021
v -0.305923 0.064029 -0.002648
v -0.306348 0.064039 -0.002944
v -0.306048 0.064036 -0.002857
v -0.328724 0.053781 0.012882
v -0.329145 0.053791 0.012589
v -0.329022 0.053784 0.012796
v -0.323640 0.063626 0.009089
v -0.323216 0.063616 0.009385
v -0.323516 0.063619 0.009298
v -0.300419 0.053791 0.012589
v -0.300839 0.053781 0.012882
v -0.300542 0.053784 0.012796
v -0.306348 0.063616 0.009385
v -0.305923 0.063626 0.009089
v -0.306048 0.063619 0.009298
v -0.304087 0.064380 -0.004505
v -0.303665 0.064370 -0.004212
v -0.303789 0.064379 -0.004419
v -0.303665 0.063860 0.010672
v -0.304087 0.063850 0.010966
v -0.303789 0.063854 0.010880
v -0.325477 0.063850 0.010966
v -0.325898 0.063860 0.010672
v -0.325775 0.063854 0.010880
v -0.325898 0.064370 -0.004212
v -0.325477 0.064380 -0.004505
v -0.325775 0.064379 -0.004419
v -0.300768 0.055387 -0.033947
v -0.300768 0.064960 -0.029784
v -0.300768 0.054701 -0.013958
v -0.300768 0.064537 -0.017456
v -0.273182 0.055044 -0.023952
v -0.282226 0.064748 -0.023620
v -0.328355 0.055044 -0.023952
v -0.319311 0.064748 -0.023620
v -0.300768 0.064370 -0.023633
v -0.300768 0.055044 -0.023952
v -0.300768 0.065236 -0.031347
v -0.277499 0.064970 -0.023612
v -0.300768 0.064705 -0.015877
v -0.324037 0.064970 -0.023612
v -0.328355 0.055377 -0.033654
v -0.327547 0.055387 -0.033947
v -0.328118 0.055384 -0.033861
v -0.318423 0.064960 -0.029784
v -0.319311 0.064950 -0.029488
v -0.319051 0.064957 -0.029697
v -0.273989 0.055387 -0.033947
v -0.273182 0.055377 -0.033654
v -0.273418 0.055384 -0.033861
v -0.282226 0.064950 -0.029488
v -0.283114 0.064960 -0.029784
v -0.282486 0.064957 -0.029697
v -0.327547 0.054701 -0.013958
v -0.328355 0.054712 -0.014251
v -0.328118 0.054704 -0.014044
v -0.319311 0.064547 -0.017751
v -0.318423 0.064537 -0.017456
v -0.319051 0.064540 -0.017542
v -0.273182 0.054711 -0.014251
v -0.273989 0.054701 -0.013958
v -0.273418 0.054704 -0.014044
v -0.283114 0.064537 -0.017456
v -0.282226 0.064547 -0.017751
v -0.282486 0.064540 -0.017542
v -0.278381 0.065301 -0.031345
v -0.277499 0.065291 -0.031052
v -0.277757 0.065299 -0.031259
v -0.277499 0.064781 -0.016168
v -0.278381 0.064771 -0.015874
v -0.277757 0.064775 -0.015960
v -0.323155 0.064771 -0.015874
v -0.324037 0.064781 -0.016168
v -0.323779 0.064775 -0.015960
v -0.324037 0.065291 -0.031052
v -0.323155 0.065301 -0.031345
v -0.323779 0.065299 -0.031259
v -0.307640 0.056302 -0.060606
v -0.307640 0.065874 -0.056444
v -0.307640 0.055616 -0.040618
v -0.307640 0.065452 -0.044115
v -0.287063 0.055959 -0.050612
v -0.294949 0.065663 -0.050279
v -0.328217 0.055959 -0.050612
v -0.320331 0.065663 -0.050279
v -0.307640 0.065284 -0.050292
v -0.307640 0.055959 -0.050612
v -0.307640 0.066150 -0.058007
v -0.291714 0.065885 -0.050272
v -0.307640 0.065620 -0.042537
v -0.323566 0.065885 -0.050272
v -0.328217 0.056292 -0.060314
v -0.327615 0.056302 -0.060606
v -0.328041 0.056299 -0.060521
v -0.319724 0.065874 -0.056444
v -0.320331 0.065864 -0.056148
v -0.320153 0.065871 -0.056357
v -0.287665 0.056302 -0.060606
v -0.287063 0.056292 -0.060314
v -0.287239 0.056299 -0.060521
v -0.294949 0.065864 -0.056148
v -0.295556 0.065874 -0.056444
v -0.295127 0.065871 -0.056357
v -0.327615 0.055616 -0.040618
v -0.328217 0.055626 -0.040911
v -0.328041 0.055619 -0.040704
v -0.320331 0.065462 -0.044411
v -0.319724 0.065452 -0.044115
v -0.320153 0.065454 -0.044202
v -0.287063 0.055626 -0.040911
v -0.287665 0.055616 -0.040618
v -0.287239 0.055619 -0.040704
v -0.295556 0.065452 -0.044115
v -0.294949 0.065462 -0.044411
v -0.295127 0.065454 -0.044202
v -0.292317 0.066216 -0.058005
v -0.291714 0.066206 -0.057712
v -0.291890 0.066214 -0.057919
v -0.291714 0.065695 -0.042828
v -0.292317 0.065685 -0.042534
v -0.291890 0.065689 -0.042620
v -0.322963 0.065685 -0.042534
v -0.323566 0.065695 -0.042828
v -0.323390 0.065689 -0.042620
v -0.323566 0.066206 -0.057712
v -0.322963 0.066216 -0.058005
v -0.323390 0.066214 -0.057919
v -0.310434 0.057208 -0.087019
v -0.310434 0.066781 -0.082856
v -0.310434 0.056522 -0.067030
v -0.310434 0.066358 -0.070528
v -0.293035 0.056865 -0.077025
v -0.299702 0.066569 -0.076692
v -0.327833 0.056865 -0.077025
v -0.321165 0.066569 -0.076692
v -0.310434 0.066191 -0.076705
v -0.310434 0.056865 -0.077025
v -0.310434 0.067056 -0.084419
v -0.296967 0.066791 -0.076684
v -0.310434 0.066526 -0.068949
v -0.323900 0.066791 -0.076684
v -0.327833 0.057198 -0.086726
v -0.327324 0.057208 -0.087019
v -0.327684 0.057205 -0.086933
v -0.320651 0.066781 -0.082856
v -0.321165 0.066770 -0.082561
v -0.321014 0.066778 -0.082769
v -0.293544 0.057208 -0.087019
v -0.293035 0.057198 -0.086726
v -0.293184 0.057205 -0.086933
v -0.299702 0.066770 -0.082561
v -0.300216 0.066781 -0.082856
v -0.299853 0.066778 -0.082769
v -0.327324 0.056522 -0.067030
v -0.327833 0.056532 -0.067323
v -0.327684 0.056525 -0.067116
v -0.321165 0.066368 -0.070823
v -0.320651 0.066358 -0.070528
v -0.321014 0.066361 -0.070614
v -0.293035 0.056532 -0.067323
v -0.293544 0.056522 -0.067030
v -0.293184 0.056525 -0.067116
v -0.300216 0.066358 -0.070528
v -0.299702 0.066368 -0.070823
v -0.299853 0.066361 -0.070614
v -0.297478 0.067122 -0.084417
v -0.296967 0.067112 -0.084124
v -0.297117 0.067120 -0.084331
v -0.296967 0.066601 -0.069240
v -0.297478 0.066591 -0.068947
v -0.297117 0.066595 -0.069032
v -0.323390 0.066591 -0.068947
v -0.323900 0.066601 -0.069240
v -0.323751 0.066595 -0.069032
v -0.323900 0.067112 -0.084124
v -0.323390 0.067122 -0.084417
v -0.323751 0.067120 -0.084331
v -0.143042 0.054466 -0.007107
v -0.143042 0.064039 -0.002944
v -0.143042 0.053781 0.012882
v -0.143042 0.063616 0.009385
v -0.072229 0.054124 0.002888
v -0.099367 0.063828 0.003220
v -0.213856 0.054124 0.002888
v -0.186718 0.063828 0.003220
v -0.143042 0.063449 0.003208
v -0.143042 0.054124 0.002888
v -0.143042 0.064315 -0.004507
v -0.076233 0.064050 0.003228
v -0.143042 0.063784 0.010963
v -0.209851 0.064050 0.003228
v -0.213856 0.054456 -0.006814
v -0.211783 0.054466 -0.007107
v -0.213249 0.054463 -0.007021
v -0.184626 0.064039 -0.002944
v -0.186718 0.064029 -0.002648
v -0.186105 0.064036 -0.002857
v -0.074301 0.054466 -0.007107
v -0.072229 0.054456 -0.006814
v -0.072836 0.054463 -0.007021
v -0.099367 0.064029 -0.002648
v -0.101458 0.064039 -0.002944
v -0.099979 0.064036 -0.002857
v -0.211783 0.053781 0.012882
v -0.213856 0.053791 0.012589
v -0.213249 0.053784 0.012796
v -0.186718 0.063626 0.009089
v -0.184626 0.063616 0.009385
v -0.186105 0.063619 0.009298
v -0.072229 0.053791 0.012589
v -0.074301 0.053781 0.012882
v -0.072836 0.053784 0.012796
v -0.101458 0.063616 0.009385
v -0.099367 0.063626 0.009089
v -0.099979 0.063619 0.009298
v -0.078766 0.064380 -0.004505
v -0.076233 0.064370 -0.004212
v -0.076975 0.064379 -0.004419
v -0.076233 0.063860 0.010672
v -0.078766 0.063850 0.010966
v -0.076975 0.063854 0.010880
v -0.207319 0.063850 0.010966
v -0.209851 0.063860 0.010672
v -0.209109 0.063854 0.010880
v -0.209851 0.064370 -0.004212
v -0.207319 0.064380 -0.004505
v -0.209109 0.064379 -0.004419
v 0.052412 0.057208 -0.087019
v 0.052412 0.066781 -0.082856
v 0.052412 0.056522 -0.067030
v 0.052412 0.066358 -0.070528
v 0.069811 0.056865 -0.077025
v 0.063143 0.066569 -0.076692
v 0.035013 0.056865 -0.077025
v 0.041681 0.066569 -0.076692
v 0.052412 0.066191 -0.076705
v 0.052412 0.056865 -0.077025
v 0.052412 0.067056 -0.084419
v 0.065879 0.066791 -0.076684
v 0.052412 0.066526 -0.068949
v 0.038946 0.066791 -0.076684
v 0.035013 0.057198 -0.086726
v 0.035522 0.057208 -0.087019
v 0.035162 0.057205 -0.086933
v 0.042195 0.066781 -0.082856
v 0.041681 0.066770 -0.082561
v 0.041831 0.066778 -0.082769
v 0.069302 0.057208 -0.087019
v 0.069811 0.057198 -0.086726
v 0.069662 0.057205 -0.086933
v 0.063143 0.066770 -0.082561
v 0.062629 0.066781 -0.082856
v 0.062993 0.066778 -0.082769
v 0.035522 0.056522 -0.067030
v 0.035013 0.056532 -0.067323
v 0.035162 0.056525 -0.067116
v 0.041681 0.066368 -0.070823
v 0.042195 0.066358 -0.070528
v 0.041831 0.066361 -0.070614
v 0.069811 0.056532 -0.067323
v 0.069302 0.056522 -0.067030
v 0.069662 0.056525 -0.067116
v 0.062629 0.066358 -0.070528
v 0.063143 0.066368 -0.070823
v 0.062993 0.066361 -0.070614
v 0.065368 0.067122 -0.084417
v 0.065879 0.067112 -0.084124
v 0.065729 0.067120 -0.084331
v 0.065879 0.066601 -0.069240
v 0.065368 0.066591 -0.068947
v 0.065729 0.066595 -0.069032
v 0.039456 0.066591 -0.068947
v 0.038946 0.066601 -0.069240
v 0.039095 0.066595 -0.069032
v 0.038946 0.067112 -0.084124
v 0.039456 0.067122 -0.084417
v 0.039095 0.067120 -0.084331
v 0.042514 0.056303 -0.060632
v 0.042514 0.065875 -0.056469
v 0.042514 0.055617 -0.040643
v 0.042514 0.065452 -0.044141
v 0.070101 0.055960 -0.050638
v 0.061329 0.065664 -0.050305
v 0.014928 0.055960 -0.050638
v 0.023699 0.065664 -0.050305
v 0.042514 0.065285 -0.050318
v 0.042514 0.055960 -0.050638
v 0.042514 0.066151 -0.058032
v 0.066125 0.065886 -0.050297
v 0.042514 0.065620 -0.042562
v 0.018904 0.065886 -0.050297
v 0.014928 0.056293 -0.060339
v 0.015735 0.056303 -0.060632
v 0.015164 0.056300 -0.060546
v 0.024600 0.065875 -0.056469
v 0.023699 0.065865 -0.056174
v 0.023963 0.065872 -0.056382
v 0.069293 0.056303 -0.060632
v 0.070101 0.056293 -0.060339
v 0.069864 0.056300 -0.060546
v 0.061329 0.065865 -0.056174
v 0.060428 0.065875 -0.056469
v 0.061065 0.065872 -0.056382
v 0.015735 0.055617 -0.040643
v 0.014928 0.055627 -0.040936
v 0.015164 0.055620 -0.040729
v 0.023699 0.065462 -0.044436
v 0.024600 0.065452 -0.044141
v 0.023963 0.065455 -0.044227
v 0.070101 0.055627 -0.040936
v 0.069293 0.055617 -0.040643
v 0.069864 0.055620 -0.040729
v 0.060428 0.065452 -0.044141
v 0.061329 0.065462 -0.044436
v 0.061065 0.065455 -0.044227
v 0.065230 0.066217 -0.058030
v 0.066125 0.066207 -0.057737
v 0.065863 0.066215 -0.057944
v 0.066125 0.065696 -0.042853
v 0.065230 0.065686 -0.042560
v 0.065863 0.065690 -0.042645
v 0.019799 0.065686 -0.042560
v 0.018904 0.065696 -0.042853
v 0.019166 0.065690 -0.042645
v 0.018904 0.066207 -0.057737
v 0.019799 0.066217 -0.058030
v 0.019166 0.066215 -0.057944
v 0.022308 0.055371 -0.033467
v 0.022308 0.064943 -0.029304
v 0.022308 0.054685 -0.013479
v 0.022308 0.064520 -0.016976
v 0.042885 0.055028 -0.023473
v 0.035000 0.064732 -0.023140
v 0.001731 0.055028 -0.023473
v 0.009617 0.064732 -0.023140
v 0.022308 0.064353 -0.023153
v 0.022308 0.055028 -0.023473
v 0.022308 0.065219 -0.030868
v 0.038235 0.064954 -0.023133
v 0.022308 0.064689 -0.015398
v 0.006382 0.064954 -0.023133
v 0.001731 0.055361 -0.033175
v 0.002333 0.055371 -0.033467
v 0.001907 0.055368 -0.033382
v 0.010225 0.064943 -0.029304
v 0.009617 0.064933 -0.029009
v 0.009795 0.064940 -0.029218
v 0.042283 0.055371 -0.033467
v 0.042885 0.055361 -0.033175
v 0.042709 0.055368 -0.033382
v 0.035000 0.064933 -0.029009
v 0.034392 0.064943 -0.029304
v 0.034822 0.064940 -0.029218
v 0.002333 0.054685 -0.013479
v 0.001731 0.054695 -0.013772
v 0.001907 0.054688 -0.013565
v 0.009617 0.064531 -0.017272
v 0.010225 0.064520 -0.016976
v 0.009795 0.064523 -0.017063
v 0.042885 0.054695 -0.013772
v 0.042283 0.054685 -0.013479
v 0.042709 0.054688 -0.013565
v 0.034392 0.064520 -0.016976
v 0.035000 0.064531 -0.017272
v 0.034822 0.064523 -0.017063
v 0.037631 0.065285 -0.030866
v 0.038235 0.065275 -0.030573
v 0.038058 0.065283 -0.030780
v 0.038235 0.064764 -0.015688
v 0.037631 0.064754 -0.015395
v 0.038058 0.064758 -0.015481
v 0.006986 0.064754 -0.015395
v 0.006382 0.064764 -0.015688
v 0.006559 0.064758 -0.015481
v 0.006382 0.065275 -0.030573
v 0.006986 0.065285 -0.030866
v 0.006559 0.065283 -0.030780
v 0.045505 0.058147 -0.114398
v 0.045505 0.067720 -0.110235
v 0.045505 0.057462 -0.094410
v 0.045505 0.067297 -0.097907
v 0.069766 0.057804 -0.104404
v 0.060469 0.067508 -0.104071
v 0.021244 0.057804 -0.104404
v 0.030542 0.067508 -0.104071
v 0.045505 0.067130 -0.104084
v 0.045505 0.057804 -0.104404
v 0.045505 0.067996 -0.111799
v 0.064283 0.067730 -0.104064
v 0.045505 0.067465 -0.096328
v 0.026728 0.067730 -0.104064
v 0.021244 0.058137 -0.114106
v 0.021954 0.058147 -0.114398
v 0.021452 0.058144 -0.114313
v 0.031258 0.067720 -0.110235
v 0.030542 0.067710 -0.109940
v 0.030752 0.067717 -0.110149
v 0.069056 0.058147 -0.114398
v 0.069766 0.058137 -0.114106
v 0.069558 0.058144 -0.114313
v 0.060469 0.067710 -0.109940
v 0.059752 0.067720 -0.110235
v 0.060259 0.067717 -0.110149
v 0.021954 0.057462 -0.094410
v 0.021244 0.057472 -0.094702
v 0.021452 0.057464 -0.094496
v 0.030542 0.067307 -0.098202
v 0.031258 0.067297 -0.097907
v 0.030752 0.067300 -0.097994
v 0.069766 0.057472 -0.094702
v 0.069056 0.057462 -0.094410
v 0.069558 0.057464 -0.094496
v 0.059752 0.067297 -0.097907
v 0.060469 0.067307 -0.098202
v 0.060259 0.067300 -0.097994
v 0.063571 0.068061 -0.111797
v 0.064283 0.068051 -0.111503
v 0.064074 0.068059 -0.111711
v 0.064283 0.067541 -0.096619
v 0.063571 0.067531 -0.096326
v 0.064074 0.067535 -0.096412
v 0.027439 0.067531 -0.096326
v 0.026728 0.067541 -0.096619
v 0.026936 0.067535 -0.096412
v 0.026728 0.068051 -0.111503
v 0.027439 0.068061 -0.111797
v 0.026936 0.068059 -0.111711
v 0.001963 0.054454 -0.006736
v 0.001963 0.064026 -0.002573
v 0.001963 0.053768 0.013252
v 0.001963 0.063603 0.009755
v 0.016054 0.054111 0.003258
v 0.010654 0.063815 0.003591
v -0.012128 0.054111 0.003258
v -0.006728 0.063815 0.003591
v 0.001963 0.063436 0.003578
v 0.001963 0.054111 0.003258
v 0.001963 0.064302 -0.004137
v 0.012869 0.064037 0.003598
v 0.001963 0.063771 0.011334
v -0.008943 0.064037 0.003598
v -0.012128 0.054444 -0.006444
v -0.011716 0.054454 -0.006736
v -0.012008 0.054451 -0.006651
v -0.006312 0.064026 -0.002573
v -0.006728 0.064016 -0.002278
v -0.006606 0.064023 -0.002487
v 0.015642 0.054454 -0.006736
v 0.016054 0.054444 -0.006444
v 0.015933 0.054451 -0.006651
v 0.010654 0.064016 -0.002278
v 0.010238 0.064026 -0.002573
v 0.010532 0.064023 -0.002487
v -0.011716 0.053768 0.013252
v -0.012128 0.053778 0.012959
v -0.012008 0.053771 0.013166
v -0.006728 0.063614 0.009460
v -0.006312 0.063603 0.009755
v -0.006606 0.063606 0.009668
v 0.016054 0.053778 0.012959
v 0.015642 0.053768 0.013252
v 0.015933 0.053771 0.013166
v 0.010238 0.063603 0.009755
v 0.010654 0.063614 0.009460
v 0.010532 0.063606 0.009668
v 0.012456 0.064368 -0.004135
v 0.012869 0.064358 -0.003842
v 0.012748 0.064366 -0.004049
v 0.012869 0.063847 0.011043
v 0.012456 0.063837 0.011336
v 0.012748 0.063841 0.011250
v -0.008530 0.063837 0.011336
v -0.008943 0.063847 0.011043
v -0.008822 0.063841 0.011250
v -0.008943 0.064358 -0.003842
v -0.008530 0.064368 -0.004135
v -0.008822 0.064366 -0.004049
vn -0.0560 0.3558 0.9329
vn -0.0524 0.4736 0.8792
vn -0.2377 0.4599 0.8556
vn -0.2526 0.3439 0.9044
vn 0.1989 0.7027 0.6831
vn 0.1784 0.7531 0.6332
vn 0.0389 0.7624 0.6459
vn 0.0420 0.7246 0.6879
vn -0.2680 -0.0000 -0.9634
vn -0.2609 -0.2186 -0.9403
vn -0.3999 -0.2135 -0.8913
vn -0.4102 -0.0000 -0.9120
vn -0.8464 0.1883 -0.4981
vn -0.8590 -0.0046 -0.5119
vn -0.8590 -0.0045 -0.5119
vn -0.9469 0.1951 -0.2554
vn -0.6157 0.3994 0.6792
vn -0.3877 0.3235 0.8632
vn -0.1748 -0.9833 -0.0500
vn -0.1255 -0.9817 -0.1435
vn -0.0491 -0.9827 -0.1787
vn -0.0106 -0.9838 -0.1789
vn 0.0106 -0.9838 -0.1789
vn 0.0491 -0.9827 -0.1787
vn 0.1255 -0.9817 -0.1435
vn 0.1748 -0.9833 -0.0500
vn 0.1877 -0.9799 0.0675
vn 0.1438 -0.9716 0.1881
vn 0.0618 -0.9702 0.2344
vn 0.0139 -0.9723 0.2332
vn -0.0139 -0.9723 0.2332
vn -0.0618 -0.9702 0.2344
vn -0.1438 -0.9716 0.1881
vn -0.1876 -0.9799 0.0675
vn -0.1989 0.7027 0.6831
vn -0.1784 0.7531 0.6332
vn -0.5258 0.6521 0.5462
vn -0.6085 0.5205 0.5991
vn 0.3877 0.3235 0.8632
vn 0.6157 0.3994 0.6792
vn 0.2377 0.4599 0.8556
vn 0.2526 0.3439 0.9044
vn -1.0000 -0.0000 -0.0000
vn -0.0389 0.7624 0.6459
vn 0.0501 0.5547 0.8305
vn -0.0501 0.5547 0.8305
vn 0.0599 -0.0000 -0.9982
vn -0.0599 -0.0000 -0.9982
vn -0.0599 -0.0086 -0.9982
vn 0.0599 -0.0086 -0.9982
vn 1.0000 -0.0000 -0.0000
vn 0.0560 0.3558 0.9329
vn -0.7503 0.4873 0.4467
vn -0.7441 0.5016 0.4413
vn -0.8591 -0.0000 -0.5118
vn -0.2281 0.5463 0.8059
vn -0.3567 0.4947 0.7925
vn -0.7995 0.3663 0.4760
vn -0.8229 0.2878 0.4899
vn -0.2681 -0.0084 -0.9633
vn -0.4101 -0.0079 -0.9120
vn -0.8431 0.1911 0.5027
vn -0.8441 0.1843 0.5036
vn 0.8591 -0.0000 -0.5118
vn 0.4102 -0.0000 -0.9120
vn 0.2680 -0.0000 -0.9634
vn 0.8590 -0.0045 -0.5119
vn 0.8590 -0.0046 -0.5119
vn 0.4101 -0.0079 -0.9120
vn 0.2681 -0.0084 -0.9633
vn 0.2281 0.5463 0.8059
vn 0.5258 0.6521 0.5462
vn 0.3567 0.4947 0.7925
vn 0.7995 0.3663 0.4760
vn 0.7503 0.4873 0.4467
vn 0.8229 0.2878 0.4899
vn 0.8431 0.1911 0.5027
vn 0.8441 0.1843 0.5036
vn -0.0420 0.7246 0.6879
vn -0.8377 -0.2163 -0.5016
vn -0.9371 -0.2332 -0.2596
vn -0.9268 -0.3754 -0.0001
vn 0.0583 -0.2175 -0.9743
vn -0.0583 -0.2175 -0.9743
vn 0.7441 0.5016 0.4413
vn 0.6085 0.5205 0.5991
vn 0.0524 0.4736 0.8792
vn -0.0593 0.1830 -0.9813
vn -0.2648 0.1836 -0.9467
vn -0.9294 0.2702 0.2514
vn 0.0593 0.1830 -0.9813
vn -0.4060 0.1742 -0.8971
vn 0.9469 0.1951 -0.2554
vn 0.9294 0.2702 0.2514
vn 0.8464 0.1883 -0.4981
vn 0.9268 -0.3755 -0.0001
vn 0.9371 -0.2332 -0.2597
vn 0.2609 -0.2186 -0.9403
vn 0.2648 0.1836 -0.9467
vn 0.4060 0.1742 -0.8971
vn 0.4000 -0.2135 -0.8913
vn 0.8377 -0.2163 -0.5016
vn -0.0103 0.9788 0.2044
vn -0.0492 0.9771 0.2071
vn -0.0867 0.9343 0.3458
vn -0.0195 0.9339 0.3569
vn -0.0471 0.6085 0.7921
vn -0.2162 0.6021 0.7686
vn -0.1347 0.9749 0.1773
vn -0.2147 0.9363 0.2779
vn -0.5697 0.5633 0.5985
vn -0.2027 0.9757 0.0830
vn -0.3368 0.9325 0.1304
vn -0.8690 0.4526 0.2002
vn -0.0567 0.9837 -0.1707
vn -0.0122 0.9855 -0.1693
vn -0.0231 0.9356 -0.3522
vn -0.1022 0.9366 -0.3351
vn -0.2497 0.3819 -0.8898
vn -0.0561 0.3780 -0.9241
vn -0.1467 0.9803 -0.1324
vn -0.2447 0.9390 -0.2417
vn -0.3842 0.3786 -0.8420
vn -0.2089 0.9776 -0.0251
vn -0.3535 0.9332 -0.0647
vn -0.8856 0.3985 -0.2388
vn -0.7990 0.3833 -0.4634
vn 0.2027 0.9757 0.0830
vn 0.1347 0.9749 0.1773
vn 0.2147 0.9363 0.2780
vn 0.3368 0.9325 0.1304
vn 0.8690 0.4526 0.2002
vn 0.5697 0.5633 0.5985
vn 0.0492 0.9771 0.2071
vn 0.0867 0.9343 0.3458
vn 0.2162 0.6021 0.7686
vn 0.0103 0.9788 0.2044
vn 0.0195 0.9339 0.3569
vn 0.0471 0.6085 0.7921
vn 0.1467 0.9803 -0.1324
vn 0.2089 0.9776 -0.0251
vn 0.3535 0.9332 -0.0647
vn 0.2447 0.9390 -0.2417
vn 0.7989 0.3833 -0.4634
vn 0.8855 0.3985 -0.2387
vn 0.0567 0.9837 -0.1707
vn 0.1022 0.9366 -0.3352
vn 0.2497 0.3819 -0.8898
vn 0.3842 0.3786 -0.8420
vn 0.0122 0.9855 -0.1693
vn 0.0231 0.9356 -0.3522
vn 0.0561 0.3780 -0.9241
vn -0.0273 -0.8983 0.4385
vn -0.1234 -0.9016 0.4146
vn -0.1935 0.6093 0.7690
vn -0.0451 0.6280 0.7769
vn -0.2694 -0.9260 0.2646
vn -0.3380 0.5733 0.7464
vn -0.3155 -0.9468 0.0639
vn -0.8525 0.1534 0.4998
vn -0.0886 -0.9425 -0.3223
vn -0.0202 -0.9402 -0.3399
vn -0.0538 -0.4282 -0.9021
vn -0.2400 -0.4356 -0.8676
vn -0.2085 -0.9485 -0.2386
vn -0.3678 -0.4346 -0.8221
vn -0.2963 -0.9513 -0.0848
vn -0.7668 -0.4457 -0.4620
vn -0.8511 -0.4681 -0.2376
vn 0.3155 -0.9468 0.0639
vn 0.2694 -0.9260 0.2646
vn 0.8525 0.1534 0.4998
vn 0.1234 -0.9016 0.4146
vn 0.1935 0.6093 0.7690
vn 0.3380 0.5733 0.7464
vn 0.0273 -0.8983 0.4385
vn 0.0451 0.6280 0.7769
vn 0.2085 -0.9485 -0.2386
vn 0.2963 -0.9513 -0.0848
vn 0.8511 -0.4681 -0.2376
vn 0.7667 -0.4457 -0.4620
vn 0.0886 -0.9425 -0.3223
vn 0.3678 -0.4345 -0.8221
vn 0.2400 -0.4356 -0.8676
vn 0.0202 -0.9402 -0.3399
vn 0.0538 -0.4282 -0.9021
vn -0.8862 -0.4634 -0.0001
vn 0.8861 -0.4634 -0.0001
vn -0.0000 0.9917 0.1283
vn -0.0256 0.9911 0.1303
vn -0.0405 0.9848 0.1690
vn -0.0000 0.9816 0.1911
vn -0.0942 0.9950 0.0341
vn -0.0962 0.9953 0.0085
vn -0.1351 0.9908 -0.0065
vn -0.1573 0.9870 0.0339
vn -0.0000 0.9982 -0.0600
vn 0.0256 0.9977 -0.0620
vn 0.0405 0.9941 -0.1011
vn -0.0000 0.9924 -0.1234
vn 0.0942 0.9950 0.0341
vn 0.0962 0.9936 0.0597
vn 0.1351 0.9880 0.0744
vn 0.1573 0.9870 0.0339
vn -0.0000 0.1876 0.9823
vn -0.1676 0.2209 0.9608
vn -0.2067 0.2279 0.9515
vn 0.0256 0.9911 0.1303
vn 0.0405 0.9848 0.1690
vn -0.0962 0.9936 0.0597
vn -0.1351 0.9880 0.0744
vn 0.9752 0.2210 0.0076
vn 0.9526 0.2479 0.1762
vn 0.9431 0.2531 0.2155
vn -0.0000 -0.9994 -0.0343
vn -0.9752 0.2210 0.0076
vn -0.9526 0.2594 -0.1588
vn -0.9431 0.2673 -0.1977
vn -0.0000 0.2544 -0.9671
vn 0.1676 0.2863 -0.9434
vn 0.2067 0.2925 -0.9336
vn -0.0256 0.9977 -0.0620
vn -0.0405 0.9941 -0.1011
vn 0.0962 0.9953 0.0085
vn 0.1351 0.9908 -0.0065
vn -0.2067 0.2925 -0.9336
vn -0.1676 0.2863 -0.9434
vn -0.0681 0.9924 0.1022
vn -0.0000 0.9994 0.0343
vn -0.0681 0.9971 -0.0340
vn 0.0681 0.9971 -0.0340
vn 0.0681 0.9924 0.1022
vn 0.9431 0.2673 -0.1977
vn 0.9526 0.2594 -0.1588
vn -0.9431 0.2531 0.2155
vn -0.9526 0.2479 0.1762
vn 0.2067 0.2279 0.9515
vn 0.1676 0.2209 0.9608
vn -0.8863 0.2957 -0.3564
vn -0.3664 0.3135 -0.8761
vn 0.8863 0.2957 -0.3564
vn 0.3664 0.3135 -0.8761
vn 0.3664 0.2527 0.8955
vn 0.8863 0.2705 0.3759
vn -0.8863 0.2705 0.3759
vn -0.3664 0.2527 0.8955
vn -0.0906 0.9881 0.1245
vn -0.0906 0.9943 -0.0565
vn 0.0906 0.9943 -0.0565
vn 0.0906 0.9881 0.1245
vn 0.8863 0.2957 -0.3565
vn 0.9526 0.2479 0.1763
vn -0.9526 0.2594 -0.1589
vn 0.1677 0.2863 -0.9434
vn -0.1677 0.2863 -0.9434
vn 0.9526 0.2594 -0.1589
vn -0.9526 0.2479 0.1763
vn -0.8863 0.2957 -0.3565
vn 0.8863 0.2956 -0.3565
vn -0.8863 0.2956 -0.3565
vn -0.8863 0.2705 0.3758
vn 0.1352 0.9880 0.0744
vn -0.1352 0.9880 0.0744
vn -0.8863 0.2956 -0.3564
vn 0.1352 0.9908 -0.0065
vn -0.1352 0.9908 -0.0065
vn -0.1677 0.2210 0.9608
vn -0.9431 0.2673 -0.1976
vn -0.1677 0.2209 0.9608
vn -0.2067 0.2926 -0.9336
vn 0.8863 0.2956 -0.3564
vn -0.0000 0.9866 0.1633
vn -0.0240 0.9860 0.1649
vn -0.0433 0.9754 0.2162
vn -0.0000 0.9686 0.2485
vn -0.0973 0.9952 -0.0037
vn -0.1374 0.9904 -0.0168
vn -0.0000 0.9955 -0.0953
vn 0.0240 0.9950 -0.0970
vn 0.0433 0.9879 -0.1488
vn -0.0000 0.9834 -0.1816
vn 0.0943 0.9950 0.0341
vn 0.0973 0.9927 0.0719
vn 0.1374 0.9869 0.0847
vn -0.0000 0.1279 0.9918
vn -0.1245 0.1543 0.9801
vn -0.1586 0.1611 0.9741
vn 0.0240 0.9860 0.1649
vn 0.0433 0.9754 0.2162
vn -0.0973 0.9927 0.0719
vn -0.1374 0.9869 0.0847
vn 0.9394 0.2429 0.2420
vn 0.9312 0.2446 0.2703
vn -0.9394 0.2589 -0.2249
vn -0.9312 0.2626 -0.2529
vn -0.0000 0.1955 -0.9807
vn 0.1245 0.2211 -0.9673
vn 0.1586 0.2275 -0.9608
vn -0.0240 0.9950 -0.0970
vn -0.0433 0.9879 -0.1488
vn 0.0973 0.9952 -0.0037
vn 0.1374 0.9904 -0.0168
vn -0.1586 0.2275 -0.9608
vn -0.1246 0.2211 -0.9673
vn -0.0647 0.9892 0.1317
vn -0.0647 0.9959 -0.0636
vn 0.0647 0.9959 -0.0636
vn 0.0647 0.9892 0.1317
vn 0.9312 0.2626 -0.2529
vn 0.9394 0.2589 -0.2248
vn -0.9312 0.2446 0.2703
vn -0.9394 0.2429 0.2420
vn 0.1586 0.1611 0.9741
vn 0.1245 0.1543 0.9801
vn -0.8365 0.2836 -0.4689
vn -0.2796 0.2481 -0.9275
vn 0.8366 0.2836 -0.4688
vn 0.2796 0.2481 -0.9275
vn 0.2796 0.1840 0.9423
vn 0.8365 0.2508 0.4871
vn -0.8365 0.2508 0.4871
vn -0.2796 0.1840 0.9423
vn -0.0984 0.9842 0.1474
vn -0.0985 0.9920 -0.0796
vn 0.0985 0.9920 -0.0796
vn 0.0984 0.9842 0.1474
vn -0.1246 0.1543 0.9801
vn 0.9312 0.2446 0.2702
vn -0.9394 0.2589 -0.2248
vn -0.9312 0.2626 -0.2528
vn -0.1245 0.2211 -0.9673
vn 0.9312 0.2626 -0.2528
vn -0.8366 0.2836 -0.4687
vn 0.8366 0.2836 -0.4687
vn 0.8366 0.2508 0.4871
vn -0.8365 0.2836 -0.4688
vn -0.0984 0.9920 -0.0796
vn -0.9394 0.2429 0.2421
vn 0.8365 0.2836 -0.4688
vn -0.8365 0.2508 0.4872
vn -0.8366 0.2836 -0.4688
vn 0.9394 0.2429 0.2421
vn 0.0984 0.9920 -0.0796
vn 0.1246 0.1543 0.9801
vn 0.8365 0.2508 0.4872
vn -0.0943 0.9950 0.0341
vn 0.9394 0.2589 -0.2249
vn -0.9312 0.2446 0.2702
vn -0.8366 0.2508 0.4871
vn 0.0433 0.9879 -0.1489
vn -0.0433 0.9879 -0.1489
vn -0.8366 0.2508 0.4870
vn 0.0985 0.9842 0.1474
vn 0.1677 0.2210 0.9608
vn 0.9431 0.2531 0.2156
vn 0.1677 0.2209 0.9608
vn 0.8863 0.2956 -0.3566
vn 0.8863 0.2705 0.3760
vn -0.9431 0.2531 0.2156
vn 0.1676 0.2210 0.9608
vn -0.3664 0.3135 -0.8760
vn -0.8863 0.2705 0.3760
vn -0.0405 0.9940 -0.1011
vn 0.8863 0.2705 0.3758
vn 0.9431 0.2673 -0.1976
vn -0.0000 0.9917 0.1285
vn -0.0166 0.9914 0.1297
vn -0.0308 0.9854 0.1672
vn -0.0000 0.9815 0.1915
vn -0.0660 0.9972 0.0342
vn -0.0683 0.9976 0.0066
vn -0.0967 0.9953 -0.0025
vn -0.1105 0.9933 0.0341
vn -0.0000 0.9982 -0.0602
vn 0.0166 0.9980 -0.0614
vn 0.0308 0.9946 -0.0993
vn -0.0000 0.9923 -0.1237
vn 0.0660 0.9972 0.0342
vn 0.0683 0.9957 0.0618
vn 0.0967 0.9928 0.0707
vn 0.1105 0.9933 0.0341
vn -0.0000 0.1875 0.9823
vn -0.1111 0.2207 0.9690
vn -0.1568 0.2335 0.9596
vn 0.0166 0.9914 0.1297
vn 0.0308 0.9854 0.1672
vn -0.0683 0.9957 0.0618
vn -0.0967 0.9928 0.0707
vn 0.9509 0.3095 0.0106
vn 0.9095 0.3395 0.2397
vn 0.8979 0.3426 0.2764
vn -0.9509 0.3095 0.0106
vn -0.9095 0.3551 -0.2159
vn -0.8979 0.3608 -0.2522
vn 0.1110 0.2866 -0.9516
vn 0.1567 0.2987 -0.9414
vn -0.0166 0.9980 -0.0614
vn -0.0308 0.9946 -0.0993
vn 0.0683 0.9976 0.0066
vn 0.0967 0.9953 -0.0025
vn -0.1567 0.2987 -0.9414
vn -0.1110 0.2866 -0.9516
vn -0.0450 0.9934 0.1057
vn -0.0450 0.9983 -0.0374
vn 0.0450 0.9983 -0.0373
vn 0.0450 0.9934 0.1057
vn 0.8979 0.3608 -0.2523
vn 0.9095 0.3551 -0.2159
vn -0.8979 0.3426 0.2764
vn -0.9095 0.3395 0.2398
vn 0.1568 0.2335 0.9596
vn 0.1110 0.2207 0.9690
vn -0.7999 0.3832 -0.4620
vn -0.2644 0.3249 -0.9081
vn 0.7998 0.3832 -0.4620
vn 0.2644 0.3249 -0.9081
vn 0.2644 0.2619 0.9282
vn 0.7998 0.3506 0.4872
vn -0.7998 0.3506 0.4872
vn -0.2644 0.2619 0.9282
vn -0.0698 0.9908 0.1160
vn -0.0698 0.9964 -0.0478
vn 0.0698 0.9964 -0.0478
vn 0.0698 0.9908 0.1160
vn -0.0070 0.9916 0.1289
vn -0.0165 0.9863 0.1640
vn -0.0316 0.9989 0.0343
vn -0.0341 0.9994 0.0029
vn -0.0483 0.9988 0.0069
vn -0.0530 0.9980 0.0342
vn 0.0070 0.9981 -0.0607
vn 0.0165 0.9952 -0.0960
vn 0.0316 0.9989 0.0343
vn 0.0341 0.9973 0.0656
vn 0.0483 0.9969 0.0616
vn 0.0530 0.9980 0.0342
vn -0.0516 0.2087 0.9766
vn -0.0854 0.2221 0.9713
vn 0.0070 0.9916 0.1289
vn 0.0165 0.9863 0.1640
vn -0.0341 0.9973 0.0656
vn -0.0483 0.9969 0.0616
vn 0.9176 0.3972 0.0136
vn 0.9176 0.3972 0.0121
vn -0.9176 0.3972 0.0136
vn -0.9176 0.3971 0.0151
vn 0.0516 0.2752 -0.9600
vn 0.0853 0.2882 -0.9538
vn -0.0070 0.9981 -0.0607
vn -0.0165 0.9952 -0.0960
vn 0.0341 0.9994 0.0029
vn 0.0483 0.9988 0.0069
vn -0.0853 0.2882 -0.9538
vn -0.0516 0.2752 -0.9600
vn -0.0188 0.9938 0.1098
vn -0.0188 0.9990 -0.0415
vn 0.0188 0.9990 -0.0415
vn 0.0188 0.9938 0.1098
vn 0.9176 0.3971 0.0151
vn -0.9176 0.3972 0.0121
vn 0.0853 0.2221 0.9713
vn 0.0516 0.2087 0.9766
vn -0.5857 0.4351 -0.6839
vn -0.1365 0.3072 -0.9418
vn 0.5857 0.4352 -0.6838
vn 0.1365 0.3072 -0.9418
vn 0.1365 0.2420 0.9606
vn 0.5857 0.3873 0.7120
vn -0.5857 0.3873 0.7120
vn -0.1365 0.2420 0.9606
vn -0.0381 0.9940 0.1022
vn -0.0381 0.9987 -0.0338
vn 0.0381 0.9987 -0.0338
vn 0.0381 0.9940 0.1022
vn -0.0108 0.9916 0.1292
vn -0.0230 0.9860 0.1654
vn -0.0462 0.9983 0.0343
vn -0.0487 0.9988 0.0047
vn -0.0690 0.9976 0.0020
vn -0.0774 0.9964 0.0342
vn 0.0108 0.9981 -0.0610
vn 0.0230 0.9950 -0.0975
vn 0.0462 0.9983 0.0343
vn 0.0487 0.9968 0.0638
vn 0.0690 0.9954 0.0664
vn 0.0774 0.9964 0.0342
vn -0.0707 0.2184 0.9733
vn -0.1188 0.2386 0.9638
vn 0.0108 0.9916 0.1292
vn 0.0230 0.9860 0.1654
vn -0.0487 0.9968 0.0638
vn -0.0690 0.9954 0.0664
vn 0.9062 0.4225 0.0145
vn 0.9062 0.4226 0.0129
vn -0.9062 0.4225 0.0145
vn -0.9062 0.4225 0.0161
vn 0.0707 0.2846 -0.9560
vn 0.1188 0.3041 -0.9452
vn -0.0108 0.9981 -0.0610
vn -0.0230 0.9950 -0.0975
vn 0.0487 0.9988 0.0047
vn 0.0690 0.9976 0.0020
vn -0.1187 0.3041 -0.9452
vn -0.0707 0.2846 -0.9560
vn -0.0295 0.9937 0.1081
vn -0.0295 0.9988 -0.0397
vn 0.0295 0.9988 -0.0397
vn 0.0295 0.9937 0.1081
vn 0.9062 0.4225 0.0161
vn -0.9062 0.4226 0.0129
vn 0.1188 0.2386 0.9638
vn 0.0707 0.2184 0.9733
vn -0.6811 0.4674 -0.5636
vn -0.1879 0.3308 -0.9248
vn 0.6811 0.4674 -0.5636
vn 0.1879 0.3309 -0.9248
vn 0.1880 0.2667 0.9453
vn 0.6811 0.4277 0.5943
vn -0.6811 0.4277 0.5943
vn -0.1879 0.2667 0.9453
vn -0.0526 0.9927 0.1083
vn -0.0526 0.9978 -0.0400
vn 0.0526 0.9978 -0.0400
vn 0.0526 0.9927 0.1083
vn -0.0132 0.9915 0.1294
vn -0.0264 0.9857 0.1662
vn -0.0546 0.9979 0.0342
vn -0.0570 0.9984 0.0056
vn -0.0808 0.9967 -0.0001
vn -0.0914 0.9952 0.0341
vn 0.0132 0.9980 -0.0611
vn 0.0264 0.9948 -0.0983
vn 0.0546 0.9979 0.0342
vn 0.0570 0.9964 0.0629
vn 0.0808 0.9944 0.0684
vn 0.0914 0.9952 0.0341
vn -0.0878 0.2197 0.9716
vn -0.1352 0.2362 0.9622
vn 0.0132 0.9915 0.1294
vn 0.0264 0.9857 0.1662
vn -0.0570 0.9964 0.0629
vn -0.0808 0.9944 0.0684
vn 0.9302 0.3667 0.0126
vn 0.9302 0.3668 0.0112
vn -0.9302 0.3667 0.0126
vn -0.9302 0.3667 0.0140
vn 0.0877 0.2857 -0.9543
vn 0.1352 0.3016 -0.9438
vn -0.0132 0.9980 -0.0611
vn -0.0264 0.9948 -0.0983
vn 0.0570 0.9984 0.0056
vn 0.0808 0.9967 -0.0001
vn -0.1352 0.3016 -0.9438
vn -0.0877 0.2857 -0.9543
vn -0.0360 0.9936 0.1071
vn -0.0360 0.9986 -0.0387
vn 0.0360 0.9986 -0.0387
vn 0.0360 0.9936 0.1071
vn 0.9302 0.3667 0.0140
vn -0.9302 0.3668 0.0112
vn 0.1352 0.2362 0.9622
vn 0.0878 0.2197 0.9716
vn -0.7400 0.4294 -0.5177
vn -0.2207 0.3285 -0.9183
vn 0.7399 0.4294 -0.5178
vn 0.2207 0.3285 -0.9183
vn 0.2207 0.2648 0.9387
vn 0.7399 0.3929 0.5460
vn -0.7399 0.3929 0.5460
vn -0.2207 0.2649 0.9387
vn -0.0602 0.9919 0.1117
vn -0.0602 0.9972 -0.0435
vn 0.0602 0.9972 -0.0434
vn 0.0602 0.9919 0.1117
vn -0.0000 0.9918 0.1275
vn -0.0025 0.9918 0.1275
vn -0.0055 0.9907 0.1359
vn -0.0000 0.9819 0.1895
vn -0.0076 0.9994 0.0343
vn -0.0085 0.9999 0.0083
vn -0.0107 0.9997 0.0237
vn -0.0109 0.9994 0.0343
vn -0.0000 0.9982 -0.0592
vn 0.0025 0.9982 -0.0593
vn 0.0055 0.9977 -0.0677
vn -0.0000 0.9926 -0.1218
vn 0.0076 0.9994 0.0343
vn 0.0085 0.9981 0.0603
vn 0.0107 0.9989 0.0448
vn 0.0109 0.9994 0.0343
vn -0.0000 0.1876 0.9822
vn -0.0189 0.1951 0.9806
vn -0.0321 0.2003 0.9792
vn 0.0025 0.9918 0.1275
vn 0.0055 0.9907 0.1359
vn -0.0085 0.9981 0.0603
vn -0.0107 0.9989 0.0448
vn 0.9279 0.3725 0.0128
vn 0.9279 0.3726 0.0114
vn -0.9279 0.3725 0.0128
vn -0.9279 0.3725 0.0142
vn -0.0000 0.2545 -0.9671
vn 0.0189 0.2619 -0.9649
vn 0.0321 0.2669 -0.9632
vn -0.0025 0.9982 -0.0593
vn -0.0055 0.9977 -0.0677
vn 0.0085 0.9999 0.0083
vn 0.0107 0.9997 0.0237
vn -0.0321 0.2669 -0.9632
vn -0.0189 0.2619 -0.9649
vn -0.0053 0.9951 0.0987
vn -0.0053 0.9995 -0.0303
vn 0.0053 0.9995 -0.0303
vn 0.0053 0.9951 0.0987
vn 0.9279 0.3725 0.0142
vn -0.9279 0.3726 0.0114
vn 0.0321 0.2003 0.9792
vn 0.0189 0.1951 0.9806
vn -0.2787 0.3493 -0.8946
vn -0.1416 0.3059 -0.9415
vn -0.1909 0.3222 -0.9272
vn 0.2786 0.3492 -0.8946
vn 0.1909 0.3222 -0.9272
vn 0.1416 0.3059 -0.9415
vn 0.1909 0.2579 0.9471
vn 0.1416 0.2407 0.9602
vn 0.2786 0.2871 0.9165
vn -0.2786 0.2871 0.9165
vn -0.1909 0.2579 0.9471
vn -0.1416 0.2407 0.9602
vn -0.0099 0.9973 0.0722
vn -0.0099 0.9999 -0.0037
vn 0.0099 0.9999 -0.0037
vn 0.0099 0.9973 0.0722
vn 0.0878 0.2857 -0.9543
vn -0.7399 0.4294 -0.5178
vn -0.2207 0.3286 -0.9183
vn 0.2207 0.3286 -0.9183
vn 0.7400 0.3929 0.5460
vn 0.0602 0.9972 -0.0435
vn -0.0069 0.9916 0.1289
vn -0.0163 0.9863 0.1639
vn -0.0312 0.9989 0.0343
vn -0.0336 0.9994 0.0028
vn -0.0477 0.9988 0.0071
vn -0.0523 0.9980 0.0342
vn 0.0069 0.9981 -0.0607
vn 0.0163 0.9953 -0.0960
vn 0.0312 0.9989 0.0343
vn 0.0336 0.9973 0.0657
vn 0.0477 0.9970 0.0614
vn 0.0523 0.9980 0.0342
vn -0.0525 0.2074 0.9769
vn -0.0836 0.2188 0.9722
vn 0.0069 0.9916 0.1289
vn 0.0163 0.9863 0.1639
vn -0.0336 0.9973 0.0657
vn -0.0477 0.9970 0.0614
vn 0.9289 0.3702 0.0127
vn 0.9288 0.3703 0.0113
vn -0.9289 0.3702 0.0127
vn -0.9288 0.3702 0.0141
vn 0.0525 0.2738 -0.9603
vn 0.0836 0.2849 -0.9549
vn -0.0069 0.9981 -0.0607
vn -0.0163 0.9953 -0.0960
vn 0.0336 0.9994 0.0028
vn 0.0477 0.9988 0.0071
vn -0.0836 0.2849 -0.9549
vn -0.0525 0.2738 -0.9603
vn -0.0185 0.9938 0.1099
vn -0.0185 0.9990 -0.0415
vn 0.0185 0.9990 -0.0415
vn 0.0185 0.9938 0.1099
vn 0.9288 0.3702 0.0141
vn -0.9288 0.3703 0.0113
vn 0.0836 0.2188 0.9722
vn 0.0525 0.2074 0.9769
vn -0.5879 0.4183 -0.6924
vn -0.1357 0.3027 -0.9434
vn 0.5879 0.4183 -0.6924
vn 0.1357 0.3027 -0.9434
vn 0.1357 0.2374 0.9619
vn 0.5879 0.3698 0.7194
vn -0.5879 0.3698 0.7194
vn -0.1357 0.2374 0.9619
vn -0.0377 0.9941 0.1020
vn -0.0377 0.9987 -0.0336
vn 0.0377 0.9987 -0.0336
vn 0.0377 0.9941 0.1020
vn -0.1188 0.3041 -0.9452
vn -0.6810 0.4674 -0.5636
vn -0.1879 0.3309 -0.9248
vn -0.6810 0.4277 0.5944
vn -0.1880 0.2667 0.9453
vn -0.0089 0.9916 0.1291
vn -0.0199 0.9861 0.1648
vn -0.0392 0.9986 0.0343
vn -0.0417 0.9991 0.0039
vn -0.0591 0.9982 0.0041
vn -0.0657 0.9973 0.0342
vn 0.0089 0.9981 -0.0608
vn 0.0199 0.9951 -0.0968
vn 0.0392 0.9986 0.0343
vn 0.0417 0.9970 0.0646
vn 0.0591 0.9962 0.0643
vn 0.0657 0.9973 0.0342
vn -0.0566 0.2168 0.9746
vn -0.1046 0.2409 0.9649
vn 0.0089 0.9916 0.1291
vn 0.0199 0.9861 0.1648
vn -0.0417 0.9970 0.0646
vn -0.0591 0.9962 0.0643
vn 0.8762 0.4817 0.0165
vn 0.8762 0.4817 0.0147
vn -0.8762 0.4817 0.0165
vn -0.8762 0.4816 0.0184
vn 0.0566 0.2831 -0.9574
vn 0.1046 0.3064 -0.9461
vn -0.0089 0.9981 -0.0608
vn -0.0199 0.9951 -0.0968
vn 0.0417 0.9991 0.0039
vn 0.0591 0.9982 0.0041
vn -0.1046 0.3064 -0.9461
vn -0.0566 0.2831 -0.9574
vn -0.0243 0.9938 0.1089
vn -0.0243 0.9989 -0.0406
vn 0.0243 0.9989 -0.0406
vn 0.0243 0.9938 0.1089
vn 0.8762 0.4816 0.0184
vn -0.8762 0.4817 0.0147
vn 0.1047 0.2409 0.9649
vn 0.0566 0.2168 0.9746
vn -0.6194 0.5012 -0.6043
vn -0.1602 0.3325 -0.9294
vn 0.6194 0.5012 -0.6043
vn 0.1602 0.3325 -0.9294
vn 0.1602 0.2680 0.9500
vn 0.6194 0.4586 0.6372
vn -0.6194 0.4586 0.6373
vn -0.1602 0.2680 0.9500
vn -0.0459 0.9934 0.1054
vn -0.0459 0.9983 -0.0371
vn 0.0459 0.9983 -0.0371
vn 0.0459 0.9934 0.1054
vn -0.0170 0.9914 0.1297
vn -0.0313 0.9854 0.1673
vn -0.0673 0.9971 0.0342
vn -0.0696 0.9976 0.0067
vn -0.0984 0.9951 -0.0027
vn -0.1126 0.9931 0.0341
vn 0.0170 0.9980 -0.0615
vn 0.0313 0.9946 -0.0994
vn 0.0673 0.9971 0.0342
vn 0.0696 0.9957 0.0617
vn 0.0984 0.9926 0.0709
vn 0.1126 0.9931 0.0341
vn -0.1136 0.2208 0.9687
vn -0.1591 0.2332 0.9593
vn 0.0170 0.9914 0.1297
vn 0.0313 0.9854 0.1673
vn -0.0696 0.9957 0.0617
vn -0.0984 0.9926 0.0709
vn 0.9526 0.3041 0.0104
vn 0.9125 0.3342 0.2361
vn 0.9008 0.3375 0.2733
vn -0.9526 0.3041 0.0104
vn -0.9125 0.3496 -0.2126
vn -0.9008 0.3554 -0.2494
vn 0.1136 0.2866 -0.9513
vn 0.1591 0.2984 -0.9411
vn -0.0170 0.9980 -0.0615
vn -0.0313 0.9946 -0.0994
vn 0.0696 0.9976 0.0067
vn 0.0984 0.9951 -0.0027
vn -0.1591 0.2984 -0.9411
vn -0.1136 0.2866 -0.9513
vn -0.0461 0.9933 0.1055
vn -0.0461 0.9982 -0.0372
vn 0.0461 0.9982 -0.0372
vn 0.0461 0.9933 0.1055
vn 0.9008 0.3554 -0.2494
vn 0.9125 0.3496 -0.2126
vn -0.9008 0.3375 0.2732
vn -0.9125 0.3342 0.2361
vn 0.1591 0.2332 0.9593
vn 0.1136 0.2208 0.9687
vn -0.8053 0.3785 -0.4563
vn -0.2691 0.3244 -0.9068
vn 0.8053 0.3785 -0.4563
vn 0.2691 0.3245 -0.9068
vn 0.2692 0.2615 0.9269
vn 0.8053 0.3463 0.4813
vn -0.8053 0.3463 0.4812
vn -0.2691 0.2615 0.9269
vn -0.0708 0.9907 0.1164
vn -0.0708 0.9963 -0.0483
vn 0.0708 0.9963 -0.0483
vn 0.0708 0.9907 0.1164
vt 0.443006 0.443592
vt 0.444508 0.443592
vt 0.444667 0.448789
vt 0.443148 0.448789
vt 0.471387 0.448789
vt 0.466051 0.448789
vt 0.466677 0.443592
vt 0.472031 0.443592
vt 0.414807 0.448789
vt 0.418207 0.448789
vt 0.417783 0.452594
vt 0.414358 0.452594
vt 0.510787 0.009152
vt 0.517814 0.009526
vt 0.518094 0.011864
vt 0.511141 0.011492
vt 0.445105 0.452594
vt 0.443534 0.452594
vt 0.013814 0.453757
vt 0.012114 0.452744
vt 0.010644 0.449474
vt 0.010050 0.444542
vt 0.010049 0.019255
vt 0.010643 0.014322
vt 0.012113 0.011053
vt 0.013813 0.010040
vt 0.187835 0.010040
vt 0.189537 0.011053
vt 0.191008 0.014322
vt 0.191602 0.019255
vt 0.191603 0.444541
vt 0.191008 0.449474
vt 0.189538 0.452743
vt 0.187836 0.453757
vt 0.471387 0.012957
vt 0.466051 0.012957
vt 0.464339 0.009152
vt 0.469640 0.009152
vt 0.443534 0.009152
vt 0.445105 0.009152
vt 0.444668 0.012957
vt 0.443148 0.012957
vt 0.522947 0.012034
vt 0.517372 0.180277
vt 0.515029 0.177708
vt 0.520520 0.011949
vt 0.437319 0.443592
vt 0.437319 0.018154
vt 0.440327 0.018154
vt 0.440327 0.443592
vt 0.412548 0.018154
vt 0.412548 0.443592
vt 0.410124 0.443592
vt 0.410124 0.018154
vt 0.521920 0.375412
vt 0.516429 0.209653
vt 0.518855 0.209568
vt 0.524312 0.374298
vt 0.414972 0.018154
vt 0.414972 0.443592
vt 0.519576 0.377981
vt 0.514002 0.209738
vt 0.443006 0.018154
vt 0.512636 0.176594
vt 0.520339 0.187912
vt 0.516938 0.182612
vt 0.520728 0.185506
vt 0.412384 0.448789
vt 0.411934 0.452594
vt 0.520241 0.009610
vt 0.522667 0.009695
vt 0.440468 0.448789
vt 0.437461 0.448789
vt 0.440855 0.452594
vt 0.437847 0.452594
vt 0.514594 0.180043
vt 0.409960 0.448789
vt 0.409511 0.452594
vt 0.512202 0.178930
vt 0.514282 0.207399
vt 0.516708 0.207314
vt 0.411934 0.009152
vt 0.414358 0.009152
vt 0.414807 0.012957
vt 0.412384 0.012957
vt 0.519135 0.207229
vt 0.409511 0.009152
vt 0.409960 0.012957
vt 0.437461 0.012957
vt 0.440468 0.012957
vt 0.437847 0.009152
vt 0.440855 0.009152
vt 0.522355 0.377747
vt 0.520011 0.380316
vt 0.524747 0.376633
vt 0.466677 0.018154
vt 0.472030 0.018154
vt 0.526096 0.009815
vt 0.526415 0.012155
vt 0.418360 0.018154
vt 0.418360 0.443592
vt 0.516221 0.383210
vt 0.516610 0.385616
vt 0.444509 0.018154
vt 0.403060 0.443592
vt 0.402915 0.448789
vt 0.511140 0.176022
vt 0.403060 0.018154
vt 0.402521 0.452594
vt 0.525808 0.209196
vt 0.525809 0.373726
vt 0.526162 0.206856
vt 0.526173 0.376072
vt 0.510534 0.209859
vt 0.418207 0.012957
vt 0.469640 0.452594
vt 0.464339 0.452594
vt 0.402915 0.012957
vt 0.402520 0.009152
vt 0.417783 0.009152
vt 0.510853 0.207519
vt 0.510776 0.178368
vt 0.382403 0.019273
vt 0.381806 0.014324
vt 0.382747 0.014098
vt 0.383366 0.019223
vt 0.445452 0.443571
vt 0.445611 0.448696
vt 0.380320 0.011022
vt 0.381099 0.010440
vt 0.446035 0.452354
vt 0.378579 0.009985
vt 0.378933 0.009152
vt 0.509933 0.177790
vt 0.510265 0.175626
vt 0.211837 0.014324
vt 0.211241 0.019273
vt 0.210425 0.019223
vt 0.211043 0.014098
vt 0.402048 0.448696
vt 0.402190 0.443571
vt 0.213323 0.011022
vt 0.212688 0.010440
vt 0.401670 0.452354
vt 0.215063 0.009985
vt 0.214851 0.009152
vt 0.510262 0.011544
vt 0.509933 0.009379
vt 0.378579 0.453857
vt 0.380320 0.452820
vt 0.381100 0.453401
vt 0.378933 0.454690
vt 0.526684 0.373330
vt 0.527016 0.375494
vt 0.381806 0.449518
vt 0.382748 0.449743
vt 0.446035 0.009393
vt 0.445611 0.013050
vt 0.382403 0.444569
vt 0.383366 0.444619
vt 0.445452 0.018175
vt 0.213323 0.452820
vt 0.215063 0.453857
vt 0.214851 0.454690
vt 0.212689 0.453401
vt 0.527016 0.207083
vt 0.526687 0.209248
vt 0.211838 0.449518
vt 0.211044 0.449744
vt 0.402048 0.013050
vt 0.401670 0.009393
vt 0.211241 0.444569
vt 0.210426 0.444619
vt 0.402190 0.018175
vt 0.192122 0.444595
vt 0.191500 0.449715
vt 0.490478 0.448690
vt 0.490334 0.443570
vt 0.491053 0.443592
vt 0.491210 0.448789
vt 0.189848 0.453363
vt 0.490858 0.452338
vt 0.491629 0.452594
vt 0.187676 0.454644
vt 0.521265 0.186382
vt 0.520878 0.188552
vt 0.009769 0.449715
vt 0.009153 0.444595
vt 0.419016 0.443570
vt 0.418857 0.448690
vt 0.011410 0.453363
vt 0.418434 0.452338
vt 0.013560 0.454645
vt 0.526748 0.010128
vt 0.527016 0.012280
vt 0.187675 0.009152
vt 0.189847 0.010433
vt 0.516071 0.386256
vt 0.515684 0.384086
vt 0.191499 0.014081
vt 0.490478 0.013056
vt 0.490858 0.009408
vt 0.491629 0.009152
vt 0.491210 0.012957
vt 0.192121 0.019201
vt 0.490334 0.018176
vt 0.491053 0.018154
vt 0.011409 0.010434
vt 0.013559 0.009152
vt 0.509933 0.209984
vt 0.510201 0.207832
vt 0.009769 0.014082
vt 0.418434 0.009408
vt 0.418857 0.013056
vt 0.009152 0.019202
vt 0.419016 0.018176
vt 0.947118 0.939691
vt 0.941307 0.939691
vt 0.939713 0.938100
vt 0.947118 0.938100
vt 0.940876 0.945933
vt 0.940876 0.951743
vt 0.939285 0.953337
vt 0.939285 0.945933
vt 0.947118 0.952174
vt 0.952928 0.952174
vt 0.954522 0.953766
vt 0.947118 0.953766
vt 0.953359 0.945933
vt 0.953359 0.940122
vt 0.954950 0.938528
vt 0.954950 0.945933
vt 0.852321 0.837538
vt 0.862622 0.837538
vt 0.862685 0.844943
vt 0.852321 0.847231
vt 0.952928 0.939691
vt 0.954522 0.938100
vt 0.940876 0.940122
vt 0.939285 0.938528
vt 0.095386 0.872378
vt 0.105687 0.872378
vt 0.105750 0.879783
vt 0.095386 0.882071
vt 0.554022 0.603647
vt 0.563715 0.603647
vt 0.564017 0.603772
vt 0.564142 0.604075
vt 0.564143 0.613767
vt 0.554022 0.613767
vt 0.365851 0.794400
vt 0.355549 0.794401
vt 0.355486 0.786996
vt 0.365851 0.784707
vt 0.058098 0.719540
vt 0.047790 0.719540
vt 0.047726 0.712136
vt 0.058098 0.709847
vt 0.941307 0.952174
vt 0.939713 0.953766
vt 0.953359 0.951743
vt 0.954950 0.953337
vt 0.058098 0.729233
vt 0.047726 0.726945
vt 0.564143 0.623460
vt 0.564017 0.623762
vt 0.563715 0.623888
vt 0.554022 0.623888
vt 0.543902 0.604075
vt 0.544027 0.603772
vt 0.544330 0.603647
vt 0.543902 0.613767
vt 0.941002 0.939817
vt 0.947118 0.945933
vt 0.941002 0.952048
vt 0.953233 0.952048
vt 0.953233 0.939817
vt 0.095386 0.862685
vt 0.105750 0.864974
vt 0.365851 0.804093
vt 0.355486 0.801805
vt 0.852321 0.827845
vt 0.862685 0.830134
vt 0.355452 0.786693
vt 0.365819 0.784405
vt 0.058069 0.729535
vt 0.047696 0.727247
vt 0.095418 0.862383
vt 0.105784 0.864671
vt 0.047696 0.711833
vt 0.058069 0.709545
vt 0.852353 0.827543
vt 0.862719 0.829831
vt 0.105784 0.880086
vt 0.095418 0.882372
vt 0.365819 0.804395
vt 0.355452 0.802108
vt 0.862719 0.845245
vt 0.852353 0.847533
vt 0.939410 0.938225
vt 0.939410 0.953640
vt 0.954825 0.953640
vt 0.954825 0.938225
vt 0.544330 0.623888
vt 0.544027 0.623762
vt 0.543902 0.623460
vt 0.055529 0.940898
vt 0.049718 0.940898
vt 0.048124 0.939307
vt 0.055529 0.939307
vt 0.049287 0.947140
vt 0.049287 0.952950
vt 0.047696 0.954544
vt 0.047696 0.947140
vt 0.055529 0.953382
vt 0.061339 0.953382
vt 0.062933 0.954973
vt 0.055529 0.954973
vt 0.061771 0.947140
vt 0.061771 0.941330
vt 0.063362 0.939736
vt 0.063362 0.947140
vt 0.852324 0.684363
vt 0.862625 0.684363
vt 0.862688 0.691768
vt 0.852324 0.694056
vt 0.061339 0.940898
vt 0.062933 0.939307
vt 0.049287 0.941330
vt 0.047696 0.939736
vt 0.829080 0.274485
vt 0.839382 0.274486
vt 0.839445 0.281890
vt 0.829080 0.284178
vt 0.618155 0.055732
vt 0.627848 0.055732
vt 0.628150 0.055857
vt 0.628275 0.056159
vt 0.628275 0.065852
vt 0.618155 0.065852
vt 0.278911 0.794757
vt 0.268609 0.794758
vt 0.268546 0.787353
vt 0.278911 0.785064
vt 0.019554 0.720090
vt 0.009246 0.720090
vt 0.009182 0.712685
vt 0.019554 0.710397
vt 0.049718 0.953382
vt 0.048124 0.954973
vt 0.061771 0.952950
vt 0.063362 0.954544
vt 0.019554 0.729783
vt 0.009182 0.727494
vt 0.628275 0.075545
vt 0.628150 0.075847
vt 0.627848 0.075972
vt 0.618155 0.075973
vt 0.608035 0.056160
vt 0.608160 0.055857
vt 0.608462 0.055732
vt 0.608035 0.065852
vt 0.049413 0.941025
vt 0.055529 0.947140
vt 0.049413 0.953255
vt 0.061644 0.953255
vt 0.061644 0.941024
vt 0.829080 0.264793
vt 0.839445 0.267082
vt 0.278911 0.804450
vt 0.268546 0.802162
vt 0.852324 0.674671
vt 0.862688 0.676959
vt 0.268512 0.787050
vt 0.278879 0.784762
vt 0.019525 0.730085
vt 0.009152 0.727797
vt 0.829112 0.264490
vt 0.839478 0.266779
vt 0.009152 0.712382
vt 0.019525 0.710095
vt 0.852357 0.674368
vt 0.862722 0.676656
vt 0.839478 0.282193
vt 0.829112 0.284480
vt 0.278879 0.804752
vt 0.268512 0.802465
vt 0.862722 0.692071
vt 0.852357 0.694358
vt 0.047821 0.939433
vt 0.047821 0.954847
vt 0.063236 0.954847
vt 0.063236 0.939433
vt 0.608462 0.075973
vt 0.608160 0.075847
vt 0.608035 0.075545
vt 0.545493 0.918407
vt 0.545493 0.924218
vt 0.543902 0.925812
vt 0.543902 0.918407
vt 0.551735 0.924649
vt 0.557545 0.924649
vt 0.559139 0.926240
vt 0.551735 0.926240
vt 0.557977 0.918407
vt 0.557977 0.912597
vt 0.559568 0.911003
vt 0.559568 0.918407
vt 0.551735 0.912166
vt 0.545925 0.912166
vt 0.544331 0.910574
vt 0.551735 0.910574
vt 0.881022 0.837538
vt 0.891323 0.837538
vt 0.891386 0.844943
vt 0.881022 0.847231
vt 0.545493 0.912597
vt 0.543902 0.911003
vt 0.545925 0.924649
vt 0.544331 0.926240
vt 0.210425 0.794821
vt 0.220727 0.794821
vt 0.220790 0.802226
vt 0.210425 0.804514
vt 0.612876 0.225946
vt 0.622569 0.225946
vt 0.622871 0.226071
vt 0.622997 0.226373
vt 0.622997 0.236066
vt 0.612877 0.236066
vt 0.105784 0.834084
vt 0.095482 0.834085
vt 0.095419 0.826680
vt 0.105784 0.824391
vt 0.268512 0.718169
vt 0.278820 0.718169
vt 0.278884 0.725574
vt 0.268512 0.727862
vt 0.557977 0.924218
vt 0.559568 0.925812
vt 0.557545 0.912166
vt 0.559139 0.910574
vt 0.268512 0.708477
vt 0.278884 0.710765
vt 0.622997 0.245759
vt 0.622872 0.246061
vt 0.622569 0.246186
vt 0.612877 0.246186
vt 0.602756 0.226373
vt 0.602882 0.226071
vt 0.603184 0.225946
vt 0.602756 0.236066
vt 0.545619 0.924523
vt 0.551735 0.918407
vt 0.557850 0.924523
vt 0.557850 0.912292
vt 0.545619 0.912292
vt 0.210425 0.785128
vt 0.220790 0.787417
vt 0.105784 0.843777
vt 0.095419 0.841489
vt 0.881022 0.827845
vt 0.891386 0.830134
vt 0.095386 0.826377
vt 0.105752 0.824089
vt 0.268541 0.708174
vt 0.278914 0.710462
vt 0.210458 0.784826
vt 0.220824 0.787114
vt 0.278914 0.725877
vt 0.268541 0.728164
vt 0.881055 0.827543
vt 0.891420 0.829831
vt 0.220824 0.802529
vt 0.210458 0.804816
vt 0.105752 0.844079
vt 0.095386 0.841792
vt 0.891420 0.845245
vt 0.881055 0.847533
vt 0.544028 0.926115
vt 0.559442 0.926115
vt 0.559442 0.910700
vt 0.544028 0.910700
vt 0.603184 0.246186
vt 0.602882 0.246061
vt 0.602756 0.245759
vt 0.935387 0.636664
vt 0.929577 0.636664
vt 0.927983 0.635073
vt 0.935387 0.635073
vt 0.929145 0.642906
vt 0.929145 0.648716
vt 0.927554 0.650310
vt 0.927554 0.642906
vt 0.935387 0.649148
vt 0.941197 0.649148
vt 0.942791 0.650739
vt 0.935387 0.650739
vt 0.941629 0.642906
vt 0.941629 0.637095
vt 0.943220 0.635501
vt 0.943220 0.642906
vt 0.852324 0.722657
vt 0.862625 0.722657
vt 0.862688 0.730061
vt 0.852324 0.732350
vt 0.941197 0.636664
vt 0.942791 0.635073
vt 0.929145 0.637095
vt 0.927554 0.635501
vt 0.776067 0.111288
vt 0.786368 0.111288
vt 0.786431 0.118693
vt 0.776067 0.120981
vt 0.618154 0.264490
vt 0.627847 0.264490
vt 0.628149 0.264615
vt 0.628274 0.264918
vt 0.628274 0.274610
vt 0.618154 0.274610
vt 0.019550 0.834971
vt 0.009249 0.834972
vt 0.009186 0.827567
vt 0.019550 0.825278
vt 0.440764 0.721204
vt 0.430456 0.721204
vt 0.430392 0.713800
vt 0.440764 0.711512
vt 0.929577 0.649148
vt 0.927983 0.650739
vt 0.941629 0.648716
vt 0.943220 0.650310
vt 0.440764 0.730897
vt 0.430392 0.728609
vt 0.628274 0.284303
vt 0.628149 0.284605
vt 0.627847 0.284731
vt 0.618154 0.284731
vt 0.608034 0.264918
vt 0.608159 0.264615
vt 0.608461 0.264490
vt 0.608034 0.274610
vt 0.929272 0.636790
vt 0.935387 0.642906
vt 0.929272 0.649021
vt 0.941503 0.649021
vt 0.941503 0.636790
vt 0.776067 0.101595
vt 0.786431 0.103884
vt 0.019550 0.844664
vt 0.009186 0.842376
vt 0.852324 0.712964
vt 0.862688 0.715253
vt 0.009152 0.827264
vt 0.019518 0.824976
vt 0.440735 0.731199
vt 0.430362 0.728912
vt 0.776099 0.101293
vt 0.786465 0.103581
vt 0.430362 0.713497
vt 0.440735 0.711209
vt 0.852357 0.712662
vt 0.862722 0.714950
vt 0.786465 0.118996
vt 0.776099 0.121283
vt 0.019518 0.844966
vt 0.009152 0.842679
vt 0.862722 0.730364
vt 0.852357 0.732652
vt 0.927680 0.635198
vt 0.927680 0.650613
vt 0.943094 0.650613
vt 0.943094 0.635198
vt 0.608461 0.284731
vt 0.608159 0.284605
vt 0.608034 0.284303
vt 0.935535 0.444521
vt 0.929725 0.444521
vt 0.928131 0.442930
vt 0.935535 0.442930
vt 0.929293 0.450763
vt 0.929293 0.456573
vt 0.927702 0.458167
vt 0.927702 0.450763
vt 0.935535 0.457005
vt 0.941346 0.457005
vt 0.942940 0.458596
vt 0.935535 0.458596
vt 0.941777 0.450763
vt 0.941777 0.444952
vt 0.943368 0.443358
vt 0.943368 0.450763
vt 0.766598 0.019147
vt 0.776899 0.019147
vt 0.776962 0.026551
vt 0.766598 0.028840
vt 0.941346 0.444521
vt 0.942940 0.442930
vt 0.929293 0.444952
vt 0.927702 0.443358
vt 0.239131 0.794821
vt 0.249433 0.794821
vt 0.249496 0.802226
vt 0.239131 0.804514
vt 0.622730 0.101293
vt 0.632422 0.101293
vt 0.632725 0.101418
vt 0.632850 0.101720
vt 0.632850 0.111413
vt 0.622730 0.111413
vt 0.805314 0.760951
vt 0.795013 0.760952
vt 0.794950 0.753547
vt 0.805314 0.751258
vt 0.317458 0.714884
vt 0.307150 0.714884
vt 0.307087 0.707479
vt 0.317458 0.705191
vt 0.929725 0.457005
vt 0.928131 0.458596
vt 0.941777 0.456573
vt 0.943368 0.458167
vt 0.317458 0.724577
vt 0.307087 0.722288
vt 0.632850 0.121106
vt 0.632725 0.121408
vt 0.632422 0.121533
vt 0.622730 0.121533
vt 0.612609 0.101720
vt 0.612735 0.101418
vt 0.613037 0.101293
vt 0.612609 0.111413
vt 0.929420 0.444647
vt 0.935535 0.450763
vt 0.929420 0.456878
vt 0.941651 0.456878
vt 0.941651 0.444647
vt 0.239131 0.785128
vt 0.249496 0.787417
vt 0.805314 0.770644
vt 0.794950 0.768356
vt 0.766598 0.009454
vt 0.776962 0.011742
vt 0.794916 0.753244
vt 0.805282 0.750956
vt 0.317429 0.724879
vt 0.307056 0.722591
vt 0.239163 0.784826
vt 0.249529 0.787114
vt 0.307056 0.707177
vt 0.317429 0.704889
vt 0.766631 0.009152
vt 0.776996 0.011440
vt 0.249529 0.802529
vt 0.239163 0.804816
vt 0.805282 0.770946
vt 0.794916 0.768659
vt 0.776996 0.026854
vt 0.766631 0.029142
vt 0.927828 0.443055
vt 0.927828 0.458470
vt 0.943243 0.458470
vt 0.943243 0.443055
vt 0.613037 0.121533
vt 0.612735 0.121408
vt 0.612609 0.121106
vt 0.935535 0.482815
vt 0.929725 0.482815
vt 0.928131 0.481224
vt 0.935535 0.481224
vt 0.929293 0.489056
vt 0.929293 0.494867
vt 0.927702 0.496461
vt 0.927702 0.489056
vt 0.935535 0.495298
vt 0.941346 0.495298
vt 0.942940 0.496889
vt 0.935535 0.496889
vt 0.941777 0.489056
vt 0.941777 0.483246
vt 0.943368 0.481652
vt 0.943368 0.489056
vt 0.852704 0.019147
vt 0.863005 0.019147
vt 0.863068 0.026551
vt 0.852704 0.028840
vt 0.941346 0.482815
vt 0.942940 0.481224
vt 0.929293 0.483246
vt 0.927702 0.481652
vt 0.784194 0.452925
vt 0.794496 0.452926
vt 0.794559 0.460330
vt 0.784194 0.462618
vt 0.440482 0.634121
vt 0.450175 0.634121
vt 0.450477 0.634246
vt 0.450602 0.634549
vt 0.450602 0.644241
vt 0.440482 0.644241
vt 0.805319 0.684364
vt 0.795017 0.684364
vt 0.794954 0.676960
vt 0.805319 0.674671
vt 0.473703 0.721204
vt 0.463395 0.721204
vt 0.463332 0.713800
vt 0.473703 0.711512
vt 0.929725 0.495298
vt 0.928131 0.496889
vt 0.941777 0.494867
vt 0.943368 0.496461
vt 0.473703 0.730897
vt 0.463332 0.728609
vt 0.450602 0.653934
vt 0.450477 0.654236
vt 0.450175 0.654362
vt 0.440482 0.654362
vt 0.430362 0.634549
vt 0.430487 0.634246
vt 0.430789 0.634121
vt 0.430362 0.644241
vt 0.929420 0.482941
vt 0.935535 0.489056
vt 0.929420 0.495172
vt 0.941651 0.495172
vt 0.941651 0.482941
vt 0.784194 0.443232
vt 0.794559 0.445522
vt 0.805319 0.694056
vt 0.794954 0.691769
vt 0.852704 0.009454
vt 0.863068 0.011742
vt 0.794920 0.676657
vt 0.805286 0.674368
vt 0.473674 0.731199
vt 0.463301 0.728912
vt 0.784226 0.442930
vt 0.794593 0.445218
vt 0.463301 0.713497
vt 0.473674 0.711209
vt 0.852736 0.009152
vt 0.863102 0.011440
vt 0.794593 0.460633
vt 0.784226 0.462920
vt 0.805286 0.694358
vt 0.794920 0.692071
vt 0.863102 0.026854
vt 0.852736 0.029142
vt 0.927828 0.481349
vt 0.927828 0.496764
vt 0.943243 0.496764
vt 0.943243 0.481349
vt 0.430789 0.654362
vt 0.430487 0.654236
vt 0.430362 0.653934
vt 0.946492 0.010743
vt 0.940682 0.010743
vt 0.939088 0.009152
vt 0.946492 0.009152
vt 0.940250 0.016985
vt 0.940250 0.022795
vt 0.938659 0.024389
vt 0.938659 0.016985
vt 0.946492 0.023226
vt 0.952303 0.023226
vt 0.953897 0.024818
vt 0.946492 0.024818
vt 0.952734 0.016985
vt 0.952734 0.011174
vt 0.954325 0.009580
vt 0.954325 0.016985
vt 0.856259 0.342412
vt 0.866559 0.342412
vt 0.866622 0.349817
vt 0.856259 0.352105
vt 0.952303 0.010743
vt 0.953897 0.009152
vt 0.940250 0.011174
vt 0.938659 0.009580
vt 0.794920 0.722657
vt 0.805222 0.722658
vt 0.805285 0.730062
vt 0.794920 0.732350
vt 0.479026 0.634121
vt 0.488719 0.634121
vt 0.489021 0.634246
vt 0.489146 0.634549
vt 0.489146 0.644241
vt 0.479026 0.644241
vt 0.173074 0.795671
vt 0.162772 0.795672
vt 0.162709 0.788268
vt 0.173074 0.785979
vt 0.719209 0.722657
vt 0.708901 0.722657
vt 0.708838 0.715253
vt 0.719209 0.712964
vt 0.940682 0.023226
vt 0.939088 0.024818
vt 0.952734 0.022795
vt 0.954325 0.024389
vt 0.719209 0.732350
vt 0.708838 0.730061
vt 0.489146 0.653934
vt 0.489021 0.654236
vt 0.488719 0.654362
vt 0.479026 0.654362
vt 0.468906 0.634549
vt 0.469031 0.634246
vt 0.469333 0.634121
vt 0.468906 0.644241
vt 0.940377 0.010869
vt 0.946492 0.016985
vt 0.940377 0.023100
vt 0.952608 0.023100
vt 0.952608 0.010869
vt 0.794920 0.712964
vt 0.805285 0.715254
vt 0.173074 0.805364
vt 0.162709 0.803077
vt 0.856259 0.332720
vt 0.866622 0.335008
vt 0.162675 0.787965
vt 0.173041 0.785676
vt 0.719180 0.732652
vt 0.708807 0.730364
vt 0.794952 0.712662
vt 0.805319 0.714950
vt 0.708807 0.714950
vt 0.719180 0.712662
vt 0.856291 0.332417
vt 0.866656 0.334705
vt 0.805319 0.730365
vt 0.794952 0.732652
vt 0.173041 0.805666
vt 0.162675 0.803379
vt 0.866656 0.350120
vt 0.856291 0.352407
vt 0.938785 0.009277
vt 0.938785 0.024692
vt 0.954200 0.024692
vt 0.954200 0.009277
vt 0.469333 0.654362
vt 0.469031 0.654236
vt 0.468906 0.653934
vt 0.935620 0.406150
vt 0.929809 0.406150
vt 0.928215 0.404559
vt 0.935620 0.404559
vt 0.929378 0.412392
vt 0.929378 0.418203
vt 0.927787 0.419797
vt 0.927787 0.412392
vt 0.935620 0.418634
vt 0.941430 0.418634
vt 0.943024 0.420225
vt 0.935620 0.420225
vt 0.941861 0.412392
vt 0.941861 0.406582
vt 0.943452 0.404988
vt 0.943452 0.412392
vt 0.766214 0.799245
vt 0.776515 0.799245
vt 0.776578 0.806649
vt 0.766214 0.808937
vt 0.941430 0.406150
vt 0.943024 0.404559
vt 0.929378 0.406582
vt 0.927787 0.404988
vt 0.795300 0.019147
vt 0.805601 0.019148
vt 0.805664 0.026552
vt 0.795300 0.028840
vt 0.651420 0.170785
vt 0.661113 0.170785
vt 0.661415 0.170910
vt 0.661541 0.171212
vt 0.661541 0.180905
vt 0.651421 0.180905
vt 0.105784 0.795790
vt 0.095482 0.795791
vt 0.095419 0.788387
vt 0.105784 0.786098
vt 0.249532 0.718233
vt 0.239225 0.718233
vt 0.239161 0.710829
vt 0.249532 0.708540
vt 0.929809 0.418634
vt 0.928215 0.420225
vt 0.941861 0.418203
vt 0.943452 0.419797
vt 0.249532 0.727926
vt 0.239161 0.725637
vt 0.661541 0.190598
vt 0.661416 0.190900
vt 0.661113 0.191025
vt 0.651421 0.191025
vt 0.641300 0.171212
vt 0.641425 0.170910
vt 0.641728 0.170785
vt 0.641300 0.180905
vt 0.929504 0.406277
vt 0.935620 0.412392
vt 0.929504 0.418508
vt 0.941735 0.418508
vt 0.941735 0.406277
vt 0.795300 0.009454
vt 0.805664 0.011743
vt 0.105784 0.805483
vt 0.095419 0.803195
vt 0.766214 0.789552
vt 0.776578 0.791840
vt 0.095386 0.788083
vt 0.105752 0.785795
vt 0.249504 0.728228
vt 0.239131 0.725940
vt 0.795332 0.009152
vt 0.805698 0.011440
vt 0.239131 0.710526
vt 0.249504 0.708238
vt 0.766246 0.789250
vt 0.776612 0.791537
vt 0.805698 0.026855
vt 0.795332 0.029142
vt 0.105752 0.805785
vt 0.095386 0.803498
vt 0.776612 0.806952
vt 0.766246 0.809240
vt 0.927912 0.404685
vt 0.927912 0.420100
vt 0.943327 0.420100
vt 0.943327 0.404685
vt 0.641728 0.191025
vt 0.641426 0.190900
vt 0.641300 0.190598
vt 0.952133 0.266081
vt 0.946323 0.266081
vt 0.944729 0.264490
vt 0.952133 0.264490
vt 0.945891 0.272323
vt 0.945891 0.278133
vt 0.944300 0.279727
vt 0.944300 0.272323
vt 0.952133 0.278565
vt 0.957944 0.278565
vt 0.959538 0.280156
vt 0.952133 0.280156
vt 0.958375 0.272323
vt 0.958375 0.266513
vt 0.959966 0.264919
vt 0.959966 0.272323
vt 0.162675 0.757378
vt 0.172976 0.757378
vt 0.173039 0.764782
vt 0.162675 0.767070
vt 0.957944 0.266081
vt 0.959537 0.264490
vt 0.945891 0.266513
vt 0.944300 0.264919
vt 0.124091 0.834084
vt 0.134393 0.834085
vt 0.134456 0.841489
vt 0.124091 0.843777
vt 0.584186 0.101293
vt 0.593878 0.101293
vt 0.594181 0.101418
vt 0.594306 0.101720
vt 0.594306 0.111413
vt 0.584186 0.111413
vt 0.134489 0.795790
vt 0.124188 0.795791
vt 0.124125 0.788387
vt 0.134489 0.786098
vt 0.709188 0.019147
vt 0.719495 0.019147
vt 0.719559 0.026551
vt 0.709188 0.028840
vt 0.946323 0.278565
vt 0.944729 0.280156
vt 0.958375 0.278133
vt 0.959966 0.279727
vt 0.709188 0.009454
vt 0.719559 0.011743
vt 0.594306 0.121106
vt 0.594181 0.121408
vt 0.593878 0.121533
vt 0.584186 0.121533
vt 0.574065 0.101720
vt 0.574191 0.101418
vt 0.574493 0.101293
vt 0.574065 0.111413
vt 0.946018 0.266208
vt 0.952133 0.272323
vt 0.946018 0.278438
vt 0.958249 0.278438
vt 0.958249 0.266208
vt 0.124091 0.824391
vt 0.134456 0.826680
vt 0.134489 0.805483
vt 0.124125 0.803195
vt 0.162675 0.747685
vt 0.173039 0.749973
vt 0.124091 0.788084
vt 0.134457 0.785795
vt 0.709216 0.009152
vt 0.719589 0.011440
vt 0.124123 0.824089
vt 0.134489 0.826377
vt 0.719589 0.026854
vt 0.709216 0.029142
vt 0.162708 0.747383
vt 0.173073 0.749670
vt 0.134489 0.841792
vt 0.124123 0.844079
vt 0.134457 0.805785
vt 0.124091 0.803498
vt 0.173073 0.765085
vt 0.162708 0.767373
vt 0.944426 0.264616
vt 0.944426 0.280030
vt 0.959840 0.280030
vt 0.959840 0.264616
vt 0.574493 0.121533
vt 0.574191 0.121408
vt 0.574065 0.121106
vt 0.551735 0.946135
vt 0.545925 0.946135
vt 0.544331 0.944544
vt 0.551735 0.944544
vt 0.545493 0.952377
vt 0.545493 0.958187
vt 0.543902 0.959781
vt 0.543902 0.952377
vt 0.551735 0.958618
vt 0.557545 0.958618
vt 0.559139 0.960209
vt 0.551735 0.960209
vt 0.557977 0.952377
vt 0.557977 0.946566
vt 0.559568 0.944972
vt 0.559568 0.952377
vt 0.095386 0.757497
vt 0.105686 0.757497
vt 0.105749 0.764901
vt 0.095386 0.767189
vt 0.557545 0.946135
vt 0.559139 0.944544
vt 0.545493 0.946566
vt 0.543902 0.944972
vt 0.047696 0.796128
vt 0.057998 0.796128
vt 0.058061 0.803533
vt 0.047696 0.805821
vt 0.592566 0.404559
vt 0.602259 0.404559
vt 0.602561 0.404685
vt 0.602687 0.404987
vt 0.602687 0.414680
vt 0.592566 0.414680
vt 0.019550 0.796677
vt 0.009249 0.796678
vt 0.009186 0.789274
vt 0.019550 0.786985
vt 0.712742 0.342413
vt 0.723050 0.342413
vt 0.723113 0.349817
vt 0.712742 0.352105
vt 0.545925 0.958618
vt 0.544331 0.960209
vt 0.557977 0.958187
vt 0.559568 0.959781
vt 0.712742 0.332720
vt 0.723113 0.335008
vt 0.602687 0.424372
vt 0.602561 0.424675
vt 0.602259 0.424800
vt 0.592566 0.424800
vt 0.582446 0.404987
vt 0.582571 0.404685
vt 0.582874 0.404559
vt 0.582446 0.414680
vt 0.545620 0.946261
vt 0.551735 0.952377
vt 0.545620 0.958492
vt 0.557850 0.958492
vt 0.557850 0.946261
vt 0.047696 0.786435
vt 0.058061 0.788724
vt 0.019550 0.806370
vt 0.009186 0.804082
vt 0.095386 0.747804
vt 0.105749 0.750092
vt 0.009152 0.788971
vt 0.019518 0.786682
vt 0.712770 0.332417
vt 0.723143 0.334705
vt 0.047728 0.786133
vt 0.058094 0.788421
vt 0.723143 0.350120
vt 0.712770 0.352408
vt 0.095418 0.747502
vt 0.105783 0.749789
vt 0.058094 0.803836
vt 0.047728 0.806123
vt 0.019518 0.806672
vt 0.009152 0.804385
vt 0.105783 0.765204
vt 0.095418 0.767492
vt 0.544028 0.944669
vt 0.544028 0.960084
vt 0.559442 0.960084
vt 0.559442 0.944669
vt 0.582874 0.424800
vt 0.582572 0.424675
vt 0.582446 0.424372
vt 0.961378 0.136853
vt 0.955567 0.136853
vt 0.953973 0.135262
vt 0.961378 0.135262
vt 0.955136 0.143095
vt 0.955136 0.148905
vt 0.953545 0.150499
vt 0.953545 0.143095
vt 0.961378 0.149337
vt 0.967188 0.149337
vt 0.968782 0.150928
vt 0.961378 0.150928
vt 0.967619 0.143095
vt 0.967619 0.137284
vt 0.969211 0.135690
vt 0.969211 0.143095
vt 0.124091 0.757497
vt 0.134392 0.757497
vt 0.134455 0.764901
vt 0.124091 0.767189
vt 0.967188 0.136853
vt 0.968782 0.135262
vt 0.955136 0.137284
vt 0.953545 0.135690
vt 0.430362 0.797792
vt 0.440664 0.797793
vt 0.440727 0.805197
vt 0.430362 0.807485
vt 0.592566 0.443104
vt 0.602259 0.443103
vt 0.602561 0.443229
vt 0.602687 0.443531
vt 0.602687 0.453224
vt 0.592566 0.453224
vt 0.365851 0.832694
vt 0.355549 0.832694
vt 0.355486 0.825290
vt 0.365851 0.823001
vt 0.698078 0.452925
vt 0.708386 0.452925
vt 0.708450 0.460329
vt 0.698078 0.462618
vt 0.955567 0.149337
vt 0.953973 0.150928
vt 0.967619 0.148905
vt 0.969211 0.150499
vt 0.698078 0.443232
vt 0.708450 0.445521
vt 0.602687 0.462917
vt 0.602561 0.463219
vt 0.602259 0.463344
vt 0.592566 0.463344
vt 0.582446 0.443531
vt 0.582571 0.443229
vt 0.582874 0.443104
vt 0.582446 0.453224
vt 0.955262 0.136979
vt 0.961378 0.143095
vt 0.955262 0.149210
vt 0.967493 0.149210
vt 0.967493 0.136979
vt 0.430362 0.788099
vt 0.440727 0.790388
vt 0.365851 0.842386
vt 0.355486 0.840099
vt 0.124091 0.747804
vt 0.134455 0.750092
vt 0.355452 0.824987
vt 0.365819 0.822698
vt 0.698107 0.442930
vt 0.708480 0.445218
vt 0.430394 0.787797
vt 0.440760 0.790085
vt 0.708480 0.460632
vt 0.698107 0.462920
vt 0.124123 0.747502
vt 0.134489 0.749789
vt 0.440760 0.805500
vt 0.430394 0.807787
vt 0.365819 0.842688
vt 0.355452 0.840401
vt 0.134489 0.765204
vt 0.124123 0.767492
vt 0.953670 0.135387
vt 0.953670 0.150802
vt 0.969085 0.150802
vt 0.969085 0.135387
vt 0.582874 0.463344
vt 0.582571 0.463219
vt 0.582446 0.462917
vt 0.016985 0.941448
vt 0.011174 0.941448
vt 0.009580 0.939857
vt 0.016985 0.939857
vt 0.010743 0.947690
vt 0.010743 0.953500
vt 0.009152 0.955094
vt 0.009152 0.947690
vt 0.016985 0.953931
vt 0.022795 0.953931
vt 0.024389 0.955523
vt 0.016985 0.955523
vt 0.023227 0.947690
vt 0.023227 0.941879
vt 0.024818 0.940285
vt 0.024818 0.947690
vt 0.856301 0.180780
vt 0.866601 0.180780
vt 0.866664 0.188184
vt 0.856301 0.190472
vt 0.022795 0.941448
vt 0.024389 0.939857
vt 0.010743 0.941879
vt 0.009152 0.940285
vt 0.459067 0.797792
vt 0.469369 0.797793
vt 0.469432 0.805197
vt 0.459067 0.807485
vt 0.669654 0.520192
vt 0.679347 0.520192
vt 0.679649 0.520317
vt 0.679775 0.520619
vt 0.679775 0.530312
vt 0.669654 0.530312
vt 0.278911 0.833051
vt 0.268609 0.833052
vt 0.268546 0.825647
vt 0.278911 0.823358
vt 0.592848 0.722734
vt 0.582540 0.722734
vt 0.582477 0.715330
vt 0.592848 0.713041
vt 0.011174 0.953931
vt 0.009580 0.955523
vt 0.023227 0.953500
vt 0.024818 0.955094
vt 0.592848 0.732427
vt 0.582477 0.730138
vt 0.679775 0.540005
vt 0.679649 0.540307
vt 0.679347 0.540432
vt 0.669654 0.540432
vt 0.659534 0.520619
vt 0.659659 0.520317
vt 0.659962 0.520192
vt 0.659534 0.530312
vt 0.010869 0.941574
vt 0.016985 0.947690
vt 0.010869 0.953805
vt 0.023100 0.953805
vt 0.023100 0.941574
vt 0.459067 0.788099
vt 0.469432 0.790389
vt 0.278911 0.842744
vt 0.268546 0.840456
vt 0.856301 0.171087
vt 0.866664 0.173375
vt 0.268512 0.825344
vt 0.278879 0.823056
vt 0.592819 0.732729
vt 0.582446 0.730441
vt 0.459099 0.787797
vt 0.469466 0.790085
vt 0.582446 0.715027
vt 0.592819 0.712739
vt 0.856333 0.170785
vt 0.866698 0.173072
vt 0.469466 0.805500
vt 0.459099 0.807787
vt 0.278879 0.843046
vt 0.268512 0.840759
vt 0.866698 0.188487
vt 0.856333 0.190775
vt 0.009277 0.939982
vt 0.009277 0.955397
vt 0.024692 0.955397
vt 0.024692 0.939982
vt 0.659962 0.540432
vt 0.659659 0.540307
vt 0.659534 0.540005
vt 0.438195 0.942563
vt 0.432384 0.942563
vt 0.430790 0.940972
vt 0.438195 0.940972
vt 0.431953 0.948804
vt 0.431953 0.954615
vt 0.430362 0.956209
vt 0.430362 0.948804
vt 0.438195 0.955046
vt 0.444005 0.955046
vt 0.445599 0.956637
vt 0.438195 0.956637
vt 0.444437 0.948804
vt 0.444437 0.942994
vt 0.446028 0.941400
vt 0.446028 0.948804
vt 0.866698 0.235941
vt 0.856398 0.235941
vt 0.856335 0.228537
vt 0.866698 0.226248
vt 0.444005 0.942563
vt 0.445599 0.940972
vt 0.431953 0.942994
vt 0.430362 0.941400
vt 0.708807 0.799245
vt 0.719109 0.799245
vt 0.719172 0.806650
vt 0.708807 0.808937
vt 0.317176 0.666345
vt 0.326869 0.666345
vt 0.327171 0.666470
vt 0.327297 0.666772
vt 0.327297 0.676465
vt 0.317176 0.676465
vt 0.747911 0.799245
vt 0.737609 0.799245
vt 0.737546 0.791841
vt 0.747911 0.789552
vt 0.631392 0.722734
vt 0.621084 0.722734
vt 0.621021 0.715330
vt 0.631392 0.713041
vt 0.432384 0.955046
vt 0.430790 0.956637
vt 0.444437 0.954615
vt 0.446028 0.956209
vt 0.631392 0.732427
vt 0.621021 0.730138
vt 0.327297 0.686158
vt 0.327171 0.686460
vt 0.326869 0.686585
vt 0.317176 0.686585
vt 0.307056 0.666772
vt 0.307181 0.666470
vt 0.307484 0.666345
vt 0.307056 0.676465
vt 0.432079 0.942689
vt 0.438195 0.948804
vt 0.432079 0.954920
vt 0.444310 0.954920
vt 0.444310 0.942689
vt 0.708807 0.789552
vt 0.719172 0.791841
vt 0.747911 0.808937
vt 0.737546 0.806650
vt 0.866698 0.245634
vt 0.856335 0.243345
vt 0.737513 0.791538
vt 0.747879 0.789249
vt 0.631363 0.732729
vt 0.620990 0.730441
vt 0.708839 0.789249
vt 0.719206 0.791538
vt 0.620990 0.715027
vt 0.631363 0.712739
vt 0.866666 0.245936
vt 0.856301 0.243648
vt 0.719206 0.806952
vt 0.708839 0.809239
vt 0.747879 0.809239
vt 0.737513 0.806952
vt 0.856301 0.228234
vt 0.866666 0.225946
vt 0.430488 0.941097
vt 0.430488 0.956512
vt 0.445902 0.956512
vt 0.445902 0.941097
vt 0.307484 0.686585
vt 0.307182 0.686460
vt 0.307056 0.686158
vt 0.511524 0.921756
vt 0.511524 0.927567
vt 0.509933 0.929161
vt 0.509933 0.921756
vt 0.517765 0.927998
vt 0.523576 0.927998
vt 0.525170 0.929589
vt 0.517765 0.929589
vt 0.524007 0.921756
vt 0.524007 0.915946
vt 0.525598 0.914352
vt 0.525598 0.921756
vt 0.517765 0.915514
vt 0.511955 0.915514
vt 0.510361 0.913923
vt 0.517765 0.913923
vt 0.881022 0.875832
vt 0.891323 0.875832
vt 0.891386 0.883236
vt 0.881022 0.885525
vt 0.511524 0.915946
vt 0.509933 0.914352
vt 0.511955 0.927998
vt 0.510361 0.929589
vt 0.794916 0.799245
vt 0.805218 0.799245
vt 0.805281 0.806650
vt 0.794916 0.808937
vt 0.656699 0.055732
vt 0.666392 0.055732
vt 0.666694 0.055857
vt 0.666819 0.056159
vt 0.666819 0.065852
vt 0.656699 0.065852
vt 0.794593 0.491643
vt 0.784291 0.491643
vt 0.784228 0.484239
vt 0.794593 0.481950
vt 0.355452 0.717812
vt 0.365760 0.717812
vt 0.365824 0.725217
vt 0.355452 0.727505
vt 0.524007 0.927567
vt 0.525598 0.929161
vt 0.523576 0.915514
vt 0.525170 0.913923
vt 0.355452 0.708120
vt 0.365824 0.710408
vt 0.666819 0.075545
vt 0.666694 0.075847
vt 0.666392 0.075972
vt 0.656699 0.075972
vt 0.646579 0.056160
vt 0.646704 0.055857
vt 0.647006 0.055732
vt 0.646579 0.065852
vt 0.511650 0.927872
vt 0.517765 0.921756
vt 0.523881 0.927872
vt 0.523881 0.915641
vt 0.511650 0.915641
vt 0.794916 0.789552
vt 0.805281 0.791841
vt 0.794593 0.501336
vt 0.784228 0.499048
vt 0.881022 0.866139
vt 0.891386 0.868428
vt 0.784194 0.483936
vt 0.794561 0.481648
vt 0.355481 0.707817
vt 0.365854 0.710105
vt 0.794948 0.789249
vt 0.805314 0.791538
vt 0.365854 0.725520
vt 0.355481 0.727807
vt 0.881055 0.865837
vt 0.891420 0.868124
vt 0.805314 0.806952
vt 0.794948 0.809239
vt 0.794561 0.501638
vt 0.784194 0.499351
vt 0.891420 0.883539
vt 0.881055 0.885827
vt 0.510058 0.929464
vt 0.525473 0.929464
vt 0.525473 0.914049
vt 0.510058 0.914049
vt 0.647006 0.075973
vt 0.646704 0.075847
vt 0.646579 0.075545
vt 0.314889 0.936242
vt 0.309079 0.936242
vt 0.307485 0.934651
vt 0.314889 0.934651
vt 0.308647 0.942484
vt 0.308647 0.948294
vt 0.307056 0.949888
vt 0.307056 0.942484
vt 0.314889 0.948726
vt 0.320700 0.948726
vt 0.322294 0.950317
vt 0.314889 0.950317
vt 0.321131 0.942484
vt 0.321131 0.936673
vt 0.322722 0.935080
vt 0.322722 0.942484
vt 0.582446 0.837615
vt 0.592747 0.837615
vt 0.592810 0.845019
vt 0.582446 0.847308
vt 0.320700 0.936242
vt 0.322294 0.934651
vt 0.308647 0.936673
vt 0.307056 0.935080
vt 0.798855 0.342413
vt 0.809156 0.342413
vt 0.809219 0.349818
vt 0.798855 0.352105
vt 0.656698 0.264490
vt 0.666391 0.264490
vt 0.666693 0.264615
vt 0.666818 0.264918
vt 0.666818 0.274610
vt 0.656698 0.274610
vt 0.809295 0.180780
vt 0.798993 0.180781
vt 0.798930 0.173376
vt 0.809295 0.171087
vt 0.660729 0.722734
vt 0.650421 0.722734
vt 0.650357 0.715330
vt 0.660729 0.713041
vt 0.309079 0.948726
vt 0.307485 0.950317
vt 0.321131 0.948294
vt 0.322722 0.949888
vt 0.660729 0.732427
vt 0.650357 0.730138
vt 0.666818 0.284303
vt 0.666693 0.284605
vt 0.666391 0.284731
vt 0.656698 0.284731
vt 0.646578 0.264918
vt 0.646703 0.264615
vt 0.647005 0.264490
vt 0.646578 0.274610
vt 0.308774 0.936368
vt 0.314889 0.942484
vt 0.308774 0.948599
vt 0.321005 0.948599
vt 0.321005 0.936368
vt 0.798855 0.332720
vt 0.809219 0.335009
vt 0.809295 0.190473
vt 0.798930 0.188185
vt 0.582446 0.827922
vt 0.592810 0.830211
vt 0.798896 0.173073
vt 0.809263 0.170785
vt 0.660700 0.732729
vt 0.650327 0.730441
vt 0.798887 0.332417
vt 0.809253 0.334706
vt 0.650327 0.715027
vt 0.660700 0.712739
vt 0.582479 0.827620
vt 0.592844 0.829908
vt 0.809253 0.350121
vt 0.798887 0.352407
vt 0.809263 0.190775
vt 0.798896 0.188488
vt 0.592844 0.845322
vt 0.582479 0.847610
vt 0.307182 0.934777
vt 0.307182 0.950191
vt 0.322597 0.950191
vt 0.322596 0.934777
vt 0.647005 0.284731
vt 0.646703 0.284605
vt 0.646578 0.284303
vt 0.363285 0.939170
vt 0.357475 0.939170
vt 0.355881 0.937580
vt 0.363285 0.937580
vt 0.357043 0.945412
vt 0.357043 0.951223
vt 0.355452 0.952817
vt 0.355452 0.945412
vt 0.363285 0.951654
vt 0.369096 0.951654
vt 0.370690 0.953245
vt 0.363285 0.953245
vt 0.369527 0.945412
vt 0.369527 0.939602
vt 0.371118 0.938008
vt 0.371118 0.945412
vt 0.868181 0.065727
vt 0.857880 0.065727
vt 0.857817 0.058323
vt 0.868181 0.056034
vt 0.369096 0.939170
vt 0.370690 0.937580
vt 0.357043 0.939602
vt 0.355452 0.938008
vt 0.798896 0.235941
vt 0.809198 0.235942
vt 0.809261 0.243346
vt 0.798896 0.245634
vt 0.278632 0.631086
vt 0.288325 0.631086
vt 0.288627 0.631211
vt 0.288753 0.631513
vt 0.288753 0.641206
vt 0.278632 0.641206
vt 0.592845 0.799322
vt 0.582543 0.799322
vt 0.582480 0.791918
vt 0.592845 0.789629
vt 0.690066 0.722734
vt 0.679758 0.722734
vt 0.679694 0.715330
vt 0.690066 0.713041
vt 0.357475 0.951654
vt 0.355881 0.953245
vt 0.369527 0.951223
vt 0.371118 0.952817
vt 0.690066 0.732427
vt 0.679694 0.730138
vt 0.288753 0.650899
vt 0.288627 0.651201
vt 0.288325 0.651326
vt 0.278632 0.651327
vt 0.268512 0.631514
vt 0.268637 0.631211
vt 0.268940 0.631086
vt 0.268512 0.641206
vt 0.357170 0.939297
vt 0.363285 0.945412
vt 0.357170 0.951528
vt 0.369401 0.951528
vt 0.369401 0.939297
vt 0.798896 0.226248
vt 0.809261 0.228538
vt 0.592845 0.809014
vt 0.582480 0.806727
vt 0.868181 0.075420
vt 0.857817 0.073131
vt 0.582446 0.791615
vt 0.592813 0.789326
vt 0.690037 0.732729
vt 0.679664 0.730441
vt 0.798929 0.225946
vt 0.809295 0.228234
vt 0.679664 0.715027
vt 0.690037 0.712739
vt 0.868148 0.075722
vt 0.857783 0.073434
vt 0.809295 0.243649
vt 0.798929 0.245936
vt 0.592813 0.809316
vt 0.582446 0.807029
vt 0.857783 0.058020
vt 0.868148 0.055732
vt 0.355578 0.937705
vt 0.355578 0.953120
vt 0.370993 0.953120
vt 0.370993 0.937705
vt 0.268940 0.651327
vt 0.268637 0.651201
vt 0.268512 0.650899
vt 0.927408 0.136853
vt 0.921598 0.136853
vt 0.920004 0.135262
vt 0.927408 0.135262
vt 0.921167 0.143095
vt 0.921167 0.148905
vt 0.919576 0.150499
vt 0.919576 0.143095
vt 0.927408 0.149337
vt 0.933219 0.149337
vt 0.934813 0.150928
vt 0.927408 0.150928
vt 0.933650 0.143095
vt 0.933650 0.137284
vt 0.935241 0.135690
vt 0.935241 0.143095
vt 0.307056 0.829765
vt 0.317357 0.829765
vt 0.317420 0.837169
vt 0.307056 0.839458
vt 0.933219 0.136853
vt 0.934813 0.135262
vt 0.921167 0.137284
vt 0.919576 0.135690
vt 0.611152 0.799322
vt 0.621453 0.799322
vt 0.621516 0.806727
vt 0.611152 0.809014
vt 0.631110 0.404559
vt 0.640803 0.404559
vt 0.641105 0.404685
vt 0.641231 0.404987
vt 0.641231 0.414680
vt 0.631110 0.414680
vt 0.660726 0.799321
vt 0.650424 0.799322
vt 0.650361 0.791918
vt 0.660726 0.789629
vt 0.407824 0.723710
vt 0.397516 0.723710
vt 0.397453 0.716305
vt 0.407824 0.714017
vt 0.921598 0.149337
vt 0.920004 0.150928
vt 0.933650 0.148905
vt 0.935241 0.150499
vt 0.407824 0.733403
vt 0.397453 0.731114
vt 0.641231 0.424372
vt 0.641105 0.424675
vt 0.640803 0.424800
vt 0.631110 0.424800
vt 0.620990 0.404987
vt 0.621115 0.404685
vt 0.621418 0.404559
vt 0.620990 0.414680
vt 0.921293 0.136979
vt 0.927408 0.143095
vt 0.921293 0.149210
vt 0.933524 0.149210
vt 0.933524 0.136979
vt 0.611152 0.789629
vt 0.621516 0.791918
vt 0.660726 0.809014
vt 0.650361 0.806726
vt 0.307056 0.820072
vt 0.317420 0.822361
vt 0.650327 0.791615
vt 0.660693 0.789326
vt 0.407796 0.733705
vt 0.397423 0.731417
vt 0.611184 0.789326
vt 0.621550 0.791615
vt 0.397423 0.716002
vt 0.407796 0.713715
vt 0.307089 0.819770
vt 0.317454 0.822058
vt 0.621550 0.807029
vt 0.611184 0.809316
vt 0.660693 0.809316
vt 0.650327 0.807029
vt 0.317454 0.837472
vt 0.307089 0.839760
vt 0.919701 0.135387
vt 0.919701 0.150802
vt 0.935116 0.150802
vt 0.935116 0.135387
vt 0.621418 0.424800
vt 0.621116 0.424675
vt 0.620990 0.424372
vt 0.935386 0.521108
vt 0.929576 0.521108
vt 0.927982 0.519517
vt 0.935386 0.519517
vt 0.929144 0.527350
vt 0.929144 0.533161
vt 0.927553 0.534755
vt 0.927553 0.527350
vt 0.935386 0.533592
vt 0.941197 0.533592
vt 0.942791 0.535183
vt 0.935386 0.535183
vt 0.941628 0.527350
vt 0.941628 0.521540
vt 0.943219 0.519946
vt 0.943219 0.527350
vt 0.611152 0.837615
vt 0.621452 0.837615
vt 0.621515 0.845019
vt 0.611152 0.847308
vt 0.941197 0.521108
vt 0.942791 0.519517
vt 0.929144 0.521540
vt 0.927553 0.519946
vt 0.679664 0.799322
vt 0.689966 0.799322
vt 0.690029 0.806727
vt 0.679664 0.809014
vt 0.592566 0.635824
vt 0.602259 0.635824
vt 0.602561 0.635949
vt 0.602687 0.636252
vt 0.602687 0.645944
vt 0.592566 0.645944
vt 0.407821 0.800297
vt 0.397519 0.800298
vt 0.397456 0.792894
vt 0.407821 0.790605
vt 0.737185 0.452925
vt 0.726877 0.452925
vt 0.726814 0.445521
vt 0.737185 0.443232
vt 0.929576 0.533592
vt 0.927982 0.535183
vt 0.941628 0.533161
vt 0.943219 0.534755
vt 0.737185 0.462618
vt 0.726814 0.460329
vt 0.602687 0.655637
vt 0.602561 0.655939
vt 0.602259 0.656065
vt 0.592566 0.656065
vt 0.582446 0.636252
vt 0.582571 0.635949
vt 0.582874 0.635824
vt 0.582446 0.645944
vt 0.929271 0.521235
vt 0.935386 0.527350
vt 0.929271 0.533466
vt 0.941502 0.533466
vt 0.941502 0.521235
vt 0.679664 0.789629
vt 0.690029 0.791918
vt 0.407821 0.809990
vt 0.397456 0.807703
vt 0.611152 0.827922
vt 0.621515 0.830211
vt 0.397423 0.792591
vt 0.407789 0.790302
vt 0.737157 0.462920
vt 0.726784 0.460632
vt 0.679696 0.789326
vt 0.690062 0.791615
vt 0.726784 0.445218
vt 0.737157 0.442930
vt 0.611184 0.827620
vt 0.621549 0.829908
vt 0.690062 0.807029
vt 0.679696 0.809316
vt 0.407789 0.810292
vt 0.397423 0.808005
vt 0.621549 0.845322
vt 0.611184 0.847610
vt 0.927679 0.519643
vt 0.927679 0.535058
vt 0.943094 0.535058
vt 0.943094 0.519643
vt 0.582874 0.656065
vt 0.582571 0.655940
vt 0.582446 0.655637
vt 0.472164 0.942563
vt 0.466354 0.942563
vt 0.464760 0.940972
vt 0.472164 0.940972
vt 0.465922 0.948804
vt 0.465922 0.954615
vt 0.464331 0.956209
vt 0.464331 0.948804
vt 0.472164 0.955046
vt 0.477975 0.955046
vt 0.479569 0.956637
vt 0.472164 0.956637
vt 0.478406 0.948804
vt 0.478406 0.942994
vt 0.479997 0.941400
vt 0.479997 0.948804
vt 0.639854 0.837615
vt 0.650154 0.837615
vt 0.650217 0.845019
vt 0.639854 0.847308
vt 0.477975 0.942563
vt 0.479569 0.940972
vt 0.465922 0.942994
vt 0.464331 0.941400
vt 0.800379 0.065727
vt 0.810681 0.065728
vt 0.810744 0.073132
vt 0.800379 0.075420
vt 0.365572 0.630729
vt 0.375265 0.630729
vt 0.375567 0.630854
vt 0.375693 0.631157
vt 0.375693 0.640849
vt 0.365573 0.640849
vt 0.440760 0.836086
vt 0.430459 0.836086
vt 0.430396 0.828682
vt 0.440760 0.826393
vt 0.729058 0.111288
vt 0.718750 0.111288
vt 0.718686 0.103883
vt 0.729058 0.101595
vt 0.466354 0.955046
vt 0.464760 0.956637
vt 0.478406 0.954615
vt 0.479997 0.956209
vt 0.729058 0.120980
vt 0.718686 0.118692
vt 0.375693 0.650542
vt 0.375567 0.650844
vt 0.375265 0.650970
vt 0.365573 0.650970
vt 0.355452 0.631157
vt 0.355578 0.630854
vt 0.355880 0.630729
vt 0.355452 0.640849
vt 0.466049 0.942689
vt 0.472164 0.948804
vt 0.466049 0.954920
vt 0.478280 0.954920
vt 0.478280 0.942689
vt 0.800379 0.056035
vt 0.810744 0.058324
vt 0.440760 0.845779
vt 0.430396 0.843491
vt 0.639854 0.827922
vt 0.650217 0.830211
vt 0.430362 0.828379
vt 0.440728 0.826091
vt 0.729029 0.121283
vt 0.718656 0.118995
vt 0.800411 0.055732
vt 0.810777 0.058020
vt 0.718656 0.103580
vt 0.729029 0.101293
vt 0.639886 0.827620
vt 0.650251 0.829908
vt 0.810777 0.073435
vt 0.800411 0.075722
vt 0.440728 0.846081
vt 0.430362 0.843794
vt 0.650251 0.845322
vt 0.639886 0.847610
vt 0.464457 0.941097
vt 0.464457 0.956512
vt 0.479872 0.956512
vt 0.479872 0.941097
vt 0.355880 0.650970
vt 0.355578 0.650844
vt 0.355452 0.650542
vt 0.517765 0.949484
vt 0.511955 0.949484
vt 0.510361 0.947893
vt 0.517765 0.947893
vt 0.511524 0.955726
vt 0.511524 0.961536
vt 0.509933 0.963130
vt 0.509933 0.955726
vt 0.517765 0.961967
vt 0.523576 0.961967
vt 0.525170 0.963559
vt 0.517765 0.963559
vt 0.524007 0.955726
vt 0.524007 0.949915
vt 0.525598 0.948321
vt 0.525598 0.955726
vt 0.355452 0.756106
vt 0.365753 0.756106
vt 0.365816 0.763511
vt 0.355452 0.765799
vt 0.523576 0.949484
vt 0.525170 0.947893
vt 0.511524 0.949915
vt 0.509933 0.948321
vt 0.543902 0.767395
vt 0.554204 0.767396
vt 0.554267 0.774800
vt 0.543902 0.777088
vt 0.220546 0.592606
vt 0.230238 0.592606
vt 0.230541 0.592731
vt 0.230666 0.593033
vt 0.230666 0.602726
vt 0.220546 0.602726
vt 0.249529 0.871408
vt 0.239228 0.871409
vt 0.239164 0.864004
vt 0.249529 0.861715
vt 0.698078 0.491643
vt 0.708386 0.491643
vt 0.708450 0.499047
vt 0.698078 0.501335
vt 0.511955 0.961967
vt 0.510361 0.963559
vt 0.524007 0.961536
vt 0.525598 0.963130
vt 0.698078 0.481950
vt 0.708450 0.484238
vt 0.230666 0.612419
vt 0.230541 0.612721
vt 0.230238 0.612846
vt 0.220546 0.612846
vt 0.210425 0.593033
vt 0.210551 0.592731
vt 0.210853 0.592606
vt 0.210425 0.602726
vt 0.511650 0.949610
vt 0.517765 0.955726
vt 0.511650 0.961841
vt 0.523881 0.961841
vt 0.523881 0.949610
vt 0.543902 0.757702
vt 0.554267 0.759991
vt 0.249529 0.881101
vt 0.239164 0.878813
vt 0.355452 0.746413
vt 0.365816 0.748702
vt 0.239131 0.863701
vt 0.249497 0.861413
vt 0.698107 0.481648
vt 0.708480 0.483935
vt 0.543934 0.757400
vt 0.554301 0.759688
vt 0.708480 0.499350
vt 0.698107 0.501638
vt 0.355485 0.746111
vt 0.365850 0.748399
vt 0.554301 0.775103
vt 0.543934 0.777390
vt 0.249497 0.881403
vt 0.239131 0.879116
vt 0.365850 0.763813
vt 0.355485 0.766101
vt 0.510058 0.948018
vt 0.510058 0.963433
vt 0.525473 0.963433
vt 0.525473 0.948018
vt 0.210853 0.612846
vt 0.210551 0.612721
vt 0.210425 0.612419
vt 0.946113 0.714253
vt 0.940302 0.714253
vt 0.938708 0.712662
vt 0.946113 0.712662
vt 0.939871 0.720495
vt 0.939871 0.726305
vt 0.938280 0.727899
vt 0.938280 0.720495
vt 0.946113 0.726737
vt 0.951923 0.726737
vt 0.953517 0.728328
vt 0.946113 0.728328
vt 0.952354 0.720495
vt 0.952354 0.714684
vt 0.953946 0.713090
vt 0.953946 0.720495
vt 0.268512 0.756463
vt 0.278813 0.756463
vt 0.278876 0.763867
vt 0.268512 0.766156
vt 0.951923 0.714253
vt 0.953517 0.712662
vt 0.939871 0.714684
vt 0.938280 0.713090
vt 0.047696 0.834421
vt 0.057998 0.834422
vt 0.058061 0.841826
vt 0.047696 0.844114
vt 0.172795 0.593456
vt 0.182488 0.593456
vt 0.182790 0.593582
vt 0.182915 0.593884
vt 0.182915 0.603577
vt 0.172795 0.603577
vt 0.810776 0.274485
vt 0.800474 0.274486
vt 0.800411 0.267082
vt 0.810776 0.264793
vt 0.708480 0.530187
vt 0.698172 0.530187
vt 0.698109 0.522782
vt 0.708480 0.520494
vt 0.940302 0.726737
vt 0.938708 0.728328
vt 0.952355 0.726305
vt 0.953946 0.727899
vt 0.708480 0.539880
vt 0.698109 0.537591
vt 0.182915 0.613269
vt 0.182790 0.613572
vt 0.182488 0.613697
vt 0.172795 0.613697
vt 0.162675 0.593884
vt 0.162800 0.593582
vt 0.163103 0.593456
vt 0.162675 0.603577
vt 0.939997 0.714379
vt 0.946113 0.720495
vt 0.939997 0.726610
vt 0.952228 0.726610
vt 0.952228 0.714379
vt 0.047696 0.824729
vt 0.058061 0.827018
vt 0.810776 0.284178
vt 0.800411 0.281890
vt 0.268512 0.746770
vt 0.278876 0.749059
vt 0.800378 0.266779
vt 0.810744 0.264490
vt 0.708451 0.540182
vt 0.698078 0.537894
vt 0.047728 0.824426
vt 0.058094 0.826715
vt 0.698078 0.522479
vt 0.708451 0.520192
vt 0.268545 0.746468
vt 0.278910 0.748756
vt 0.058094 0.842129
vt 0.047728 0.844416
vt 0.810744 0.284480
vt 0.800378 0.282193
vt 0.278910 0.764170
vt 0.268545 0.766458
vt 0.938405 0.712788
vt 0.938405 0.728202
vt 0.953820 0.728202
vt 0.953820 0.712787
vt 0.163103 0.613697
vt 0.162800 0.613572
vt 0.162675 0.613269
vt 0.969356 0.521108
vt 0.963545 0.521108
vt 0.961951 0.519517
vt 0.969356 0.519517
vt 0.963114 0.527350
vt 0.963114 0.533161
vt 0.961523 0.534755
vt 0.961523 0.527350
vt 0.969356 0.533592
vt 0.975166 0.533592
vt 0.976760 0.535183
vt 0.969356 0.535183
vt 0.975597 0.527350
vt 0.975597 0.521540
vt 0.977188 0.519946
vt 0.977188 0.527350
vt 0.047696 0.757834
vt 0.057997 0.757834
vt 0.058060 0.765238
vt 0.047696 0.767527
vt 0.975166 0.521108
vt 0.976760 0.519517
vt 0.963114 0.521540
vt 0.961523 0.519946
vt 0.124091 0.872378
vt 0.134393 0.872378
vt 0.134456 0.879783
vt 0.124091 0.882071
vt 0.105506 0.593575
vt 0.115199 0.593575
vt 0.115501 0.593701
vt 0.115626 0.594003
vt 0.115626 0.603696
vt 0.105506 0.603696
vt 0.469466 0.836086
vt 0.459164 0.836086
vt 0.459101 0.828682
vt 0.469466 0.826393
vt 0.712784 0.180780
vt 0.723091 0.180780
vt 0.723155 0.188184
vt 0.712784 0.190472
vt 0.963545 0.533592
vt 0.961951 0.535183
vt 0.975597 0.533161
vt 0.977188 0.534755
vt 0.712784 0.171087
vt 0.723155 0.173375
vt 0.115626 0.613388
vt 0.115501 0.613691
vt 0.115199 0.613816
vt 0.105506 0.613816
vt 0.095386 0.594003
vt 0.095511 0.593701
vt 0.095813 0.593575
vt 0.095386 0.603696
vt 0.963240 0.521235
vt 0.969356 0.527350
vt 0.963240 0.533466
vt 0.975471 0.533466
vt 0.975471 0.521235
vt 0.124091 0.862685
vt 0.134456 0.864974
vt 0.469466 0.845779
vt 0.459101 0.843491
vt 0.047696 0.748141
vt 0.058060 0.750429
vt 0.459067 0.828379
vt 0.469434 0.826091
vt 0.712812 0.170785
vt 0.723185 0.173072
vt 0.124123 0.862383
vt 0.134489 0.864671
vt 0.723185 0.188487
vt 0.712812 0.190775
vt 0.047728 0.747839
vt 0.058094 0.750126
vt 0.134489 0.880086
vt 0.124123 0.882372
vt 0.469434 0.846081
vt 0.459067 0.843794
vt 0.058094 0.765541
vt 0.047728 0.767829
vt 0.961648 0.519643
vt 0.961648 0.535058
vt 0.977063 0.535058
vt 0.977063 0.519643
vt 0.095813 0.613816
vt 0.095511 0.613691
vt 0.095386 0.613388
vt 0.969356 0.555078
vt 0.963545 0.555078
vt 0.961951 0.553487
vt 0.969356 0.553487
vt 0.963114 0.561320
vt 0.963114 0.567130
vt 0.961523 0.568724
vt 0.961523 0.561320
vt 0.969356 0.567561
vt 0.975166 0.567561
vt 0.976760 0.569152
vt 0.969356 0.569152
vt 0.975597 0.561320
vt 0.975597 0.555509
vt 0.977188 0.553915
vt 0.977188 0.561320
vt 0.009152 0.758383
vt 0.019453 0.758383
vt 0.019516 0.765788
vt 0.009152 0.768076
vt 0.975166 0.555078
vt 0.976760 0.553487
vt 0.963114 0.555509
vt 0.961523 0.553915
vt 0.770152 0.342413
vt 0.780454 0.342413
vt 0.780517 0.349818
vt 0.770152 0.352105
vt 0.592566 0.597280
vt 0.602259 0.597280
vt 0.602561 0.597405
vt 0.602687 0.597708
vt 0.602687 0.607400
vt 0.592566 0.607400
vt 0.220824 0.833114
vt 0.210522 0.833115
vt 0.210459 0.825711
vt 0.220824 0.823422
vt 0.708480 0.568480
vt 0.698172 0.568480
vt 0.698109 0.561076
vt 0.708480 0.558788
vt 0.963545 0.567561
vt 0.961951 0.569152
vt 0.975597 0.567130
vt 0.977188 0.568724
vt 0.708480 0.578173
vt 0.698109 0.575885
vt 0.602687 0.617093
vt 0.602561 0.617395
vt 0.602259 0.617521
vt 0.592566 0.617521
vt 0.582446 0.597708
vt 0.582571 0.597405
vt 0.582874 0.597280
vt 0.582446 0.607400
vt 0.963240 0.555204
vt 0.969356 0.561320
vt 0.963240 0.567435
vt 0.975471 0.567435
vt 0.975471 0.555204
vt 0.770152 0.332720
vt 0.780517 0.335009
vt 0.220824 0.842807
vt 0.210459 0.840519
vt 0.009152 0.748691
vt 0.019516 0.750979
vt 0.210425 0.825408
vt 0.220792 0.823119
vt 0.708451 0.578476
vt 0.698078 0.576188
vt 0.770184 0.332417
vt 0.780551 0.334706
vt 0.698078 0.560773
vt 0.708451 0.558486
vt 0.009184 0.748388
vt 0.019550 0.750676
vt 0.780551 0.350121
vt 0.770184 0.352407
vt 0.220792 0.843109
vt 0.210425 0.840822
vt 0.019550 0.766091
vt 0.009184 0.768378
vt 0.961648 0.553612
vt 0.961648 0.569027
vt 0.977063 0.569027
vt 0.977063 0.553612
vt 0.582874 0.617521
vt 0.582571 0.617395
vt 0.582446 0.617093
vt 0.619840 0.943750
vt 0.614030 0.943750
vt 0.612436 0.942159
vt 0.619840 0.942159
vt 0.613598 0.949992
vt 0.613598 0.955802
vt 0.612007 0.957396
vt 0.612007 0.949992
vt 0.619840 0.956234
vt 0.625651 0.956234
vt 0.627245 0.957825
vt 0.619840 0.957825
vt 0.626082 0.949992
vt 0.626082 0.944182
vt 0.627673 0.942588
vt 0.627673 0.949992
vt 0.679664 0.837615
vt 0.689965 0.837615
vt 0.690028 0.845019
vt 0.679664 0.847308
vt 0.625651 0.943750
vt 0.627245 0.942159
vt 0.613598 0.944182
vt 0.612007 0.942588
vt 0.766214 0.760951
vt 0.776516 0.760952
vt 0.776579 0.768356
vt 0.766214 0.770644
vt 0.669654 0.481648
vt 0.679347 0.481648
vt 0.679649 0.481773
vt 0.679775 0.482075
vt 0.679775 0.491768
vt 0.669654 0.491768
vt 0.249529 0.833114
vt 0.239228 0.833115
vt 0.239165 0.825711
vt 0.249529 0.823422
vt 0.753373 0.065727
vt 0.743065 0.065727
vt 0.743002 0.058323
vt 0.753373 0.056034
vt 0.614030 0.956234
vt 0.612436 0.957825
vt 0.626082 0.955802
vt 0.627673 0.957396
vt 0.753373 0.075420
vt 0.743002 0.073131
vt 0.679775 0.501461
vt 0.679649 0.501763
vt 0.679347 0.501888
vt 0.669654 0.501888
vt 0.659534 0.482075
vt 0.659659 0.481773
vt 0.659962 0.481648
vt 0.659534 0.491768
vt 0.613725 0.943877
vt 0.619840 0.949992
vt 0.613725 0.956107
vt 0.625956 0.956107
vt 0.625956 0.943877
vt 0.766214 0.751258
vt 0.776579 0.753547
vt 0.249529 0.842807
vt 0.239165 0.840519
vt 0.679664 0.827922
vt 0.690028 0.830211
vt 0.239131 0.825408
vt 0.249497 0.823119
vt 0.753344 0.075722
vt 0.742972 0.073434
vt 0.766246 0.750956
vt 0.776612 0.753244
vt 0.742972 0.058020
vt 0.753344 0.055732
vt 0.679696 0.827620
vt 0.690062 0.829908
vt 0.776612 0.768659
vt 0.766246 0.770946
vt 0.249497 0.843109
vt 0.239131 0.840822
vt 0.690062 0.845322
vt 0.679696 0.847610
vt 0.612133 0.942285
vt 0.612133 0.957699
vt 0.627548 0.957699
vt 0.627548 0.942285
vt 0.659962 0.501888
vt 0.659660 0.501763
vt 0.659534 0.501461
vt 0.653810 0.943750
vt 0.647999 0.943750
vt 0.646405 0.942159
vt 0.653810 0.942159
vt 0.647568 0.949992
vt 0.647568 0.955802
vt 0.645977 0.957396
vt 0.645977 0.949992
vt 0.653810 0.956234
vt 0.659620 0.956234
vt 0.661214 0.957825
vt 0.653810 0.957825
vt 0.660051 0.949992
vt 0.660051 0.944182
vt 0.661642 0.942588
vt 0.661642 0.949992
vt 0.397423 0.838591
vt 0.407724 0.838591
vt 0.407786 0.845995
vt 0.397423 0.848284
vt 0.659620 0.943750
vt 0.661214 0.942159
vt 0.647568 0.944182
vt 0.645977 0.942588
vt 0.047696 0.872715
vt 0.057998 0.872716
vt 0.058061 0.880120
vt 0.047696 0.882408
vt 0.669654 0.558736
vt 0.679347 0.558736
vt 0.679649 0.558861
vt 0.679775 0.559163
vt 0.679775 0.568856
vt 0.669654 0.568856
vt 0.719206 0.837538
vt 0.708904 0.837539
vt 0.708841 0.830135
vt 0.719206 0.827846
vt 0.737185 0.491643
vt 0.726877 0.491643
vt 0.726814 0.484238
vt 0.737185 0.481950
vt 0.647999 0.956234
vt 0.646405 0.957825
vt 0.660051 0.955802
vt 0.661642 0.957396
vt 0.737185 0.501335
vt 0.726814 0.499047
vt 0.679775 0.578549
vt 0.679649 0.578851
vt 0.679347 0.578976
vt 0.669654 0.578976
vt 0.659534 0.559163
vt 0.659659 0.558861
vt 0.659962 0.558736
vt 0.659534 0.568856
vt 0.647694 0.943877
vt 0.653810 0.949992
vt 0.647694 0.956107
vt 0.659925 0.956107
vt 0.659925 0.943877
vt 0.047696 0.863022
vt 0.058061 0.865311
vt 0.719206 0.847231
vt 0.708841 0.844943
vt 0.397423 0.828898
vt 0.407786 0.831187
vt 0.708807 0.829831
vt 0.719174 0.827543
vt 0.737157 0.501638
vt 0.726784 0.499350
vt 0.047728 0.862720
vt 0.058094 0.865008
vt 0.726784 0.483935
vt 0.737157 0.481648
vt 0.397455 0.828596
vt 0.407820 0.830884
vt 0.058094 0.880423
vt 0.047728 0.882710
vt 0.719174 0.847533
vt 0.708807 0.845246
vt 0.407820 0.846298
vt 0.397455 0.848586
vt 0.646102 0.942285
vt 0.646102 0.957699
vt 0.661517 0.957699
vt 0.661517 0.942285
vt 0.659962 0.578976
vt 0.659660 0.578851
vt 0.659534 0.578549
vt 0.950023 0.334008
vt 0.944213 0.334008
vt 0.942619 0.332417
vt 0.950023 0.332417
vt 0.943782 0.340250
vt 0.943782 0.346061
vt 0.942191 0.347655
vt 0.942191 0.340250
vt 0.950023 0.346492
vt 0.955834 0.346492
vt 0.957428 0.348083
vt 0.950023 0.348083
vt 0.956265 0.340250
vt 0.956265 0.334440
vt 0.957856 0.332846
vt 0.957856 0.340250
vt 0.852321 0.875832
vt 0.862622 0.875832
vt 0.862685 0.883236
vt 0.852321 0.885525
vt 0.955834 0.334008
vt 0.957428 0.332417
vt 0.943782 0.334440
vt 0.942191 0.332846
vt 0.784194 0.530187
vt 0.794496 0.530188
vt 0.794559 0.537592
vt 0.784194 0.539880
vt 0.631110 0.443104
vt 0.640803 0.443104
vt 0.641105 0.443229
vt 0.641231 0.443531
vt 0.641231 0.453224
vt 0.631110 0.453224
vt 0.794593 0.568481
vt 0.784291 0.568481
vt 0.784228 0.561077
vt 0.794593 0.558788
vt 0.210425 0.718233
vt 0.220733 0.718233
vt 0.220797 0.725637
vt 0.210425 0.727926
vt 0.944213 0.346492
vt 0.942619 0.348083
vt 0.956265 0.346061
vt 0.957856 0.347655
vt 0.210425 0.708540
vt 0.220797 0.710829
vt 0.641231 0.462917
vt 0.641105 0.463219
vt 0.640803 0.463344
vt 0.631110 0.463344
vt 0.620990 0.443531
vt 0.621115 0.443229
vt 0.621418 0.443104
vt 0.620990 0.453224
vt 0.943908 0.334135
vt 0.950023 0.340250
vt 0.943908 0.346366
vt 0.956139 0.346366
vt 0.956139 0.334135
vt 0.784194 0.520494
vt 0.794559 0.522783
vt 0.794593 0.578174
vt 0.784228 0.575886
vt 0.852321 0.866139
vt 0.862685 0.868427
vt 0.784194 0.560774
vt 0.794561 0.558486
vt 0.210454 0.708238
vt 0.220827 0.710526
vt 0.784226 0.520192
vt 0.794593 0.522480
vt 0.220827 0.725940
vt 0.210454 0.728228
vt 0.852353 0.865837
vt 0.862719 0.868124
vt 0.794593 0.537895
vt 0.784226 0.540182
vt 0.794561 0.578475
vt 0.784194 0.576189
vt 0.862719 0.883539
vt 0.852353 0.885827
vt 0.942316 0.332543
vt 0.942316 0.347958
vt 0.957731 0.347958
vt 0.957731 0.332543
vt 0.621418 0.463344
vt 0.621116 0.463219
vt 0.620990 0.462917
vt 0.950023 0.367978
vt 0.944213 0.367978
vt 0.942619 0.366387
vt 0.950023 0.366387
vt 0.943782 0.374220
vt 0.943782 0.380030
vt 0.942191 0.381624
vt 0.942191 0.374220
vt 0.950023 0.380461
vt 0.955834 0.380461
vt 0.957428 0.382053
vt 0.950023 0.382053
vt 0.956265 0.374220
vt 0.956265 0.368409
vt 0.957856 0.366815
vt 0.957856 0.374220
vt 0.841599 0.452925
vt 0.851899 0.452925
vt 0.851962 0.460329
vt 0.841599 0.462618
vt 0.955834 0.367978
vt 0.957428 0.366387
vt 0.943782 0.368409
vt 0.942191 0.366815
vt 0.804769 0.111288
vt 0.815070 0.111288
vt 0.815133 0.118693
vt 0.804769 0.120981
vt 0.651421 0.225946
vt 0.661113 0.225946
vt 0.661416 0.226071
vt 0.661541 0.226373
vt 0.661541 0.236066
vt 0.651421 0.236066
vt 0.747908 0.837538
vt 0.737606 0.837539
vt 0.737543 0.830135
vt 0.747908 0.827846
vt 0.753372 0.274485
vt 0.743064 0.274485
vt 0.743001 0.267081
vt 0.753372 0.264792
vt 0.944213 0.380461
vt 0.942619 0.382053
vt 0.956265 0.380030
vt 0.957856 0.381624
vt 0.753372 0.284178
vt 0.743001 0.281890
vt 0.661541 0.245759
vt 0.661416 0.246061
vt 0.661113 0.246186
vt 0.651421 0.246186
vt 0.641300 0.226373
vt 0.641426 0.226071
vt 0.641728 0.225946
vt 0.641300 0.236066
vt 0.943908 0.368104
vt 0.950023 0.374220
vt 0.943908 0.380335
vt 0.956139 0.380335
vt 0.956139 0.368104
vt 0.804769 0.101595
vt 0.815133 0.103884
vt 0.747908 0.847231
vt 0.737543 0.844943
vt 0.841599 0.443232
vt 0.851962 0.445521
vt 0.737509 0.829832
vt 0.747876 0.827543
vt 0.753343 0.284480
vt 0.742970 0.282193
vt 0.804801 0.101293
vt 0.815167 0.103581
vt 0.742970 0.266778
vt 0.753343 0.264490
vt 0.841631 0.442930
vt 0.851996 0.445218
vt 0.815167 0.118996
vt 0.804801 0.121283
vt 0.747876 0.847533
vt 0.737509 0.845246
vt 0.851996 0.460632
vt 0.841631 0.462920
vt 0.942316 0.366512
vt 0.942316 0.381927
vt 0.957731 0.381927
vt 0.957731 0.366512
vt 0.641728 0.246186
vt 0.641426 0.246061
vt 0.641300 0.245759
vt 0.935386 0.555078
vt 0.929576 0.555078
vt 0.927982 0.553487
vt 0.935386 0.553487
vt 0.929144 0.561320
vt 0.929144 0.567130
vt 0.927553 0.568724
vt 0.927553 0.561320
vt 0.935386 0.567561
vt 0.941197 0.567561
vt 0.942791 0.569152
vt 0.935386 0.569152
vt 0.941628 0.561320
vt 0.941628 0.555509
vt 0.943219 0.553915
vt 0.943219 0.561320
vt 0.841599 0.491643
vt 0.851899 0.491643
vt 0.851962 0.499047
vt 0.841599 0.501335
vt 0.941197 0.555078
vt 0.942791 0.553487
vt 0.929144 0.555509
vt 0.927553 0.553915
vt 0.543902 0.805689
vt 0.554204 0.805689
vt 0.554267 0.813094
vt 0.543902 0.815381
vt 0.612883 0.009152
vt 0.622576 0.009152
vt 0.622878 0.009277
vt 0.623003 0.009579
vt 0.623003 0.019272
vt 0.612883 0.019272
vt 0.019550 0.873265
vt 0.009249 0.873265
vt 0.009186 0.865861
vt 0.019550 0.863572
vt 0.737185 0.530187
vt 0.726877 0.530187
vt 0.726814 0.522782
vt 0.737185 0.520494
vt 0.929576 0.567561
vt 0.927982 0.569152
vt 0.941628 0.567130
vt 0.943219 0.568724
vt 0.737185 0.539880
vt 0.726814 0.537591
vt 0.623003 0.028965
vt 0.622878 0.029267
vt 0.622576 0.029392
vt 0.612883 0.029392
vt 0.602763 0.009579
vt 0.602888 0.009277
vt 0.603190 0.009152
vt 0.602763 0.019272
vt 0.929271 0.555204
vt 0.935386 0.561320
vt 0.929271 0.567435
vt 0.941502 0.567435
vt 0.941502 0.555204
vt 0.543902 0.795996
vt 0.554267 0.798285
vt 0.019550 0.882957
vt 0.009186 0.880670
vt 0.841599 0.481950
vt 0.851962 0.484238
vt 0.009152 0.865558
vt 0.019518 0.863269
vt 0.737157 0.540182
vt 0.726784 0.537894
vt 0.543934 0.795693
vt 0.554301 0.797982
vt 0.726784 0.522479
vt 0.737157 0.520192
vt 0.841631 0.481648
vt 0.851996 0.483935
vt 0.554301 0.813396
vt 0.543934 0.815683
vt 0.019518 0.883259
vt 0.009152 0.880973
vt 0.851996 0.499350
vt 0.841631 0.501638
vt 0.927679 0.553612
vt 0.927679 0.569027
vt 0.943094 0.569027
vt 0.943094 0.553612
vt 0.603190 0.029392
vt 0.602888 0.029267
vt 0.602763 0.028965
vt 0.170508 0.940442
vt 0.164698 0.940442
vt 0.163104 0.938851
vt 0.170508 0.938851
vt 0.164266 0.946684
vt 0.164266 0.952494
vt 0.162675 0.954088
vt 0.162675 0.946684
vt 0.170508 0.952926
vt 0.176318 0.952926
vt 0.177912 0.954517
vt 0.170508 0.954517
vt 0.176750 0.946684
vt 0.176750 0.940873
vt 0.178341 0.939279
vt 0.178341 0.946684
vt 0.841599 0.530187
vt 0.851899 0.530187
vt 0.851962 0.537591
vt 0.841599 0.539880
vt 0.176318 0.940442
vt 0.177912 0.938851
vt 0.164266 0.940873
vt 0.162675 0.939279
vt 0.509933 0.809038
vt 0.520234 0.809038
vt 0.520297 0.816443
vt 0.509933 0.818730
vt 0.651427 0.009152
vt 0.661120 0.009152
vt 0.661422 0.009277
vt 0.661547 0.009579
vt 0.661547 0.019272
vt 0.651427 0.019272
vt 0.776613 0.837538
vt 0.766311 0.837539
vt 0.766248 0.830135
vt 0.776613 0.827846
vt 0.757763 0.111288
vt 0.747455 0.111288
vt 0.747392 0.103883
vt 0.757763 0.101595
vt 0.164698 0.952926
vt 0.163104 0.954517
vt 0.176750 0.952494
vt 0.178341 0.954088
vt 0.757763 0.120980
vt 0.747392 0.118692
vt 0.661547 0.028965
vt 0.661422 0.029267
vt 0.661120 0.029392
vt 0.651427 0.029392
vt 0.641307 0.009579
vt 0.641432 0.009277
vt 0.641734 0.009152
vt 0.641307 0.019272
vt 0.164393 0.940568
vt 0.170508 0.946684
vt 0.164393 0.952799
vt 0.176623 0.952799
vt 0.176623 0.940568
vt 0.509933 0.799345
vt 0.520297 0.801634
vt 0.776613 0.847231
vt 0.766248 0.844943
vt 0.841599 0.520494
vt 0.851962 0.522782
vt 0.766215 0.829832
vt 0.776581 0.827543
vt 0.757734 0.121283
vt 0.747361 0.118995
vt 0.509965 0.799042
vt 0.520331 0.801331
vt 0.747361 0.103580
vt 0.757734 0.101293
vt 0.841631 0.520192
vt 0.851996 0.522479
vt 0.520331 0.816745
vt 0.509965 0.819032
vt 0.776581 0.847533
vt 0.766215 0.845246
vt 0.851996 0.537894
vt 0.841631 0.540182
vt 0.162801 0.938976
vt 0.162801 0.954391
vt 0.178215 0.954391
vt 0.178215 0.938976
vt 0.641734 0.029392
vt 0.641432 0.029267
vt 0.641307 0.028965
vt 0.935386 0.589047
vt 0.929576 0.589047
vt 0.927982 0.587456
vt 0.935386 0.587456
vt 0.929144 0.595289
vt 0.929144 0.601099
vt 0.927553 0.602693
vt 0.927553 0.595289
vt 0.935386 0.601531
vt 0.941197 0.601531
vt 0.942791 0.603122
vt 0.935386 0.603122
vt 0.941628 0.595289
vt 0.941628 0.589479
vt 0.943219 0.587885
vt 0.943219 0.595289
vt 0.841599 0.568480
vt 0.851899 0.568480
vt 0.851962 0.575885
vt 0.841599 0.578173
vt 0.941197 0.589047
vt 0.942791 0.587456
vt 0.929144 0.589479
vt 0.927553 0.587885
vt 0.812896 0.452925
vt 0.823198 0.452926
vt 0.823261 0.460330
vt 0.812896 0.462618
vt 0.631110 0.481648
vt 0.640803 0.481648
vt 0.641105 0.481773
vt 0.641231 0.482075
vt 0.641231 0.491768
vt 0.631110 0.491768
vt 0.805315 0.837538
vt 0.795013 0.837539
vt 0.794950 0.830135
vt 0.805315 0.827846
vt 0.737185 0.568481
vt 0.726877 0.568481
vt 0.726814 0.561076
vt 0.737185 0.558788
vt 0.929576 0.601531
vt 0.927982 0.603122
vt 0.941628 0.601099
vt 0.943219 0.602693
vt 0.737185 0.578173
vt 0.726814 0.575885
vt 0.641231 0.501461
vt 0.641105 0.501763
vt 0.640803 0.501888
vt 0.631110 0.501888
vt 0.620990 0.482075
vt 0.621115 0.481773
vt 0.621418 0.481648
vt 0.620990 0.491768
vt 0.929271 0.589174
vt 0.935386 0.595289
vt 0.929271 0.601404
vt 0.941502 0.601404
vt 0.941502 0.589174
vt 0.812896 0.443232
vt 0.823261 0.445522
vt 0.805315 0.847231
vt 0.794950 0.844943
vt 0.841599 0.558788
vt 0.851962 0.561076
vt 0.794917 0.829831
vt 0.805283 0.827543
vt 0.737157 0.578476
vt 0.726784 0.576188
vt 0.812928 0.442930
vt 0.823295 0.445218
vt 0.726784 0.560773
vt 0.737157 0.558486
vt 0.841631 0.558486
vt 0.851996 0.560773
vt 0.823295 0.460633
vt 0.812928 0.462920
vt 0.805283 0.847533
vt 0.794917 0.845246
vt 0.851996 0.576188
vt 0.841631 0.578476
vt 0.927679 0.587582
vt 0.927679 0.602996
vt 0.943094 0.602996
vt 0.943094 0.587582
vt 0.621418 0.501888
vt 0.621116 0.501763
vt 0.620990 0.501461
vt 0.950065 0.172376
vt 0.944254 0.172376
vt 0.942660 0.170785
vt 0.950065 0.170785
vt 0.943823 0.178617
vt 0.943823 0.184428
vt 0.942232 0.186022
vt 0.942232 0.178618
vt 0.950065 0.184859
vt 0.955875 0.184859
vt 0.957469 0.186450
vt 0.950065 0.186450
vt 0.956306 0.178617
vt 0.956306 0.172807
vt 0.957897 0.171213
vt 0.957897 0.178617
vt 0.841599 0.645068
vt 0.851899 0.645068
vt 0.851962 0.652472
vt 0.841599 0.654761
vt 0.955875 0.172376
vt 0.957469 0.170785
vt 0.943823 0.172807
vt 0.942232 0.171213
vt 0.829081 0.065727
vt 0.839383 0.065728
vt 0.839446 0.073132
vt 0.829081 0.075420
vt 0.631110 0.520192
vt 0.640803 0.520192
vt 0.641105 0.520317
vt 0.641231 0.520619
vt 0.641231 0.530312
vt 0.631110 0.530312
vt 0.440760 0.874379
vt 0.430459 0.874380
vt 0.430396 0.866976
vt 0.440760 0.864687
vt 0.307056 0.753178
vt 0.317364 0.753178
vt 0.317428 0.760582
vt 0.307056 0.762870
vt 0.944254 0.184859
vt 0.942660 0.186450
vt 0.956306 0.184428
vt 0.957897 0.186022
vt 0.307056 0.743485
vt 0.317428 0.745773
vt 0.641231 0.540005
vt 0.641105 0.540307
vt 0.640803 0.540432
vt 0.631110 0.540432
vt 0.620990 0.520619
vt 0.621115 0.520317
vt 0.621418 0.520192
vt 0.620990 0.530312
vt 0.943949 0.172502
vt 0.950065 0.178617
vt 0.943949 0.184733
vt 0.956180 0.184733
vt 0.956180 0.172502
vt 0.829081 0.056035
vt 0.839446 0.058324
vt 0.440760 0.884072
vt 0.430396 0.881784
vt 0.841599 0.635375
vt 0.851962 0.637664
vt 0.430362 0.866673
vt 0.440728 0.864384
vt 0.307085 0.743183
vt 0.317458 0.745470
vt 0.829113 0.055732
vt 0.839479 0.058020
vt 0.317458 0.760885
vt 0.307085 0.763173
vt 0.841631 0.635073
vt 0.851996 0.637361
vt 0.839479 0.073435
vt 0.829113 0.075722
vt 0.440728 0.884374
vt 0.430362 0.882087
vt 0.851996 0.652775
vt 0.841631 0.655063
vt 0.942357 0.170910
vt 0.942357 0.186325
vt 0.957772 0.186325
vt 0.957772 0.170910
vt 0.621418 0.540432
vt 0.621115 0.540307
vt 0.620990 0.540005
vt 0.969356 0.589047
vt 0.963545 0.589047
vt 0.961951 0.587456
vt 0.969356 0.587456
vt 0.963114 0.595289
vt 0.963114 0.601099
vt 0.961523 0.602693
vt 0.961523 0.595289
vt 0.969356 0.601531
vt 0.975166 0.601531
vt 0.976760 0.603122
vt 0.969356 0.603122
vt 0.975597 0.595289
vt 0.975597 0.589479
vt 0.977188 0.587885
vt 0.977188 0.595289
vt 0.210425 0.756527
vt 0.220726 0.756527
vt 0.220789 0.763931
vt 0.210425 0.766220
vt 0.975166 0.589047
vt 0.976760 0.587456
vt 0.963114 0.589479
vt 0.961523 0.587885
vt 0.784194 0.606774
vt 0.794496 0.606775
vt 0.794559 0.614179
vt 0.784194 0.616467
vt 0.278632 0.592542
vt 0.288325 0.592542
vt 0.288627 0.592667
vt 0.288753 0.592969
vt 0.288753 0.602662
vt 0.278632 0.602662
vt 0.843869 0.111288
vt 0.833567 0.111288
vt 0.833504 0.103884
vt 0.843869 0.101595
vt 0.712784 0.235941
vt 0.723092 0.235941
vt 0.723155 0.243345
vt 0.712784 0.245634
vt 0.963545 0.601531
vt 0.961951 0.603122
vt 0.975597 0.601099
vt 0.977188 0.602693
vt 0.712784 0.226248
vt 0.723155 0.228537
vt 0.288753 0.612355
vt 0.288627 0.612657
vt 0.288325 0.612782
vt 0.278632 0.612782
vt 0.268512 0.592969
vt 0.268637 0.592667
vt 0.268940 0.592542
vt 0.268512 0.602662
vt 0.963240 0.589174
vt 0.969356 0.595289
vt 0.963240 0.601404
vt 0.975471 0.601404
vt 0.975471 0.589174
vt 0.784194 0.597082
vt 0.794559 0.599371
vt 0.843869 0.120981
vt 0.833504 0.118693
vt 0.210425 0.746834
vt 0.220789 0.749123
vt 0.833471 0.103581
vt 0.843837 0.101293
vt 0.712812 0.225946
vt 0.723185 0.228234
vt 0.784226 0.596779
vt 0.794593 0.599068
vt 0.723185 0.243648
vt 0.712812 0.245936
vt 0.210458 0.746532
vt 0.220823 0.748819
vt 0.794593 0.614482
vt 0.784226 0.616769
vt 0.843837 0.121283
vt 0.833471 0.118996
vt 0.220823 0.764234
vt 0.210458 0.766522
vt 0.961648 0.587582
vt 0.961648 0.602996
vt 0.977063 0.602996
vt 0.977063 0.587582
vt 0.268940 0.612782
vt 0.268637 0.612657
vt 0.268512 0.612355
vt 0.947118 0.905722
vt 0.941307 0.905722
vt 0.939713 0.904131
vt 0.947118 0.904131
vt 0.940876 0.911963
vt 0.940876 0.917774
vt 0.939285 0.919368
vt 0.939285 0.911963
vt 0.947118 0.918205
vt 0.952928 0.918205
vt 0.954522 0.919796
vt 0.947118 0.919796
vt 0.953359 0.911963
vt 0.953359 0.906153
vt 0.954950 0.904559
vt 0.954950 0.911963
vt 0.708807 0.760951
vt 0.719108 0.760951
vt 0.719171 0.768355
vt 0.708807 0.770644
vt 0.952928 0.905722
vt 0.954522 0.904131
vt 0.940876 0.906153
vt 0.939285 0.904559
vt 0.870300 0.645068
vt 0.880602 0.645069
vt 0.880665 0.652473
vt 0.870300 0.654761
vt 0.019272 0.594462
vt 0.028965 0.594462
vt 0.029267 0.594588
vt 0.029392 0.594890
vt 0.029392 0.604583
vt 0.019272 0.604583
vt 0.173074 0.833965
vt 0.162772 0.833966
vt 0.162709 0.826561
vt 0.173074 0.824272
vt 0.714266 0.065727
vt 0.724574 0.065727
vt 0.724638 0.073131
vt 0.714266 0.075420
vt 0.941307 0.918205
vt 0.939713 0.919796
vt 0.953359 0.917774
vt 0.954950 0.919368
vt 0.714266 0.056034
vt 0.724638 0.058323
vt 0.029392 0.614275
vt 0.029267 0.614578
vt 0.028965 0.614703
vt 0.019272 0.614703
vt 0.009152 0.594890
vt 0.009277 0.594588
vt 0.009579 0.594462
vt 0.009152 0.604583
vt 0.941002 0.905848
vt 0.947118 0.911963
vt 0.941002 0.918079
vt 0.953233 0.918079
vt 0.953233 0.905848
vt 0.870300 0.635375
vt 0.880665 0.637664
vt 0.173074 0.843658
vt 0.162709 0.841370
vt 0.708807 0.751258
vt 0.719171 0.753546
vt 0.162675 0.826258
vt 0.173041 0.823970
vt 0.714295 0.055732
vt 0.724668 0.058020
vt 0.870332 0.635073
vt 0.880698 0.637361
vt 0.724668 0.073434
vt 0.714295 0.075722
vt 0.708840 0.750956
vt 0.719205 0.753243
vt 0.880698 0.652776
vt 0.870332 0.655063
vt 0.173041 0.843960
vt 0.162675 0.841673
vt 0.719205 0.768658
vt 0.708840 0.770946
vt 0.939410 0.904256
vt 0.939410 0.919671
vt 0.954825 0.919671
vt 0.954825 0.904256
vt 0.009579 0.614703
vt 0.009277 0.614578
vt 0.009152 0.614275
vt 0.744368 0.950257
vt 0.744368 0.956067
vt 0.742777 0.957661
vt 0.742777 0.950257
vt 0.750609 0.956499
vt 0.756420 0.956499
vt 0.758014 0.958090
vt 0.750609 0.958090
vt 0.756851 0.950257
vt 0.756851 0.944446
vt 0.758442 0.942852
vt 0.758442 0.950257
vt 0.750609 0.944015
vt 0.744799 0.944015
vt 0.743205 0.942424
vt 0.750609 0.942424
vt 0.841831 0.414554
vt 0.852132 0.414554
vt 0.852195 0.421959
vt 0.841831 0.424247
vt 0.744368 0.944446
vt 0.742777 0.942852
vt 0.744799 0.956499
vt 0.743205 0.958090
vt 0.459067 0.874380
vt 0.469369 0.874380
vt 0.469432 0.881785
vt 0.459067 0.884072
vt 0.631110 0.558736
vt 0.640803 0.558736
vt 0.641105 0.558861
vt 0.641231 0.559163
vt 0.641231 0.568856
vt 0.631110 0.568856
vt 0.719206 0.875832
vt 0.708904 0.875833
vt 0.708841 0.868428
vt 0.719206 0.866139
vt 0.737185 0.606774
vt 0.726877 0.606774
vt 0.726814 0.599370
vt 0.737185 0.597081
vt 0.756851 0.956067
vt 0.758442 0.957661
vt 0.756420 0.944015
vt 0.758014 0.942424
vt 0.737185 0.616467
vt 0.726814 0.614179
vt 0.641231 0.578549
vt 0.641105 0.578851
vt 0.640803 0.578976
vt 0.631110 0.578976
vt 0.620990 0.559163
vt 0.621115 0.558861
vt 0.621418 0.558736
vt 0.620990 0.568856
vt 0.744494 0.956372
vt 0.750609 0.950257
vt 0.756725 0.956372
vt 0.756725 0.944141
vt 0.744494 0.944141
vt 0.459067 0.864687
vt 0.469432 0.866976
vt 0.719206 0.885525
vt 0.708841 0.883237
vt 0.841831 0.404862
vt 0.852195 0.407150
vt 0.708807 0.868125
vt 0.719174 0.865837
vt 0.737157 0.616769
vt 0.726784 0.614482
vt 0.459100 0.864384
vt 0.469466 0.866673
vt 0.726784 0.599067
vt 0.737157 0.596779
vt 0.841864 0.404559
vt 0.852229 0.406847
vt 0.469466 0.882087
vt 0.459099 0.884374
vt 0.719174 0.885827
vt 0.708807 0.883540
vt 0.852229 0.422262
vt 0.841864 0.424549
vt 0.742902 0.957964
vt 0.758317 0.957964
vt 0.758317 0.942550
vt 0.742902 0.942550
vt 0.621418 0.578976
vt 0.621116 0.578851
vt 0.620990 0.578549
vt 0.778337 0.950257
vt 0.778337 0.956067
vt 0.776746 0.957661
vt 0.776746 0.950257
vt 0.784579 0.956499
vt 0.790389 0.956499
vt 0.791983 0.958090
vt 0.784579 0.958090
vt 0.790821 0.950257
vt 0.790821 0.944447
vt 0.792412 0.942853
vt 0.792412 0.950257
vt 0.784579 0.944015
vt 0.778768 0.944015
vt 0.777175 0.942424
vt 0.784579 0.942424
vt 0.543902 0.843982
vt 0.554203 0.843982
vt 0.554266 0.851387
vt 0.543902 0.853675
vt 0.778337 0.944447
vt 0.776746 0.942853
vt 0.778768 0.956499
vt 0.777175 0.958090
vt 0.737509 0.875832
vt 0.747811 0.875833
vt 0.747874 0.883237
vt 0.737509 0.885525
vt 0.631110 0.597280
vt 0.640803 0.597280
vt 0.641105 0.597405
vt 0.641231 0.597708
vt 0.641231 0.607400
vt 0.631110 0.607400
vt 0.776610 0.875832
vt 0.766308 0.875833
vt 0.766245 0.868428
vt 0.776610 0.866139
vt 0.737185 0.645819
vt 0.726877 0.645819
vt 0.726814 0.638415
vt 0.737185 0.636126
vt 0.790821 0.956067
vt 0.792412 0.957661
vt 0.790389 0.944015
vt 0.791983 0.942424
vt 0.737185 0.655512
vt 0.726814 0.653224
vt 0.641231 0.617093
vt 0.641105 0.617395
vt 0.640803 0.617521
vt 0.631110 0.617521
vt 0.620990 0.597708
vt 0.621115 0.597405
vt 0.621418 0.597280
vt 0.620990 0.607400
vt 0.778463 0.956372
vt 0.784579 0.950257
vt 0.790694 0.956372
vt 0.790694 0.944142
vt 0.778463 0.944142
vt 0.737509 0.866139
vt 0.747874 0.868428
vt 0.776610 0.885525
vt 0.766245 0.883237
vt 0.543902 0.834289
vt 0.554266 0.836578
vt 0.766211 0.868125
vt 0.776578 0.865837
vt 0.737157 0.655814
vt 0.726784 0.653527
vt 0.737541 0.865837
vt 0.747908 0.868125
vt 0.726784 0.638112
vt 0.737157 0.635824
vt 0.543935 0.833987
vt 0.554300 0.836275
vt 0.747908 0.883540
vt 0.737541 0.885827
vt 0.776578 0.885827
vt 0.766211 0.883540
vt 0.554300 0.851690
vt 0.543935 0.853977
vt 0.776872 0.957964
vt 0.792286 0.957964
vt 0.792286 0.942550
vt 0.776872 0.942550
vt 0.621418 0.617521
vt 0.621116 0.617395
vt 0.620990 0.617093
vt 0.812306 0.950257
vt 0.812307 0.956067
vt 0.810715 0.957661
vt 0.810715 0.950257
vt 0.818548 0.956499
vt 0.824359 0.956499
vt 0.825953 0.958090
vt 0.818548 0.958090
vt 0.824790 0.950257
vt 0.824790 0.944446
vt 0.826381 0.942852
vt 0.826381 0.950257
vt 0.818548 0.944015
vt 0.812738 0.944015
vt 0.811144 0.942424
vt 0.818548 0.942424
vt 0.885002 0.180780
vt 0.895303 0.180780
vt 0.895366 0.188184
vt 0.885002 0.190472
vt 0.812306 0.944446
vt 0.810715 0.942852
vt 0.812738 0.956499
vt 0.811144 0.958090
vt 0.812896 0.491643
vt 0.823198 0.491643
vt 0.823261 0.499048
vt 0.812896 0.501336
vt 0.317176 0.627801
vt 0.326869 0.627801
vt 0.327171 0.627926
vt 0.327297 0.628228
vt 0.327297 0.637921
vt 0.317176 0.637921
vt 0.880931 0.414555
vt 0.870629 0.414555
vt 0.870566 0.407151
vt 0.880931 0.404862
vt 0.737422 0.414554
vt 0.727114 0.414554
vt 0.727051 0.407150
vt 0.737422 0.404862
vt 0.824790 0.956067
vt 0.826381 0.957661
vt 0.824359 0.944015
vt 0.825953 0.942424
vt 0.737422 0.424247
vt 0.727051 0.421959
vt 0.327297 0.647614
vt 0.327171 0.647916
vt 0.326869 0.648041
vt 0.317176 0.648041
vt 0.307056 0.628228
vt 0.307181 0.627926
vt 0.307484 0.627801
vt 0.307056 0.637921
vt 0.812433 0.956372
vt 0.818548 0.950257
vt 0.824664 0.956372
vt 0.824664 0.944141
vt 0.812433 0.944141
vt 0.812896 0.481950
vt 0.823261 0.484239
vt 0.880931 0.424247
vt 0.870566 0.421960
vt 0.885002 0.171087
vt 0.895366 0.173375
vt 0.870532 0.406848
vt 0.880899 0.404559
vt 0.737393 0.424549
vt 0.727020 0.422262
vt 0.812929 0.481648
vt 0.823295 0.483936
vt 0.727020 0.406847
vt 0.737393 0.404559
vt 0.885034 0.170785
vt 0.895400 0.173072
vt 0.823295 0.499351
vt 0.812929 0.501638
vt 0.880899 0.424549
vt 0.870532 0.422262
vt 0.895400 0.188487
vt 0.885034 0.190775
vt 0.810841 0.957964
vt 0.826256 0.957964
vt 0.826256 0.942550
vt 0.810841 0.942550
vt 0.307484 0.648041
vt 0.307182 0.647916
vt 0.307056 0.647614
vt 0.270103 0.945769
vt 0.270103 0.951580
vt 0.268512 0.953174
vt 0.268512 0.945769
vt 0.276345 0.952011
vt 0.282156 0.952011
vt 0.283750 0.953602
vt 0.276345 0.953602
vt 0.282587 0.945769
vt 0.282587 0.939959
vt 0.284178 0.938365
vt 0.284178 0.945769
vt 0.276345 0.939528
vt 0.270535 0.939528
vt 0.268941 0.937936
vt 0.276345 0.937936
vt 0.881026 0.684363
vt 0.891326 0.684363
vt 0.891389 0.691768
vt 0.881026 0.694056
vt 0.270103 0.939959
vt 0.268512 0.938365
vt 0.270535 0.952011
vt 0.268941 0.953602
vt 0.794917 0.875832
vt 0.805218 0.875833
vt 0.805281 0.883237
vt 0.794917 0.885525
vt 0.661274 0.101293
vt 0.670966 0.101293
vt 0.671269 0.101418
vt 0.671394 0.101720
vt 0.671394 0.111413
vt 0.661274 0.111413
vt 0.823295 0.530187
vt 0.812993 0.530188
vt 0.812930 0.522783
vt 0.823295 0.520494
vt 0.765891 0.530187
vt 0.755583 0.530187
vt 0.755519 0.522782
vt 0.765891 0.520494
vt 0.282587 0.951580
vt 0.284178 0.953174
vt 0.282155 0.939528
vt 0.283749 0.937936
vt 0.765891 0.539880
vt 0.755519 0.537591
vt 0.671394 0.121106
vt 0.671269 0.121408
vt 0.670966 0.121533
vt 0.661274 0.121533
vt 0.651153 0.101720
vt 0.651279 0.101418
vt 0.651581 0.101293
vt 0.651153 0.111413
vt 0.270230 0.951885
vt 0.276345 0.945769
vt 0.282461 0.951885
vt 0.282461 0.939654
vt 0.270230 0.939654
vt 0.794917 0.866139
vt 0.805281 0.868428
vt 0.823295 0.539880
vt 0.812930 0.537592
vt 0.881026 0.674671
vt 0.891389 0.676959
vt 0.812896 0.522480
vt 0.823263 0.520192
vt 0.765862 0.540182
vt 0.755489 0.537894
vt 0.794949 0.865837
vt 0.805315 0.868125
vt 0.755489 0.522479
vt 0.765862 0.520192
vt 0.881058 0.674368
vt 0.891423 0.676656
vt 0.805315 0.883540
vt 0.794949 0.885827
vt 0.823263 0.540182
vt 0.812896 0.537895
vt 0.891423 0.692071
vt 0.881058 0.694358
vt 0.268638 0.953477
vt 0.284052 0.953477
vt 0.284052 0.938062
vt 0.268638 0.938062
vt 0.651581 0.121533
vt 0.651279 0.121408
vt 0.651153 0.121106
vt 0.950065 0.227537
vt 0.944254 0.227537
vt 0.942660 0.225946
vt 0.950065 0.225946
vt 0.943823 0.233779
vt 0.943823 0.239589
vt 0.942232 0.241183
vt 0.942232 0.233779
vt 0.950065 0.240021
vt 0.955875 0.240021
vt 0.957469 0.241612
vt 0.950065 0.241612
vt 0.956306 0.233779
vt 0.956306 0.227968
vt 0.957897 0.226375
vt 0.957897 0.233779
vt 0.868180 0.274485
vt 0.857879 0.274485
vt 0.857816 0.267081
vt 0.868180 0.264792
vt 0.955875 0.227537
vt 0.957469 0.225946
vt 0.943823 0.227968
vt 0.942232 0.226375
vt 0.812896 0.568481
vt 0.823198 0.568481
vt 0.823261 0.575886
vt 0.812896 0.578173
vt 0.669654 0.404559
vt 0.679347 0.404559
vt 0.679649 0.404685
vt 0.679775 0.404987
vt 0.679775 0.414680
vt 0.669654 0.414680
vt 0.823295 0.606774
vt 0.812993 0.606775
vt 0.812930 0.599371
vt 0.823295 0.597082
vt 0.173077 0.719084
vt 0.162769 0.719084
vt 0.162705 0.711679
vt 0.173077 0.709391
vt 0.944254 0.240021
vt 0.942660 0.241612
vt 0.956306 0.239589
vt 0.957897 0.241183
vt 0.173077 0.728777
vt 0.162705 0.726488
vt 0.679775 0.424372
vt 0.679649 0.424675
vt 0.679347 0.424800
vt 0.669654 0.424800
vt 0.659534 0.404987
vt 0.659659 0.404685
vt 0.659962 0.404559
vt 0.659534 0.414680
vt 0.943949 0.227663
vt 0.950065 0.233779
vt 0.943949 0.239894
vt 0.956180 0.239894
vt 0.956180 0.227663
vt 0.812896 0.558788
vt 0.823261 0.561077
vt 0.823295 0.616467
vt 0.812930 0.614179
vt 0.868180 0.284178
vt 0.857816 0.281890
vt 0.812896 0.599068
vt 0.823263 0.596779
vt 0.173048 0.729079
vt 0.162675 0.726791
vt 0.812928 0.558485
vt 0.823295 0.560774
vt 0.162675 0.711376
vt 0.173048 0.709089
vt 0.868147 0.284480
vt 0.857782 0.282193
vt 0.823295 0.576189
vt 0.812928 0.578475
vt 0.823263 0.616769
vt 0.812896 0.614482
vt 0.857782 0.266778
vt 0.868147 0.264490
vt 0.942357 0.226072
vt 0.942357 0.241486
vt 0.957772 0.241486
vt 0.957772 0.226072
vt 0.659962 0.424800
vt 0.659660 0.424675
vt 0.659534 0.424372
vt 0.946109 0.867428
vt 0.940298 0.867428
vt 0.938704 0.865837
vt 0.946109 0.865837
vt 0.939867 0.873670
vt 0.939867 0.879480
vt 0.938276 0.881074
vt 0.938276 0.873670
vt 0.946109 0.879911
vt 0.951919 0.879911
vt 0.953513 0.881503
vt 0.946109 0.881503
vt 0.952351 0.873670
vt 0.952351 0.867859
vt 0.953942 0.866265
vt 0.953942 0.873670
vt 0.872571 0.111288
vt 0.862270 0.111288
vt 0.862207 0.103883
vt 0.872571 0.101595
vt 0.951919 0.867428
vt 0.953513 0.865837
vt 0.939867 0.867859
vt 0.938276 0.866265
vt 0.823619 0.875832
vt 0.833920 0.875833
vt 0.833983 0.883237
vt 0.823619 0.885525
vt 0.554022 0.642191
vt 0.563715 0.642191
vt 0.564017 0.642317
vt 0.564142 0.642619
vt 0.564142 0.652312
vt 0.554022 0.652312
vt 0.660726 0.761028
vt 0.650424 0.761028
vt 0.650361 0.753624
vt 0.660726 0.751335
vt 0.543902 0.729101
vt 0.554210 0.729101
vt 0.554274 0.736505
vt 0.543902 0.738794
vt 0.940298 0.879911
vt 0.938704 0.881503
vt 0.952351 0.879480
vt 0.953942 0.881074
vt 0.543902 0.719408
vt 0.554274 0.721697
vt 0.564142 0.662004
vt 0.564017 0.662307
vt 0.563715 0.662432
vt 0.554022 0.662432
vt 0.543902 0.642619
vt 0.544027 0.642317
vt 0.544330 0.642191
vt 0.543902 0.652312
vt 0.939993 0.867554
vt 0.946109 0.873670
vt 0.939993 0.879785
vt 0.952224 0.879785
vt 0.952224 0.867554
vt 0.823619 0.866139
vt 0.833983 0.868428
vt 0.660726 0.770721
vt 0.650361 0.768433
vt 0.872571 0.120980
vt 0.862207 0.118692
vt 0.650327 0.753321
vt 0.660693 0.751033
vt 0.543931 0.719106
vt 0.554304 0.721394
vt 0.823651 0.865837
vt 0.834017 0.868125
vt 0.554304 0.736808
vt 0.543931 0.739096
vt 0.872538 0.121283
vt 0.862173 0.118995
vt 0.834017 0.883540
vt 0.823651 0.885827
vt 0.660693 0.771023
vt 0.650327 0.768736
vt 0.862173 0.103580
vt 0.872538 0.101293
vt 0.938401 0.865962
vt 0.938401 0.881377
vt 0.953816 0.881377
vt 0.953816 0.865962
vt 0.544330 0.662432
vt 0.544027 0.662307
vt 0.543902 0.662004
vt 0.103219 0.940561
vt 0.097408 0.940561
vt 0.095814 0.938970
vt 0.103219 0.938970
vt 0.096977 0.946803
vt 0.096977 0.952613
vt 0.095386 0.954207
vt 0.095386 0.946803
vt 0.103219 0.953045
vt 0.109029 0.953045
vt 0.110623 0.954636
vt 0.103219 0.954636
vt 0.109460 0.946803
vt 0.109460 0.940992
vt 0.111051 0.939398
vt 0.111051 0.946803
vt 0.509933 0.847331
vt 0.520233 0.847331
vt 0.520296 0.854735
vt 0.509933 0.857024
vt 0.109029 0.940561
vt 0.110623 0.938970
vt 0.096977 0.940992
vt 0.095386 0.939398
vt 0.582446 0.875909
vt 0.592748 0.875910
vt 0.592811 0.883314
vt 0.582446 0.885602
vt 0.631110 0.635824
vt 0.640803 0.635824
vt 0.641105 0.635949
vt 0.641231 0.636252
vt 0.641231 0.645944
vt 0.631110 0.645944
vt 0.621550 0.875909
vt 0.611248 0.875910
vt 0.611185 0.868505
vt 0.621550 0.866216
vt 0.520334 0.732450
vt 0.510026 0.732450
vt 0.509963 0.725046
vt 0.520334 0.722757
vt 0.097408 0.953045
vt 0.095814 0.954636
vt 0.109460 0.952613
vt 0.111051 0.954207
vt 0.520334 0.742143
vt 0.509963 0.739854
vt 0.641231 0.655637
vt 0.641105 0.655939
vt 0.640803 0.656065
vt 0.631110 0.656065
vt 0.620990 0.636252
vt 0.621115 0.635949
vt 0.621418 0.635824
vt 0.620990 0.645944
vt 0.097103 0.940687
vt 0.103219 0.946803
vt 0.097103 0.952918
vt 0.109334 0.952918
vt 0.109334 0.940687
vt 0.582446 0.866216
vt 0.592811 0.868505
vt 0.621550 0.885602
vt 0.611185 0.883314
vt 0.509933 0.837638
vt 0.520296 0.839927
vt 0.611152 0.868202
vt 0.621518 0.865914
vt 0.520306 0.742445
vt 0.509933 0.740157
vt 0.582478 0.865914
vt 0.592845 0.868202
vt 0.509933 0.724743
vt 0.520306 0.722455
vt 0.509965 0.837336
vt 0.520330 0.839624
vt 0.592845 0.883617
vt 0.582478 0.885904
vt 0.621518 0.885904
vt 0.611152 0.883617
vt 0.520330 0.855038
vt 0.509965 0.857326
vt 0.095511 0.939095
vt 0.095511 0.954510
vt 0.110926 0.954510
vt 0.110926 0.939095
vt 0.621418 0.656065
vt 0.621115 0.655939
vt 0.620990 0.655637
vt 0.218258 0.939591
vt 0.212448 0.939591
vt 0.210854 0.938000
vt 0.218258 0.938000
vt 0.212016 0.945833
vt 0.212017 0.951643
vt 0.210425 0.953237
vt 0.210425 0.945833
vt 0.218258 0.952075
vt 0.224069 0.952075
vt 0.225663 0.953666
vt 0.218258 0.953666
vt 0.224500 0.945833
vt 0.224500 0.940023
vt 0.226091 0.938429
vt 0.226091 0.945833
vt 0.852320 0.760951
vt 0.862621 0.760951
vt 0.862684 0.768355
vt 0.852320 0.770644
vt 0.224069 0.939591
vt 0.225663 0.938000
vt 0.212016 0.940023
vt 0.210425 0.938429
vt 0.812896 0.645068
vt 0.823198 0.645069
vt 0.823261 0.652473
vt 0.812896 0.654761
vt 0.651379 0.332417
vt 0.661071 0.332417
vt 0.661374 0.332543
vt 0.661499 0.332845
vt 0.661499 0.342538
vt 0.651379 0.342538
vt 0.650252 0.875909
vt 0.639950 0.875910
vt 0.639887 0.868505
vt 0.650252 0.866216
vt 0.747914 0.684363
vt 0.737606 0.684363
vt 0.737543 0.676959
vt 0.747914 0.674671
vt 0.212448 0.952075
vt 0.210854 0.953666
vt 0.224500 0.951643
vt 0.226091 0.953237
vt 0.747914 0.694056
vt 0.737543 0.691768
vt 0.661499 0.352230
vt 0.661374 0.352533
vt 0.661071 0.352658
vt 0.651379 0.352658
vt 0.641258 0.332845
vt 0.641384 0.332543
vt 0.641686 0.332417
vt 0.641258 0.342538
vt 0.212143 0.939718
vt 0.218258 0.945833
vt 0.212143 0.951949
vt 0.224374 0.951949
vt 0.224374 0.939718
vt 0.812896 0.635375
vt 0.823261 0.637664
vt 0.650252 0.885602
vt 0.639887 0.883314
vt 0.852320 0.751258
vt 0.862684 0.753546
vt 0.639854 0.868202
vt 0.650220 0.865914
vt 0.747886 0.694358
vt 0.737513 0.692071
vt 0.812928 0.635073
vt 0.823295 0.637361
vt 0.737513 0.676656
vt 0.747886 0.674368
vt 0.852353 0.750956
vt 0.862718 0.753243
vt 0.823295 0.652776
vt 0.812928 0.655063
vt 0.650220 0.885904
vt 0.639854 0.883617
vt 0.862718 0.768658
vt 0.852353 0.770946
vt 0.210551 0.938126
vt 0.210551 0.953540
vt 0.225966 0.953540
vt 0.225966 0.938126
vt 0.641686 0.352658
vt 0.641384 0.352533
vt 0.641258 0.352230
vt 0.961378 0.102884
vt 0.955567 0.102884
vt 0.953973 0.101293
vt 0.961378 0.101293
vt 0.955136 0.109125
vt 0.955136 0.114936
vt 0.953545 0.116530
vt 0.953545 0.109125
vt 0.961378 0.115367
vt 0.967188 0.115367
vt 0.968782 0.116958
vt 0.961378 0.116958
vt 0.967620 0.109125
vt 0.967620 0.103315
vt 0.969211 0.101721
vt 0.969211 0.109125
vt 0.430362 0.759498
vt 0.440663 0.759498
vt 0.440726 0.766903
vt 0.430362 0.769191
vt 0.967188 0.102884
vt 0.968782 0.101293
vt 0.955136 0.103315
vt 0.953545 0.101721
vt 0.784194 0.645068
vt 0.794496 0.645069
vt 0.794559 0.652473
vt 0.784194 0.654761
vt 0.592566 0.481648
vt 0.602259 0.481648
vt 0.602561 0.481773
vt 0.602687 0.482075
vt 0.602687 0.491768
vt 0.592566 0.491768
vt 0.794825 0.414555
vt 0.784524 0.414555
vt 0.784461 0.407151
vt 0.794825 0.404862
vt 0.698078 0.607275
vt 0.708386 0.607275
vt 0.708450 0.614679
vt 0.698078 0.616968
vt 0.955567 0.115367
vt 0.953973 0.116958
vt 0.967620 0.114936
vt 0.969211 0.116530
vt 0.698078 0.597582
vt 0.708450 0.599871
vt 0.602687 0.501461
vt 0.602561 0.501763
vt 0.602259 0.501888
vt 0.592566 0.501888
vt 0.582446 0.482075
vt 0.582571 0.481773
vt 0.582874 0.481648
vt 0.582446 0.491768
vt 0.955262 0.103010
vt 0.961378 0.109125
vt 0.955262 0.115241
vt 0.967493 0.115241
vt 0.967493 0.103010
vt 0.784194 0.635375
vt 0.794559 0.637664
vt 0.794825 0.424247
vt 0.784461 0.421960
vt 0.430362 0.749805
vt 0.440726 0.752094
vt 0.784427 0.406848
vt 0.794793 0.404559
vt 0.698107 0.597280
vt 0.708480 0.599568
vt 0.784226 0.635073
vt 0.794593 0.637361
vt 0.708480 0.614982
vt 0.698107 0.617270
vt 0.430394 0.749503
vt 0.440760 0.751791
vt 0.794593 0.652776
vt 0.784226 0.655063
vt 0.794793 0.424549
vt 0.784427 0.422262
vt 0.440760 0.767206
vt 0.430394 0.769493
vt 0.953670 0.101418
vt 0.953670 0.116833
vt 0.969085 0.116833
vt 0.969085 0.101418
vt 0.582874 0.501888
vt 0.582572 0.501763
vt 0.582446 0.501461
vt 0.969589 0.406150
vt 0.963778 0.406150
vt 0.962185 0.404559
vt 0.969589 0.404559
vt 0.963347 0.412392
vt 0.963347 0.418203
vt 0.961756 0.419797
vt 0.961756 0.412392
vt 0.969589 0.418634
vt 0.975399 0.418634
vt 0.976993 0.420225
vt 0.969589 0.420225
vt 0.975831 0.412392
vt 0.975831 0.406582
vt 0.977422 0.404988
vt 0.977422 0.412392
vt 0.239131 0.756527
vt 0.249432 0.756527
vt 0.249494 0.763931
vt 0.239131 0.766220
vt 0.975399 0.406150
vt 0.976993 0.404559
vt 0.963347 0.406582
vt 0.961756 0.404988
vt 0.162675 0.872259
vt 0.172977 0.872260
vt 0.173040 0.879664
vt 0.162675 0.881952
vt 0.365572 0.592185
vt 0.375265 0.592185
vt 0.375567 0.592310
vt 0.375693 0.592612
vt 0.375693 0.602305
vt 0.365573 0.602305
vt 0.780593 0.180780
vt 0.770291 0.180781
vt 0.770228 0.173376
vt 0.780593 0.171087
vt 0.708480 0.645819
vt 0.698172 0.645819
vt 0.698109 0.638415
vt 0.708480 0.636126
vt 0.963778 0.418634
vt 0.962185 0.420225
vt 0.975831 0.418203
vt 0.977422 0.419797
vt 0.708480 0.655512
vt 0.698109 0.653224
vt 0.375693 0.611998
vt 0.375567 0.612300
vt 0.375265 0.612425
vt 0.365573 0.612425
vt 0.355452 0.592612
vt 0.355578 0.592310
vt 0.355880 0.592185
vt 0.355452 0.602305
vt 0.963473 0.406277
vt 0.969589 0.412392
vt 0.963473 0.418508
vt 0.975704 0.418508
vt 0.975704 0.406277
vt 0.162675 0.862566
vt 0.173040 0.864855
vt 0.780593 0.190473
vt 0.770228 0.188185
vt 0.239131 0.746834
vt 0.249494 0.749122
vt 0.770194 0.173073
vt 0.780561 0.170785
vt 0.708451 0.655814
vt 0.698078 0.653527
vt 0.162707 0.862264
vt 0.173074 0.864552
vt 0.698078 0.638112
vt 0.708451 0.635824
vt 0.239163 0.746532
vt 0.249528 0.748819
vt 0.173074 0.879967
vt 0.162707 0.882254
vt 0.780561 0.190775
vt 0.770194 0.188488
vt 0.249528 0.764234
vt 0.239163 0.766522
vt 0.961882 0.404685
vt 0.961882 0.420100
vt 0.977296 0.420100
vt 0.977296 0.404685
vt 0.355880 0.612425
vt 0.355578 0.612300
vt 0.355452 0.611998
vt 0.363285 0.973140
vt 0.357475 0.973140
vt 0.355881 0.971549
vt 0.363285 0.971549
vt 0.357043 0.979382
vt 0.357043 0.985192
vt 0.355452 0.986786
vt 0.355452 0.979382
vt 0.363285 0.985623
vt 0.369096 0.985623
vt 0.370690 0.987215
vt 0.363285 0.987215
vt 0.369527 0.979382
vt 0.369527 0.973571
vt 0.371118 0.971977
vt 0.371118 0.979382
vt 0.755726 0.414554
vt 0.766026 0.414554
vt 0.766089 0.421959
vt 0.755726 0.424247
vt 0.369096 0.973140
vt 0.370690 0.971549
vt 0.357043 0.973571
vt 0.355452 0.971977
vt 0.307056 0.791471
vt 0.317358 0.791472
vt 0.317421 0.798876
vt 0.307056 0.801164
vt 0.592566 0.520192
vt 0.602259 0.520192
vt 0.602561 0.520317
vt 0.602687 0.520619
vt 0.602687 0.530312
vt 0.592566 0.530312
vt 0.690062 0.875909
vt 0.679761 0.875910
vt 0.679698 0.868505
vt 0.690062 0.866216
vt 0.133930 0.603571
vt 0.144238 0.603571
vt 0.144301 0.610975
vt 0.133930 0.613263
vt 0.357475 0.985623
vt 0.355881 0.987215
vt 0.369527 0.985192
vt 0.371118 0.986786
vt 0.133930 0.593878
vt 0.144301 0.596166
vt 0.602687 0.540005
vt 0.602561 0.540307
vt 0.602259 0.540432
vt 0.592566 0.540432
vt 0.582446 0.520619
vt 0.582571 0.520317
vt 0.582874 0.520192
vt 0.582446 0.530312
vt 0.357170 0.973266
vt 0.363285 0.979382
vt 0.357170 0.985497
vt 0.369401 0.985497
vt 0.369401 0.973266
vt 0.307056 0.781779
vt 0.317421 0.784068
vt 0.690062 0.885602
vt 0.679698 0.883314
vt 0.755726 0.404862
vt 0.766089 0.407150
vt 0.679664 0.868202
vt 0.690030 0.865914
vt 0.133958 0.593575
vt 0.144331 0.595863
vt 0.307088 0.781476
vt 0.317455 0.783765
vt 0.144331 0.611278
vt 0.133958 0.613566
vt 0.755758 0.404559
vt 0.766123 0.406847
vt 0.317455 0.799179
vt 0.307088 0.801466
vt 0.690030 0.885904
vt 0.679664 0.883617
vt 0.766123 0.422262
vt 0.755758 0.424549
vt 0.355578 0.971674
vt 0.355578 0.987089
vt 0.370993 0.987089
vt 0.370993 0.971674
vt 0.582874 0.540432
vt 0.582571 0.540307
vt 0.582446 0.540005
vt 0.314889 0.970211
vt 0.309079 0.970211
vt 0.307485 0.968620
vt 0.314889 0.968620
vt 0.308647 0.976453
vt 0.308647 0.982264
vt 0.307056 0.983858
vt 0.307056 0.976453
vt 0.314889 0.982695
vt 0.320700 0.982695
vt 0.322293 0.984286
vt 0.314889 0.984286
vt 0.321131 0.976453
vt 0.321131 0.970643
vt 0.322722 0.969049
vt 0.322722 0.976453
vt 0.459067 0.759498
vt 0.469368 0.759498
vt 0.469431 0.766903
vt 0.459067 0.769191
vt 0.320700 0.970211
vt 0.322293 0.968620
vt 0.308647 0.970643
vt 0.307056 0.969049
vt 0.355452 0.870987
vt 0.365754 0.870988
vt 0.365817 0.878393
vt 0.355452 0.880680
vt 0.592566 0.558736
vt 0.602259 0.558736
vt 0.602561 0.558861
vt 0.602687 0.559163
vt 0.602687 0.568856
vt 0.592566 0.568856
vt 0.780593 0.235941
vt 0.770291 0.235942
vt 0.770228 0.228538
vt 0.780593 0.226248
vt 0.133930 0.641864
vt 0.144238 0.641864
vt 0.144301 0.649269
vt 0.133930 0.651557
vt 0.309079 0.982695
vt 0.307485 0.984286
vt 0.321131 0.982264
vt 0.322722 0.983858
vt 0.133930 0.632171
vt 0.144301 0.634460
vt 0.602687 0.578549
vt 0.602561 0.578851
vt 0.602259 0.578976
vt 0.592566 0.578976
vt 0.582446 0.559163
vt 0.582571 0.558861
vt 0.582874 0.558736
vt 0.582446 0.568856
vt 0.308774 0.970338
vt 0.314889 0.976453
vt 0.308774 0.982569
vt 0.321005 0.982569
vt 0.321005 0.970338
vt 0.355452 0.861295
vt 0.365817 0.863584
vt 0.780593 0.245634
vt 0.770228 0.243346
vt 0.459067 0.749805
vt 0.469431 0.752094
vt 0.770194 0.228234
vt 0.780561 0.225946
vt 0.133958 0.631869
vt 0.144331 0.634157
vt 0.355484 0.860992
vt 0.365851 0.863281
vt 0.144331 0.649572
vt 0.133958 0.651859
vt 0.459100 0.749503
vt 0.469465 0.751791
vt 0.365851 0.878695
vt 0.355484 0.880982
vt 0.780561 0.245936
vt 0.770194 0.243649
vt 0.469465 0.767206
vt 0.459100 0.769493
vt 0.307182 0.968746
vt 0.307182 0.984161
vt 0.322596 0.984161
vt 0.322596 0.968746
vt 0.582874 0.578976
vt 0.582571 0.578851
vt 0.582446 0.578549
vt 0.278690 0.979739
vt 0.278690 0.973928
vt 0.279840 0.972334
vt 0.279840 0.979739
vt 0.274176 0.973497
vt 0.269975 0.973497
vt 0.268822 0.971906
vt 0.274176 0.971906
vt 0.269663 0.979739
vt 0.269663 0.985549
vt 0.268512 0.987143
vt 0.268512 0.979739
vt 0.274176 0.985981
vt 0.278378 0.985981
vt 0.279530 0.987572
vt 0.274176 0.987572
vt 0.909724 0.837538
vt 0.919860 0.837538
vt 0.919923 0.844942
vt 0.909724 0.847231
vt 0.278690 0.985549
vt 0.279840 0.987143
vt 0.278378 0.973497
vt 0.279530 0.971906
vt 0.861033 0.378189
vt 0.871335 0.378190
vt 0.871398 0.383544
vt 0.861033 0.385198
vt 0.135643 0.670664
vt 0.142651 0.670664
vt 0.142870 0.670789
vt 0.142961 0.671091
vt 0.142961 0.680784
vt 0.135643 0.680784
vt 0.785325 0.378189
vt 0.775024 0.378190
vt 0.774961 0.372836
vt 0.785325 0.371180
vt 0.909250 0.529512
vt 0.899087 0.529512
vt 0.899023 0.522108
vt 0.909250 0.519820
vt 0.269663 0.973928
vt 0.268512 0.972334
vt 0.269975 0.985981
vt 0.268822 0.987572
vt 0.909250 0.539205
vt 0.899023 0.536917
vt 0.142961 0.690477
vt 0.142870 0.690779
vt 0.142652 0.690904
vt 0.135643 0.690904
vt 0.128325 0.671091
vt 0.128415 0.670789
vt 0.128634 0.670664
vt 0.128325 0.680784
vt 0.278598 0.973623
vt 0.274176 0.979739
vt 0.269754 0.973623
vt 0.269754 0.985854
vt 0.278598 0.985854
vt 0.861033 0.371180
vt 0.871398 0.372836
vt 0.785325 0.385198
vt 0.774961 0.383544
vt 0.909724 0.827845
vt 0.919923 0.830134
vt 0.774927 0.372616
vt 0.785293 0.370962
vt 0.909229 0.539508
vt 0.899001 0.537220
vt 0.861065 0.370962
vt 0.871431 0.372617
vt 0.899001 0.521805
vt 0.909229 0.519517
vt 0.909747 0.827543
vt 0.919948 0.829831
vt 0.871431 0.383763
vt 0.861065 0.385416
vt 0.785293 0.385416
vt 0.774927 0.383763
vt 0.919948 0.845245
vt 0.909747 0.847533
vt 0.279749 0.972031
vt 0.268603 0.972031
vt 0.268603 0.987446
vt 0.279749 0.987446
vt 0.128634 0.690904
vt 0.128416 0.690779
vt 0.128325 0.690477
vt 0.974405 0.911963
vt 0.974405 0.917774
vt 0.973254 0.919368
vt 0.973254 0.911963
vt 0.978918 0.918205
vt 0.983119 0.918205
vt 0.984272 0.919796
vt 0.978918 0.919796
vt 0.983431 0.911963
vt 0.983431 0.906153
vt 0.984582 0.904559
vt 0.984582 0.911963
vt 0.978918 0.905722
vt 0.974716 0.905722
vt 0.973564 0.904131
vt 0.978918 0.904131
vt 0.440587 0.912673
vt 0.430450 0.912673
vt 0.430387 0.905269
vt 0.440587 0.902980
vt 0.974405 0.906153
vt 0.973254 0.904559
vt 0.974716 0.918205
vt 0.973564 0.919796
vt 0.578038 0.983566
vt 0.588340 0.983567
vt 0.588403 0.988921
vt 0.578038 0.990575
vt 0.687120 0.332418
vt 0.694129 0.332417
vt 0.694348 0.332543
vt 0.694438 0.332845
vt 0.694438 0.342538
vt 0.687120 0.342538
vt 0.900134 0.378189
vt 0.889832 0.378190
vt 0.889769 0.372836
vt 0.900134 0.371180
vt 0.909483 0.414554
vt 0.899320 0.414554
vt 0.899257 0.407150
vt 0.909483 0.404862
vt 0.983431 0.917774
vt 0.984582 0.919368
vt 0.983119 0.905722
vt 0.984272 0.904131
vt 0.909483 0.424247
vt 0.899257 0.421959
vt 0.694438 0.352230
vt 0.694348 0.352533
vt 0.694129 0.352658
vt 0.687120 0.352658
vt 0.679802 0.332845
vt 0.679893 0.332543
vt 0.680112 0.332418
vt 0.679802 0.342538
vt 0.974496 0.918079
vt 0.978918 0.911963
vt 0.983340 0.918079
vt 0.983340 0.905848
vt 0.974496 0.905848
vt 0.578038 0.976557
vt 0.588403 0.978213
vt 0.900134 0.385198
vt 0.889769 0.383544
vt 0.440587 0.922366
vt 0.430387 0.920077
vt 0.889735 0.372616
vt 0.900101 0.370962
vt 0.909462 0.424549
vt 0.899235 0.422262
vt 0.578070 0.976338
vt 0.588436 0.977993
vt 0.899235 0.406847
vt 0.909462 0.404559
vt 0.440563 0.922668
vt 0.430362 0.920380
vt 0.588436 0.989139
vt 0.578070 0.990793
vt 0.900101 0.385416
vt 0.889735 0.383763
vt 0.430362 0.904966
vt 0.440563 0.902678
vt 0.973345 0.919671
vt 0.984491 0.919671
vt 0.984491 0.904256
vt 0.973345 0.904256
vt 0.680112 0.352658
vt 0.679893 0.352533
vt 0.679802 0.352231
vt 0.974405 0.945933
vt 0.974405 0.951743
vt 0.973254 0.953337
vt 0.973254 0.945933
vt 0.978918 0.952174
vt 0.983119 0.952174
vt 0.984272 0.953766
vt 0.978918 0.953766
vt 0.983431 0.945933
vt 0.983431 0.940122
vt 0.984582 0.938528
vt 0.984582 0.945933
vt 0.978918 0.939691
vt 0.974716 0.939691
vt 0.973564 0.938100
vt 0.978918 0.938100
vt 0.469289 0.912673
vt 0.459152 0.912673
vt 0.459089 0.905268
vt 0.469289 0.902980
vt 0.974405 0.940122
vt 0.973254 0.938528
vt 0.974716 0.952174
vt 0.973564 0.953766
vt 0.944300 0.305687
vt 0.954602 0.305688
vt 0.954665 0.311042
vt 0.944300 0.312696
vt 0.517250 0.606996
vt 0.524259 0.606996
vt 0.524478 0.607121
vt 0.524568 0.607424
vt 0.524568 0.617116
vt 0.517250 0.617116
vt 0.690345 0.949387
vt 0.680043 0.949387
vt 0.679980 0.944033
vt 0.690345 0.942378
vt 0.899001 0.568230
vt 0.909164 0.568230
vt 0.909227 0.575634
vt 0.899001 0.577923
vt 0.983431 0.951743
vt 0.984582 0.953337
vt 0.983119 0.939691
vt 0.984272 0.938100
vt 0.899001 0.558537
vt 0.909227 0.560826
vt 0.524568 0.626809
vt 0.524478 0.627111
vt 0.524259 0.627237
vt 0.517250 0.627237
vt 0.509933 0.607424
vt 0.510023 0.607121
vt 0.510242 0.606996
vt 0.509933 0.617116
vt 0.974496 0.952048
vt 0.978918 0.945933
vt 0.983340 0.952048
vt 0.983340 0.939817
vt 0.974496 0.939817
vt 0.944300 0.298678
vt 0.954665 0.300334
vt 0.690345 0.956396
vt 0.679980 0.954741
vt 0.469289 0.922366
vt 0.459089 0.920077
vt 0.679946 0.943814
vt 0.690313 0.942159
vt 0.899022 0.558235
vt 0.909250 0.560523
vt 0.944332 0.298460
vt 0.954699 0.300114
vt 0.909250 0.575937
vt 0.899022 0.578225
vt 0.469265 0.922668
vt 0.459064 0.920380
vt 0.954699 0.311261
vt 0.944332 0.312914
vt 0.690313 0.956614
vt 0.679946 0.954960
vt 0.459064 0.904965
vt 0.469265 0.902678
vt 0.973345 0.953640
vt 0.984491 0.953640
vt 0.984491 0.938225
vt 0.973345 0.938225
vt 0.510242 0.627237
vt 0.510023 0.627111
vt 0.509933 0.626809
vt 0.977310 0.340250
vt 0.977310 0.346061
vt 0.976160 0.347655
vt 0.976160 0.340250
vt 0.981824 0.346492
vt 0.986025 0.346492
vt 0.987178 0.348083
vt 0.981824 0.348083
vt 0.986337 0.340250
vt 0.986337 0.334440
vt 0.987488 0.332846
vt 0.987488 0.340250
vt 0.981824 0.334009
vt 0.977622 0.334009
vt 0.976470 0.332417
vt 0.981824 0.332417
vt 0.923887 0.342413
vt 0.913750 0.342413
vt 0.913687 0.335008
vt 0.923887 0.332720
vt 0.977310 0.334440
vt 0.976160 0.332846
vt 0.977622 0.346492
vt 0.976470 0.348083
vt 0.973002 0.305687
vt 0.983304 0.305688
vt 0.983367 0.311042
vt 0.973002 0.312696
vt 0.275830 0.669630
vt 0.282839 0.669630
vt 0.283057 0.669755
vt 0.283148 0.670058
vt 0.283148 0.679750
vt 0.275830 0.679750
vt 0.983652 0.979297
vt 0.973351 0.979298
vt 0.973288 0.973944
vt 0.983652 0.972288
vt 0.307056 0.906352
vt 0.317219 0.906352
vt 0.317282 0.913757
vt 0.307056 0.916045
vt 0.986337 0.346061
vt 0.987488 0.347655
vt 0.986025 0.334008
vt 0.987178 0.332417
vt 0.307056 0.896660
vt 0.317282 0.898948
vt 0.283148 0.689443
vt 0.283057 0.689745
vt 0.282839 0.689871
vt 0.275830 0.689871
vt 0.268512 0.670058
vt 0.268603 0.669755
vt 0.268821 0.669630
vt 0.268512 0.679750
vt 0.977402 0.346366
vt 0.981824 0.340250
vt 0.986246 0.346366
vt 0.986246 0.334135
vt 0.977402 0.334135
vt 0.973002 0.298678
vt 0.983367 0.300334
vt 0.983652 0.986306
vt 0.973288 0.984652
vt 0.923887 0.352105
vt 0.913687 0.349817
vt 0.973254 0.973724
vt 0.983620 0.972069
vt 0.307077 0.896357
vt 0.317305 0.898645
vt 0.973034 0.298460
vt 0.983401 0.300114
vt 0.317305 0.914060
vt 0.307077 0.916347
vt 0.923863 0.352408
vt 0.913662 0.350120
vt 0.983401 0.311261
vt 0.973034 0.312914
vt 0.983620 0.986524
vt 0.973254 0.984870
vt 0.913662 0.334705
vt 0.923863 0.332417
vt 0.976251 0.347958
vt 0.987397 0.347958
vt 0.987397 0.332543
vt 0.976251 0.332543
vt 0.268821 0.689871
vt 0.268603 0.689745
vt 0.268512 0.689443
vt 0.977310 0.374220
vt 0.977310 0.380030
vt 0.976160 0.381624
vt 0.976160 0.374220
vt 0.981824 0.380462
vt 0.986025 0.380462
vt 0.987178 0.382053
vt 0.981824 0.382053
vt 0.986337 0.374220
vt 0.986337 0.368409
vt 0.987488 0.366815
vt 0.987488 0.374220
vt 0.981824 0.367978
vt 0.977622 0.367978
vt 0.976470 0.366387
vt 0.981824 0.366387
vt 0.124088 0.910671
vt 0.134225 0.910671
vt 0.134287 0.918076
vt 0.124088 0.920364
vt 0.977310 0.368409
vt 0.976160 0.366815
vt 0.977622 0.380462
vt 0.976470 0.382053
vt 0.162675 0.980048
vt 0.172977 0.980048
vt 0.173040 0.985402
vt 0.162675 0.987056
vt 0.517250 0.645540
vt 0.524259 0.645540
vt 0.524478 0.645665
vt 0.524568 0.645968
vt 0.524568 0.655660
vt 0.517250 0.655660
vt 0.814027 0.378189
vt 0.803726 0.378190
vt 0.803663 0.372836
vt 0.814027 0.371180
vt 0.899001 0.606774
vt 0.909164 0.606774
vt 0.909227 0.614179
vt 0.899001 0.616467
vt 0.986337 0.380030
vt 0.987488 0.381624
vt 0.986025 0.367978
vt 0.987178 0.366387
vt 0.899001 0.597081
vt 0.909227 0.599370
vt 0.524568 0.665353
vt 0.524478 0.665655
vt 0.524259 0.665781
vt 0.517250 0.665781
vt 0.509933 0.645968
vt 0.510023 0.645665
vt 0.510242 0.645540
vt 0.509933 0.655660
vt 0.977402 0.380335
vt 0.981824 0.374220
vt 0.986246 0.380335
vt 0.986246 0.368104
vt 0.977402 0.368104
vt 0.162675 0.973039
vt 0.173040 0.974694
vt 0.814027 0.385198
vt 0.803663 0.383544
vt 0.124088 0.900978
vt 0.134287 0.903267
vt 0.803629 0.372617
vt 0.813995 0.370962
vt 0.899022 0.596779
vt 0.909250 0.599067
vt 0.162707 0.972820
vt 0.173074 0.974475
vt 0.909250 0.614482
vt 0.899022 0.616769
vt 0.124111 0.900676
vt 0.134312 0.902964
vt 0.173074 0.985621
vt 0.162707 0.987275
vt 0.813995 0.385416
vt 0.803629 0.383763
vt 0.134312 0.918379
vt 0.124111 0.920666
vt 0.976251 0.381927
vt 0.987397 0.381927
vt 0.987397 0.366512
vt 0.976251 0.366512
vt 0.510242 0.665781
vt 0.510023 0.665655
vt 0.509933 0.665353
vt 0.973372 0.835376
vt 0.973372 0.841186
vt 0.972221 0.842780
vt 0.972221 0.835376
vt 0.977885 0.841618
vt 0.982087 0.841618
vt 0.983239 0.843209
vt 0.977885 0.843209
vt 0.982399 0.835376
vt 0.982399 0.829566
vt 0.983549 0.827972
vt 0.983549 0.835376
vt 0.977885 0.829134
vt 0.973684 0.829134
vt 0.972531 0.827543
vt 0.977885 0.827543
vt 0.923928 0.180780
vt 0.913791 0.180780
vt 0.913728 0.173375
vt 0.923928 0.171087
vt 0.973372 0.829566
vt 0.972221 0.827972
vt 0.973684 0.841618
vt 0.972531 0.843209
vt 0.095386 0.980167
vt 0.105687 0.980168
vt 0.105750 0.985522
vt 0.095386 0.987176
vt 0.404741 0.636800
vt 0.411749 0.636800
vt 0.411968 0.636925
vt 0.412058 0.637227
vt 0.412058 0.646920
vt 0.404741 0.646920
vt 0.613113 0.378189
vt 0.602811 0.378190
vt 0.602748 0.372836
vt 0.613113 0.371180
vt 0.919972 0.799244
vt 0.909810 0.799244
vt 0.909746 0.791840
vt 0.919972 0.789552
vt 0.982399 0.841186
vt 0.983549 0.842780
vt 0.982087 0.829134
vt 0.983239 0.827543
vt 0.919972 0.808937
vt 0.909746 0.806649
vt 0.412058 0.656613
vt 0.411968 0.656915
vt 0.411749 0.657040
vt 0.404741 0.657040
vt 0.397423 0.637227
vt 0.397513 0.636925
vt 0.397732 0.636800
vt 0.397423 0.646920
vt 0.973463 0.841491
vt 0.977885 0.835376
vt 0.982307 0.841491
vt 0.982307 0.829260
vt 0.973463 0.829260
vt 0.095386 0.973158
vt 0.105750 0.974814
vt 0.613113 0.385198
vt 0.602748 0.383544
vt 0.923928 0.190472
vt 0.913728 0.188184
vt 0.602714 0.372616
vt 0.613081 0.370962
vt 0.919951 0.809240
vt 0.909724 0.806952
vt 0.095418 0.972939
vt 0.105784 0.974594
vt 0.909724 0.791537
vt 0.919951 0.789249
vt 0.923905 0.190775
vt 0.913703 0.188487
vt 0.105784 0.985740
vt 0.095418 0.987394
vt 0.613081 0.385416
vt 0.602714 0.383763
vt 0.913703 0.173072
vt 0.923905 0.170785
vt 0.972312 0.843083
vt 0.983458 0.843083
vt 0.983458 0.827669
vt 0.972312 0.827669
vt 0.397732 0.657040
vt 0.397513 0.656915
vt 0.397423 0.656613
vt 0.973396 0.758789
vt 0.973396 0.764599
vt 0.972245 0.766193
vt 0.972245 0.758789
vt 0.977909 0.765030
vt 0.982111 0.765030
vt 0.983263 0.766621
vt 0.977909 0.766621
vt 0.982423 0.758789
vt 0.982423 0.752978
vt 0.983573 0.751384
vt 0.983573 0.758789
vt 0.977909 0.752547
vt 0.973708 0.752547
vt 0.972555 0.750956
vt 0.977909 0.750956
vt 0.057921 0.911008
vt 0.047784 0.911008
vt 0.047721 0.903604
vt 0.057921 0.901316
vt 0.973396 0.752978
vt 0.972245 0.751384
vt 0.973708 0.765030
vt 0.972555 0.766621
vt 0.124088 0.980167
vt 0.134389 0.980167
vt 0.134452 0.985521
vt 0.124088 0.987176
vt 0.362770 0.669273
vt 0.369779 0.669273
vt 0.369997 0.669398
vt 0.370088 0.669701
vt 0.370088 0.679393
vt 0.362770 0.679393
vt 0.641815 0.378189
vt 0.631513 0.378190
vt 0.631450 0.372836
vt 0.641815 0.371180
vt 0.365701 0.909281
vt 0.355538 0.909281
vt 0.355475 0.901876
vt 0.365701 0.899588
vt 0.982423 0.764599
vt 0.983573 0.766193
vt 0.982111 0.752547
vt 0.983263 0.750956
vt 0.365701 0.918974
vt 0.355475 0.916685
vt 0.370088 0.689086
vt 0.369997 0.689388
vt 0.369779 0.689514
vt 0.362770 0.689514
vt 0.355452 0.669701
vt 0.355543 0.669398
vt 0.355761 0.669273
vt 0.355452 0.679393
vt 0.973487 0.764904
vt 0.977909 0.758789
vt 0.982331 0.764904
vt 0.982331 0.752673
vt 0.973487 0.752673
vt 0.124088 0.973158
vt 0.134452 0.974813
vt 0.641815 0.385198
vt 0.631450 0.383544
vt 0.057921 0.920701
vt 0.047721 0.918413
vt 0.631416 0.372616
vt 0.641783 0.370962
vt 0.365680 0.919276
vt 0.355452 0.916988
vt 0.124120 0.972939
vt 0.134486 0.974594
vt 0.355452 0.901573
vt 0.365680 0.899286
vt 0.057897 0.921004
vt 0.047696 0.918716
vt 0.134486 0.985740
vt 0.124120 0.987394
vt 0.641783 0.385416
vt 0.631416 0.383763
vt 0.047696 0.903301
vt 0.057897 0.901013
vt 0.972336 0.766496
vt 0.983482 0.766496
vt 0.983482 0.751081
vt 0.972336 0.751081
vt 0.355761 0.689514
vt 0.355543 0.689388
vt 0.355452 0.689086
vt 0.973396 0.792758
vt 0.973396 0.798568
vt 0.972245 0.800162
vt 0.972245 0.792758
vt 0.977909 0.799000
vt 0.982111 0.799000
vt 0.983263 0.800591
vt 0.977909 0.800591
vt 0.982423 0.792758
vt 0.982423 0.786947
vt 0.983573 0.785354
vt 0.983573 0.792758
vt 0.977909 0.786516
vt 0.973708 0.786516
vt 0.972555 0.784925
vt 0.977909 0.784925
vt 0.009152 0.911558
vt 0.019289 0.911558
vt 0.019352 0.918962
vt 0.009152 0.921251
vt 0.973396 0.786947
vt 0.972245 0.785354
vt 0.973708 0.799000
vt 0.972555 0.800591
vt 0.047696 0.980504
vt 0.057998 0.980505
vt 0.058061 0.985859
vt 0.047696 0.987513
vt 0.055014 0.671001
vt 0.062022 0.671001
vt 0.062241 0.671126
vt 0.062331 0.671428
vt 0.062331 0.681121
vt 0.055014 0.681121
vt 0.019550 0.981054
vt 0.009249 0.981054
vt 0.009186 0.975700
vt 0.019550 0.974045
vt 0.909724 0.875832
vt 0.919886 0.875832
vt 0.919950 0.883236
vt 0.909724 0.885525
vt 0.982423 0.798568
vt 0.983573 0.800162
vt 0.982111 0.786516
vt 0.983263 0.784925
vt 0.909724 0.866139
vt 0.919950 0.868428
vt 0.062331 0.690814
vt 0.062241 0.691116
vt 0.062022 0.691241
vt 0.055014 0.691241
vt 0.047696 0.671428
vt 0.047786 0.671126
vt 0.048005 0.671001
vt 0.047696 0.681121
vt 0.973487 0.798873
vt 0.977909 0.792758
vt 0.982331 0.798873
vt 0.982331 0.786642
vt 0.973487 0.786642
vt 0.047696 0.973495
vt 0.058061 0.975151
vt 0.019550 0.988063
vt 0.009186 0.986408
vt 0.009152 0.901865
vt 0.019352 0.904154
vt 0.009152 0.975481
vt 0.019518 0.973826
vt 0.909744 0.865837
vt 0.919972 0.868125
vt 0.047728 0.973276
vt 0.058094 0.974931
vt 0.919972 0.883539
vt 0.909744 0.885827
vt 0.009175 0.901563
vt 0.019377 0.903851
vt 0.058094 0.986078
vt 0.047728 0.987731
vt 0.019518 0.988281
vt 0.009152 0.986627
vt 0.019377 0.919266
vt 0.009175 0.921553
vt 0.972336 0.800465
vt 0.983482 0.800465
vt 0.983482 0.785051
vt 0.972336 0.785051
vt 0.048005 0.691241
vt 0.047786 0.691116
vt 0.047696 0.690814
vt 0.973396 0.873670
vt 0.973396 0.879480
vt 0.972245 0.881074
vt 0.972245 0.873670
vt 0.977909 0.879911
vt 0.982111 0.879911
vt 0.983263 0.881502
vt 0.977909 0.881502
vt 0.982422 0.873670
vt 0.982422 0.867859
vt 0.983573 0.866265
vt 0.983573 0.873670
vt 0.977909 0.867428
vt 0.973708 0.867428
vt 0.972555 0.865837
vt 0.977909 0.865837
vt 0.923928 0.235941
vt 0.913791 0.235941
vt 0.913728 0.228537
vt 0.923928 0.226248
vt 0.973396 0.867859
vt 0.972245 0.866265
vt 0.973708 0.879911
vt 0.972555 0.881502
vt 0.978270 0.062960
vt 0.988572 0.062960
vt 0.988635 0.068314
vt 0.978270 0.069968
vt 0.016470 0.671551
vt 0.023478 0.671551
vt 0.023697 0.671676
vt 0.023787 0.671978
vt 0.023787 0.681671
vt 0.016470 0.681671
vt 0.670517 0.378189
vt 0.660215 0.378190
vt 0.660152 0.372836
vt 0.670517 0.371180
vt 0.909727 0.684363
vt 0.919890 0.684363
vt 0.919953 0.691768
vt 0.909727 0.694056
vt 0.982422 0.879480
vt 0.983573 0.881074
vt 0.982111 0.867428
vt 0.983263 0.865837
vt 0.909727 0.674671
vt 0.919953 0.676959
vt 0.023787 0.691364
vt 0.023697 0.691666
vt 0.023478 0.691791
vt 0.016470 0.691791
vt 0.009152 0.671978
vt 0.009242 0.671676
vt 0.009461 0.671551
vt 0.009152 0.681671
vt 0.973487 0.879785
vt 0.977909 0.873670
vt 0.982331 0.879785
vt 0.982331 0.867554
vt 0.973487 0.867554
vt 0.978270 0.055951
vt 0.988635 0.057606
vt 0.670517 0.385198
vt 0.660152 0.383544
vt 0.923928 0.245634
vt 0.913728 0.243345
vt 0.660119 0.372617
vt 0.670485 0.370962
vt 0.909748 0.674368
vt 0.919975 0.676656
vt 0.978302 0.055732
vt 0.988668 0.057387
vt 0.919975 0.692071
vt 0.909748 0.694358
vt 0.923905 0.245936
vt 0.913703 0.243648
vt 0.988668 0.068533
vt 0.978302 0.070187
vt 0.670485 0.385416
vt 0.660119 0.383763
vt 0.913703 0.228234
vt 0.923905 0.225946
vt 0.972336 0.881377
vt 0.983482 0.881377
vt 0.983482 0.865962
vt 0.972336 0.865962
vt 0.009461 0.691791
vt 0.009242 0.691666
vt 0.009152 0.691364
vt 0.973779 0.016985
vt 0.973779 0.022795
vt 0.972629 0.024389
vt 0.972629 0.016985
vt 0.978293 0.023227
vt 0.982494 0.023227
vt 0.983647 0.024818
vt 0.978293 0.024818
vt 0.982806 0.016985
vt 0.982806 0.011174
vt 0.983957 0.009580
vt 0.983957 0.016985
vt 0.978293 0.010743
vt 0.974091 0.010743
vt 0.972939 0.009152
vt 0.978293 0.009152
vt 0.766211 0.914125
vt 0.776348 0.914125
vt 0.776411 0.921530
vt 0.766211 0.923818
vt 0.973779 0.011174
vt 0.972629 0.009580
vt 0.974091 0.023227
vt 0.972939 0.024818
vt 0.708807 0.983621
vt 0.719109 0.983622
vt 0.719172 0.988976
vt 0.708807 0.990630
vt 0.687162 0.225946
vt 0.694171 0.225946
vt 0.694389 0.226071
vt 0.694480 0.226373
vt 0.694480 0.236066
vt 0.687162 0.236066
vt 0.988668 0.271718
vt 0.978366 0.271718
vt 0.978303 0.266364
vt 0.988668 0.264709
vt 0.278761 0.909638
vt 0.268598 0.909638
vt 0.268535 0.902233
vt 0.278761 0.899945
vt 0.982806 0.022795
vt 0.983957 0.024389
vt 0.982494 0.010743
vt 0.983647 0.009152
vt 0.278761 0.919331
vt 0.268535 0.917042
vt 0.694480 0.245759
vt 0.694390 0.246061
vt 0.694171 0.246186
vt 0.687162 0.246186
vt 0.679844 0.226373
vt 0.679935 0.226071
vt 0.680153 0.225946
vt 0.679844 0.236066
vt 0.973871 0.023100
vt 0.978293 0.016985
vt 0.982715 0.023100
vt 0.982715 0.010869
vt 0.973871 0.010869
vt 0.708807 0.976612
vt 0.719172 0.978268
vt 0.988668 0.278726
vt 0.978303 0.277072
vt 0.766211 0.904433
vt 0.776411 0.906721
vt 0.978269 0.266145
vt 0.988636 0.264490
vt 0.278740 0.919633
vt 0.268512 0.917345
vt 0.708839 0.976394
vt 0.719206 0.978048
vt 0.268512 0.901930
vt 0.278740 0.899643
vt 0.766235 0.904130
vt 0.776436 0.906418
vt 0.719206 0.989195
vt 0.708839 0.990848
vt 0.988636 0.278945
vt 0.978269 0.277291
vt 0.776436 0.921833
vt 0.766235 0.924120
vt 0.972720 0.024692
vt 0.983866 0.024692
vt 0.983866 0.009277
vt 0.972720 0.009277
vt 0.680154 0.246186
vt 0.679935 0.246061
vt 0.679844 0.245759
vt 0.973399 0.682201
vt 0.973399 0.688012
vt 0.972249 0.689606
vt 0.972249 0.682201
vt 0.977912 0.688443
vt 0.982114 0.688443
vt 0.983266 0.690034
vt 0.977912 0.690034
vt 0.982426 0.682201
vt 0.982426 0.676391
vt 0.983576 0.674797
vt 0.983576 0.682201
vt 0.977912 0.675959
vt 0.973711 0.675959
vt 0.972558 0.674368
vt 0.977912 0.674368
vt 0.833844 0.914125
vt 0.823707 0.914125
vt 0.823644 0.906721
vt 0.833844 0.904433
vt 0.973399 0.676391
vt 0.972249 0.674797
vt 0.973711 0.688443
vt 0.972558 0.690034
vt 0.737509 0.983621
vt 0.747811 0.983622
vt 0.747874 0.988976
vt 0.737509 0.990630
vt 0.217743 0.669694
vt 0.224752 0.669694
vt 0.224970 0.669819
vt 0.225061 0.670121
vt 0.225061 0.679814
vt 0.217743 0.679814
vt 0.756623 0.378189
vt 0.746321 0.378190
vt 0.746258 0.372836
vt 0.756623 0.371180
vt 0.909728 0.722657
vt 0.919890 0.722657
vt 0.919954 0.730061
vt 0.909728 0.732350
vt 0.982426 0.688012
vt 0.983576 0.689606
vt 0.982114 0.675959
vt 0.983266 0.674368
vt 0.909728 0.712964
vt 0.919954 0.715253
vt 0.225061 0.689507
vt 0.224971 0.689809
vt 0.224752 0.689934
vt 0.217743 0.689934
vt 0.210425 0.670121
vt 0.210516 0.669819
vt 0.210735 0.669694
vt 0.210425 0.679814
vt 0.973490 0.688317
vt 0.977912 0.682201
vt 0.982334 0.688317
vt 0.982334 0.676086
vt 0.973490 0.676086
vt 0.737509 0.976612
vt 0.747874 0.978268
vt 0.756623 0.385198
vt 0.746258 0.383544
vt 0.833844 0.923818
vt 0.823644 0.921530
vt 0.746225 0.372617
vt 0.756591 0.370962
vt 0.909748 0.712662
vt 0.919976 0.714950
vt 0.737541 0.976394
vt 0.747908 0.978048
vt 0.919976 0.730364
vt 0.909748 0.732652
vt 0.833820 0.924120
vt 0.823619 0.921833
vt 0.747908 0.989195
vt 0.737541 0.990848
vt 0.756591 0.385416
vt 0.746225 0.383763
vt 0.823619 0.906418
vt 0.833820 0.904130
vt 0.972339 0.689909
vt 0.983486 0.689909
vt 0.983486 0.674494
vt 0.972339 0.674494
vt 0.210735 0.689934
vt 0.210516 0.689809
vt 0.210425 0.689507
vt 0.973400 0.720495
vt 0.973400 0.726305
vt 0.972249 0.727899
vt 0.972249 0.720495
vt 0.977913 0.726737
vt 0.982115 0.726737
vt 0.983267 0.728328
vt 0.977913 0.728328
vt 0.982427 0.720495
vt 0.982427 0.714684
vt 0.983577 0.713090
vt 0.983577 0.720495
vt 0.977913 0.714253
vt 0.973712 0.714253
vt 0.972559 0.712662
vt 0.977913 0.712662
vt 0.852321 0.914126
vt 0.862458 0.914126
vt 0.862521 0.921530
vt 0.852321 0.923818
vt 0.973400 0.714684
vt 0.972249 0.713090
vt 0.973712 0.726737
vt 0.972559 0.728328
vt 0.766211 0.983621
vt 0.776513 0.983622
vt 0.776576 0.988976
vt 0.766211 0.990630
vt 0.169993 0.670545
vt 0.177002 0.670545
vt 0.177220 0.670670
vt 0.177311 0.670972
vt 0.177311 0.680665
vt 0.169993 0.680665
vt 0.690345 0.982145
vt 0.680043 0.982146
vt 0.679980 0.976792
vt 0.690345 0.975136
vt 0.920356 0.019147
vt 0.910193 0.019147
vt 0.910130 0.011742
vt 0.920356 0.009454
vt 0.982427 0.726305
vt 0.983577 0.727899
vt 0.982115 0.714253
vt 0.983267 0.712662
vt 0.920356 0.028840
vt 0.910130 0.026551
vt 0.177311 0.690358
vt 0.177220 0.690660
vt 0.177002 0.690785
vt 0.169993 0.690785
vt 0.162675 0.670972
vt 0.162766 0.670670
vt 0.162984 0.670545
vt 0.162675 0.680665
vt 0.973491 0.726610
vt 0.977913 0.720495
vt 0.982335 0.726610
vt 0.982335 0.714379
vt 0.973491 0.714379
vt 0.766211 0.976612
vt 0.776576 0.978268
vt 0.690345 0.989154
vt 0.679980 0.987500
vt 0.852321 0.904433
vt 0.862521 0.906721
vt 0.679946 0.976572
vt 0.690313 0.974917
vt 0.920335 0.029142
vt 0.910107 0.026854
vt 0.766244 0.976393
vt 0.776610 0.978048
vt 0.910107 0.011440
vt 0.920335 0.009152
vt 0.852344 0.904131
vt 0.862546 0.906418
vt 0.776610 0.989195
vt 0.766244 0.990848
vt 0.690313 0.989372
vt 0.679946 0.987718
vt 0.862546 0.921833
vt 0.852344 0.924121
vt 0.972340 0.728202
vt 0.983486 0.728202
vt 0.983486 0.712787
vt 0.972340 0.712787
vt 0.162984 0.690785
vt 0.162766 0.690660
vt 0.162675 0.690358
vt 0.211576 0.979802
vt 0.211576 0.985613
vt 0.210425 0.987207
vt 0.210425 0.979802
vt 0.216089 0.986044
vt 0.220291 0.986044
vt 0.221443 0.987635
vt 0.216089 0.987635
vt 0.220603 0.979802
vt 0.220603 0.973992
vt 0.221753 0.972398
vt 0.221753 0.979802
vt 0.216089 0.973561
vt 0.211888 0.973561
vt 0.210735 0.971970
vt 0.216089 0.971970
vt 0.794917 0.914125
vt 0.805053 0.914125
vt 0.805116 0.921530
vt 0.794917 0.923818
vt 0.211576 0.973992
vt 0.210425 0.972398
vt 0.211888 0.986044
vt 0.210735 0.987635
vt 0.794914 0.983621
vt 0.805215 0.983622
vt 0.805278 0.988976
vt 0.794914 0.990630
vt 0.437680 0.672665
vt 0.444689 0.672665
vt 0.444907 0.672791
vt 0.444998 0.673093
vt 0.444998 0.682786
vt 0.437680 0.682786
vt 0.622406 0.983356
vt 0.612104 0.983357
vt 0.612041 0.978003
vt 0.622406 0.976347
vt 0.172924 0.910552
vt 0.162761 0.910552
vt 0.162697 0.903148
vt 0.172924 0.900859
vt 0.220603 0.985613
vt 0.221753 0.987207
vt 0.220291 0.973561
vt 0.221443 0.971970
vt 0.172924 0.920245
vt 0.162697 0.917956
vt 0.444998 0.692478
vt 0.444907 0.692781
vt 0.444689 0.692906
vt 0.437680 0.692906
vt 0.430362 0.673093
vt 0.430453 0.672791
vt 0.430671 0.672665
vt 0.430362 0.682786
vt 0.211667 0.985918
vt 0.216089 0.979802
vt 0.220511 0.985918
vt 0.220511 0.973687
vt 0.211667 0.973687
vt 0.794914 0.976612
vt 0.805278 0.978268
vt 0.622406 0.990365
vt 0.612041 0.988711
vt 0.794917 0.904433
vt 0.805116 0.906721
vt 0.612007 0.977784
vt 0.622374 0.976129
vt 0.172903 0.920547
vt 0.162675 0.918260
vt 0.794946 0.976393
vt 0.805312 0.978048
vt 0.162675 0.902845
vt 0.172903 0.900557
vt 0.794940 0.904130
vt 0.805141 0.906418
vt 0.805312 0.989195
vt 0.794946 0.990848
vt 0.622374 0.990583
vt 0.612007 0.988930
vt 0.805141 0.921833
vt 0.794940 0.924120
vt 0.210516 0.987510
vt 0.221662 0.987510
vt 0.221662 0.972095
vt 0.210516 0.972095
vt 0.430671 0.692906
vt 0.430453 0.692781
vt 0.430362 0.692478
vt 0.977351 0.178618
vt 0.977351 0.184428
vt 0.976201 0.186022
vt 0.976201 0.178618
vt 0.981865 0.184859
vt 0.986066 0.184859
vt 0.987219 0.186450
vt 0.981865 0.186450
vt 0.986378 0.178617
vt 0.986378 0.172807
vt 0.987529 0.171213
vt 0.987529 0.178617
vt 0.981865 0.172376
vt 0.977663 0.172376
vt 0.976511 0.170785
vt 0.981865 0.170785
vt 0.747734 0.914125
vt 0.737597 0.914125
vt 0.737534 0.906721
vt 0.747734 0.904433
vt 0.977351 0.172807
vt 0.976201 0.171213
vt 0.977663 0.184859
vt 0.976511 0.186450
vt 0.823616 0.983621
vt 0.833917 0.983622
vt 0.833980 0.988976
vt 0.823616 0.990630
vt 0.687162 0.170785
vt 0.694171 0.170785
vt 0.694389 0.170910
vt 0.694480 0.171212
vt 0.694480 0.180905
vt 0.687162 0.180905
vt 0.842729 0.378189
vt 0.832428 0.378190
vt 0.832364 0.372836
vt 0.842729 0.371180
vt 0.909250 0.645068
vt 0.899087 0.645068
vt 0.899024 0.637664
vt 0.909250 0.635375
vt 0.986378 0.184428
vt 0.987529 0.186022
vt 0.986066 0.172376
vt 0.987219 0.170785
vt 0.909250 0.654761
vt 0.899024 0.652472
vt 0.694480 0.190598
vt 0.694389 0.190900
vt 0.694171 0.191025
vt 0.687162 0.191025
vt 0.679844 0.171212
vt 0.679935 0.170910
vt 0.680153 0.170785
vt 0.679844 0.180905
vt 0.977443 0.184733
vt 0.981865 0.178618
vt 0.986287 0.184733
vt 0.986287 0.172502
vt 0.977443 0.172502
vt 0.823616 0.976612
vt 0.833980 0.978268
vt 0.842729 0.385198
vt 0.832364 0.383544
vt 0.747734 0.923818
vt 0.737534 0.921530
vt 0.832331 0.372616
vt 0.842697 0.370962
vt 0.909229 0.655063
vt 0.899001 0.652775
vt 0.823648 0.976393
vt 0.834014 0.978048
vt 0.899001 0.637361
vt 0.909229 0.635073
vt 0.747711 0.924120
vt 0.737509 0.921833
vt 0.834014 0.989195
vt 0.823648 0.990848
vt 0.842697 0.385416
vt 0.832331 0.383763
vt 0.737509 0.906418
vt 0.747711 0.904130
vt 0.976292 0.186325
vt 0.987438 0.186325
vt 0.987438 0.170910
vt 0.976292 0.170910
vt 0.680153 0.191025
vt 0.679935 0.190900
vt 0.679844 0.190598
vt 0.940435 0.979902
vt 0.940435 0.985712
vt 0.939285 0.987306
vt 0.939285 0.979902
vt 0.944949 0.986144
vt 0.949150 0.986144
vt 0.950303 0.987735
vt 0.944949 0.987735
vt 0.949462 0.979902
vt 0.949462 0.974092
vt 0.950612 0.972498
vt 0.950612 0.979902
vt 0.944949 0.973660
vt 0.940747 0.973660
vt 0.939595 0.972069
vt 0.944949 0.972069
vt 0.881022 0.914126
vt 0.891159 0.914126
vt 0.891222 0.921530
vt 0.881022 0.923818
vt 0.940435 0.974092
vt 0.939285 0.972498
vt 0.940747 0.986144
vt 0.939595 0.987735
vt 0.430362 0.982168
vt 0.440664 0.982169
vt 0.440727 0.987523
vt 0.430362 0.989177
vt 0.476224 0.672665
vt 0.483233 0.672665
vt 0.483451 0.672791
vt 0.483542 0.673093
vt 0.483542 0.682786
vt 0.476224 0.682786
vt 0.699219 0.378189
vt 0.688917 0.378190
vt 0.688854 0.372836
vt 0.699219 0.371180
vt 0.210425 0.909702
vt 0.220588 0.909702
vt 0.220652 0.917106
vt 0.210425 0.919394
vt 0.949462 0.985712
vt 0.950613 0.987306
vt 0.949150 0.973660
vt 0.950303 0.972069
vt 0.210425 0.900009
vt 0.220652 0.902297
vt 0.483542 0.692478
vt 0.483451 0.692781
vt 0.483233 0.692906
vt 0.476224 0.692906
vt 0.468906 0.673093
vt 0.468997 0.672791
vt 0.469215 0.672665
vt 0.468906 0.682786
vt 0.940527 0.986018
vt 0.944949 0.979902
vt 0.949371 0.986018
vt 0.949371 0.973787
vt 0.940527 0.973787
vt 0.430362 0.975160
vt 0.440727 0.976815
vt 0.699219 0.385198
vt 0.688854 0.383544
vt 0.881022 0.904433
vt 0.891222 0.906721
vt 0.688821 0.372617
vt 0.699187 0.370962
vt 0.210446 0.899706
vt 0.220674 0.901994
vt 0.430394 0.974941
vt 0.440760 0.976596
vt 0.220674 0.917409
vt 0.210446 0.919697
vt 0.881046 0.904131
vt 0.891247 0.906418
vt 0.440760 0.987742
vt 0.430394 0.989395
vt 0.699187 0.385416
vt 0.688821 0.383763
vt 0.891247 0.921833
vt 0.881046 0.924121
vt 0.939376 0.987609
vt 0.950522 0.987609
vt 0.950522 0.972195
vt 0.939376 0.972195
vt 0.469215 0.692906
vt 0.468997 0.692781
vt 0.468906 0.692478
vt 0.977351 0.233779
vt 0.977351 0.239589
vt 0.976201 0.241183
vt 0.976201 0.233779
vt 0.981865 0.240021
vt 0.986066 0.240021
vt 0.987219 0.241612
vt 0.981865 0.241612
vt 0.986378 0.233779
vt 0.986378 0.227968
vt 0.987529 0.226375
vt 0.987529 0.233779
vt 0.981865 0.227537
vt 0.977663 0.227537
vt 0.976511 0.225946
vt 0.981865 0.225946
vt 0.719032 0.914125
vt 0.708895 0.914125
vt 0.708832 0.906721
vt 0.719032 0.904433
vt 0.977351 0.227968
vt 0.976201 0.226375
vt 0.977663 0.240021
vt 0.976511 0.241612
vt 0.852321 0.983621
vt 0.862623 0.983622
vt 0.862686 0.988976
vt 0.852321 0.990630
vt 0.102703 0.670664
vt 0.109712 0.670664
vt 0.109931 0.670789
vt 0.110021 0.671091
vt 0.110021 0.680784
vt 0.102703 0.680784
vt 0.727921 0.378189
vt 0.717619 0.378190
vt 0.717556 0.372836
vt 0.727921 0.371180
vt 0.239131 0.909702
vt 0.249294 0.909702
vt 0.249357 0.917106
vt 0.239131 0.919394
vt 0.986378 0.239589
vt 0.987529 0.241183
vt 0.986066 0.227537
vt 0.987219 0.225946
vt 0.239131 0.900009
vt 0.249357 0.902297
vt 0.110021 0.690477
vt 0.109931 0.690779
vt 0.109712 0.690904
vt 0.102704 0.690904
vt 0.095386 0.671091
vt 0.095476 0.670789
vt 0.095695 0.670664
vt 0.095386 0.680784
vt 0.977443 0.239894
vt 0.981865 0.233779
vt 0.986287 0.239894
vt 0.986287 0.227663
vt 0.977443 0.227663
vt 0.852321 0.976613
vt 0.862686 0.978268
vt 0.727921 0.385198
vt 0.717556 0.383544
vt 0.719032 0.923818
vt 0.708832 0.921530
vt 0.717523 0.372616
vt 0.727889 0.370962
vt 0.239152 0.899706
vt 0.249379 0.901994
vt 0.852353 0.976394
vt 0.862719 0.978049
vt 0.249379 0.917409
vt 0.239152 0.919697
vt 0.719009 0.924120
vt 0.708807 0.921833
vt 0.862719 0.989195
vt 0.852353 0.990848
vt 0.727889 0.385416
vt 0.717523 0.383763
vt 0.708807 0.906418
vt 0.719009 0.904130
vt 0.976292 0.241486
vt 0.987438 0.241486
vt 0.987438 0.226072
vt 0.976292 0.226072
vt 0.095695 0.690904
vt 0.095476 0.690779
vt 0.095386 0.690477
vt 0.130505 0.946803
vt 0.130505 0.952613
vt 0.129355 0.954207
vt 0.129355 0.946803
vt 0.135019 0.953045
vt 0.139220 0.953045
vt 0.140373 0.954636
vt 0.135019 0.954636
vt 0.139532 0.946803
vt 0.139532 0.940992
vt 0.140683 0.939398
vt 0.140683 0.946803
vt 0.135019 0.940561
vt 0.130817 0.940561
vt 0.129665 0.938970
vt 0.135019 0.938970
vt 0.105610 0.910671
vt 0.095474 0.910671
vt 0.095411 0.903267
vt 0.105610 0.900978
vt 0.130505 0.940992
vt 0.129355 0.939398
vt 0.130817 0.953045
vt 0.129665 0.954636
vt 0.459064 0.982168
vt 0.469366 0.982169
vt 0.469429 0.987523
vt 0.459064 0.989177
vt 0.404741 0.598256
vt 0.411749 0.598256
vt 0.411968 0.598381
vt 0.412058 0.598683
vt 0.412058 0.608376
vt 0.404741 0.608376
vt 0.656375 0.983356
vt 0.646073 0.983357
vt 0.646010 0.978003
vt 0.656375 0.976347
vt 0.919972 0.760951
vt 0.909810 0.760951
vt 0.909746 0.753546
vt 0.919972 0.751258
vt 0.139532 0.952613
vt 0.140683 0.954207
vt 0.139220 0.940561
vt 0.140373 0.938970
vt 0.919972 0.770644
vt 0.909746 0.768355
vt 0.412058 0.618069
vt 0.411968 0.618371
vt 0.411749 0.618496
vt 0.404741 0.618496
vt 0.397423 0.598683
vt 0.397513 0.598381
vt 0.397732 0.598256
vt 0.397423 0.608376
vt 0.130597 0.952918
vt 0.135019 0.946803
vt 0.139441 0.952918
vt 0.139441 0.940687
vt 0.130597 0.940687
vt 0.459064 0.975160
vt 0.469429 0.976815
vt 0.656375 0.990365
vt 0.646010 0.988711
vt 0.105610 0.920364
vt 0.095411 0.918076
vt 0.645977 0.977783
vt 0.656343 0.976129
vt 0.919952 0.770946
vt 0.909724 0.768658
vt 0.459096 0.974941
vt 0.469462 0.976596
vt 0.909724 0.753243
vt 0.919952 0.750956
vt 0.105587 0.920666
vt 0.095386 0.918379
vt 0.469462 0.987742
vt 0.459096 0.989395
vt 0.656343 0.990583
vt 0.645977 0.988930
vt 0.095386 0.902964
vt 0.105587 0.900676
vt 0.129446 0.954510
vt 0.140592 0.954510
vt 0.140592 0.939095
vt 0.129446 0.939095
vt 0.397732 0.618496
vt 0.397513 0.618371
vt 0.397423 0.618069
vt 0.939843 0.835376
vt 0.939843 0.841186
vt 0.938252 0.842780
vt 0.938252 0.835376
vt 0.946085 0.841618
vt 0.951895 0.841618
vt 0.953489 0.843209
vt 0.946085 0.843209
vt 0.952327 0.835376
vt 0.952327 0.829566
vt 0.953918 0.827972
vt 0.953918 0.835376
vt 0.946085 0.829134
vt 0.940274 0.829134
vt 0.938680 0.827543
vt 0.946085 0.827543
vt 0.307056 0.868059
vt 0.317357 0.868059
vt 0.317420 0.875463
vt 0.307056 0.877751
vt 0.939843 0.829566
vt 0.938252 0.827972
vt 0.940274 0.841618
vt 0.938680 0.843209
vt 0.813129 0.414555
vt 0.823431 0.414555
vt 0.823494 0.421960
vt 0.813129 0.424247
vt 0.220546 0.631150
vt 0.230238 0.631150
vt 0.230541 0.631275
vt 0.230666 0.631577
vt 0.230666 0.641270
vt 0.220546 0.641270
vt 0.891424 0.722657
vt 0.881122 0.722658
vt 0.881059 0.715254
vt 0.891424 0.712964
vt 0.765891 0.452925
vt 0.755583 0.452925
vt 0.755519 0.445521
vt 0.765891 0.443232
vt 0.952327 0.841186
vt 0.953918 0.842780
vt 0.951895 0.829134
vt 0.953489 0.827543
vt 0.765891 0.462618
vt 0.755519 0.460329
vt 0.230666 0.650963
vt 0.230541 0.651265
vt 0.230238 0.651390
vt 0.220546 0.651390
vt 0.210425 0.631577
vt 0.210551 0.631275
vt 0.210853 0.631150
vt 0.210425 0.641270
vt 0.939969 0.841491
vt 0.946085 0.835376
vt 0.952200 0.841491
vt 0.952200 0.829261
vt 0.939969 0.829261
vt 0.813129 0.404862
vt 0.823494 0.407151
vt 0.891424 0.732350
vt 0.881059 0.730062
vt 0.307056 0.858366
vt 0.317420 0.860654
vt 0.881025 0.714950
vt 0.891392 0.712662
vt 0.765862 0.462920
vt 0.755489 0.460632
vt 0.813161 0.404559
vt 0.823527 0.406848
vt 0.755489 0.445218
vt 0.765862 0.442930
vt 0.307089 0.858064
vt 0.317454 0.860351
vt 0.823527 0.422262
vt 0.813161 0.424549
vt 0.891392 0.732652
vt 0.881025 0.730365
vt 0.317454 0.875766
vt 0.307089 0.878054
vt 0.938377 0.843083
vt 0.953792 0.843083
vt 0.953792 0.827669
vt 0.938377 0.827669
vt 0.210853 0.651390
vt 0.210551 0.651265
vt 0.210425 0.650963
vt 0.946109 0.752547
vt 0.940298 0.752547
vt 0.938704 0.750956
vt 0.946109 0.750956
vt 0.939867 0.758788
vt 0.939867 0.764599
vt 0.938276 0.766193
vt 0.938276 0.758789
vt 0.946109 0.765030
vt 0.951919 0.765030
vt 0.953513 0.766621
vt 0.946109 0.766621
vt 0.952351 0.758788
vt 0.952351 0.752978
vt 0.953942 0.751384
vt 0.953942 0.758789
vt 0.880698 0.452925
vt 0.870397 0.452925
vt 0.870334 0.445521
vt 0.880698 0.443232
vt 0.951919 0.752547
vt 0.953513 0.750956
vt 0.939867 0.752978
vt 0.938276 0.751384
vt 0.881405 0.019147
vt 0.891707 0.019148
vt 0.891770 0.026552
vt 0.881405 0.028840
vt 0.172795 0.632001
vt 0.182488 0.632001
vt 0.182790 0.632126
vt 0.182915 0.632428
vt 0.182915 0.642121
vt 0.172795 0.642121
vt 0.834017 0.760951
vt 0.823715 0.760952
vt 0.823652 0.753547
vt 0.834017 0.751258
vt 0.765891 0.491643
vt 0.755583 0.491643
vt 0.755519 0.484238
vt 0.765891 0.481950
vt 0.940298 0.765030
vt 0.938704 0.766621
vt 0.952351 0.764599
vt 0.953942 0.766193
vt 0.765891 0.501335
vt 0.755519 0.499047
vt 0.182915 0.651814
vt 0.182790 0.652116
vt 0.182488 0.652241
vt 0.172795 0.652241
vt 0.162675 0.632428
vt 0.162800 0.632126
vt 0.163103 0.632001
vt 0.162675 0.642121
vt 0.939993 0.752673
vt 0.946109 0.758788
vt 0.939993 0.764904
vt 0.952224 0.764904
vt 0.952224 0.752673
vt 0.881405 0.009454
vt 0.891770 0.011743
vt 0.834017 0.770644
vt 0.823652 0.768356
vt 0.880698 0.462618
vt 0.870334 0.460329
vt 0.823618 0.753244
vt 0.833984 0.750956
vt 0.765862 0.501638
vt 0.755489 0.499350
vt 0.881437 0.009152
vt 0.891804 0.011440
vt 0.755489 0.483935
vt 0.765862 0.481648
vt 0.880665 0.462920
vt 0.870300 0.460632
vt 0.891804 0.026855
vt 0.881437 0.029142
vt 0.833984 0.770946
vt 0.823618 0.768659
vt 0.870300 0.445218
vt 0.880665 0.442930
vt 0.938401 0.751081
vt 0.938401 0.766496
vt 0.953816 0.766496
vt 0.953816 0.751081
vt 0.163103 0.652241
vt 0.162800 0.652116
vt 0.162675 0.651814
vt 0.585871 0.943960
vt 0.580060 0.943960
vt 0.578466 0.942369
vt 0.585871 0.942369
vt 0.579629 0.950202
vt 0.579629 0.956012
vt 0.578038 0.957606
vt 0.578038 0.950202
vt 0.585871 0.956443
vt 0.591681 0.956443
vt 0.593275 0.958035
vt 0.585871 0.958035
vt 0.592113 0.950202
vt 0.592113 0.944391
vt 0.593704 0.942797
vt 0.593704 0.950202
vt 0.885002 0.235941
vt 0.895303 0.235941
vt 0.895366 0.243345
vt 0.885002 0.245634
vt 0.591681 0.943960
vt 0.593275 0.942369
vt 0.579629 0.944391
vt 0.578038 0.942797
vt 0.884960 0.342413
vt 0.895262 0.342413
vt 0.895325 0.349818
vt 0.884960 0.352106
vt 0.105506 0.632120
vt 0.115199 0.632120
vt 0.115501 0.632245
vt 0.115626 0.632547
vt 0.115626 0.642240
vt 0.105506 0.642240
vt 0.834017 0.799245
vt 0.823715 0.799245
vt 0.823652 0.791841
vt 0.834017 0.789552
vt 0.095386 0.719203
vt 0.105694 0.719203
vt 0.105757 0.726607
vt 0.095386 0.728896
vt 0.580060 0.956444
vt 0.578466 0.958035
vt 0.592113 0.956012
vt 0.593704 0.957606
vt 0.095386 0.709510
vt 0.105757 0.711798
vt 0.115626 0.651933
vt 0.115501 0.652235
vt 0.115199 0.652360
vt 0.105506 0.652360
vt 0.095386 0.632547
vt 0.095511 0.632245
vt 0.095813 0.632120
vt 0.095386 0.642240
vt 0.579755 0.944086
vt 0.585871 0.950202
vt 0.579755 0.956317
vt 0.591986 0.956317
vt 0.591986 0.944086
vt 0.884960 0.332720
vt 0.895325 0.335009
vt 0.834017 0.808937
vt 0.823652 0.806650
vt 0.885002 0.226248
vt 0.895366 0.228537
vt 0.823618 0.791538
vt 0.833984 0.789249
vt 0.095414 0.709208
vt 0.105787 0.711496
vt 0.884992 0.332418
vt 0.895358 0.334706
vt 0.105787 0.726910
vt 0.095414 0.729198
vt 0.885035 0.225946
vt 0.895400 0.228234
vt 0.895358 0.350121
vt 0.884992 0.352408
vt 0.833984 0.809239
vt 0.823618 0.806952
vt 0.895400 0.243648
vt 0.885035 0.245936
vt 0.578164 0.942494
vt 0.578164 0.957909
vt 0.593578 0.957909
vt 0.593578 0.942494
vt 0.095813 0.652360
vt 0.095511 0.652235
vt 0.095386 0.651933
vt 0.946112 0.675959
vt 0.940302 0.675959
vt 0.938708 0.674368
vt 0.946112 0.674368
vt 0.939870 0.682201
vt 0.939870 0.688011
vt 0.938279 0.689605
vt 0.938279 0.682201
vt 0.946112 0.688443
vt 0.951922 0.688443
vt 0.953516 0.690034
vt 0.946112 0.690034
vt 0.952354 0.682201
vt 0.952354 0.676391
vt 0.953945 0.674797
vt 0.953945 0.682201
vt 0.880698 0.491219
vt 0.870397 0.491219
vt 0.870334 0.483814
vt 0.880698 0.481526
vt 0.951922 0.675959
vt 0.953516 0.674368
vt 0.939870 0.676391
vt 0.938279 0.674797
vt 0.679664 0.761028
vt 0.689966 0.761028
vt 0.690029 0.768433
vt 0.679664 0.770721
vt 0.669654 0.443104
vt 0.679347 0.443104
vt 0.679649 0.443229
vt 0.679775 0.443531
vt 0.679775 0.453224
vt 0.669654 0.453224
vt 0.554301 0.882276
vt 0.543999 0.882277
vt 0.543936 0.874872
vt 0.554301 0.872583
vt 0.747914 0.722657
vt 0.737606 0.722657
vt 0.737543 0.715253
vt 0.747914 0.712964
vt 0.940302 0.688443
vt 0.938708 0.690034
vt 0.952354 0.688011
vt 0.953945 0.689605
vt 0.747914 0.732350
vt 0.737543 0.730061
vt 0.679775 0.462917
vt 0.679649 0.463219
vt 0.679347 0.463344
vt 0.669654 0.463344
vt 0.659534 0.443531
vt 0.659660 0.443229
vt 0.659962 0.443104
vt 0.659534 0.453224
vt 0.939996 0.676086
vt 0.946112 0.682201
vt 0.939996 0.688317
vt 0.952227 0.688317
vt 0.952227 0.676086
vt 0.679664 0.751335
vt 0.690029 0.753624
vt 0.554301 0.891969
vt 0.543936 0.889681
vt 0.880698 0.500911
vt 0.870334 0.498623
vt 0.543902 0.874569
vt 0.554268 0.872281
vt 0.747886 0.732652
vt 0.737513 0.730364
vt 0.679696 0.751033
vt 0.690062 0.753321
vt 0.737513 0.714950
vt 0.747886 0.712662
vt 0.880665 0.501214
vt 0.870300 0.498926
vt 0.690062 0.768736
vt 0.679696 0.771023
vt 0.554268 0.892271
vt 0.543902 0.889984
vt 0.870300 0.483511
vt 0.880665 0.481224
vt 0.938405 0.674494
vt 0.938405 0.689908
vt 0.953819 0.689908
vt 0.953819 0.674494
vt 0.659962 0.463344
vt 0.659660 0.463219
vt 0.659534 0.462917
vt 0.952133 0.057323
vt 0.946323 0.057323
vt 0.944729 0.055732
vt 0.952133 0.055732
vt 0.945892 0.063565
vt 0.945892 0.069375
vt 0.944301 0.070969
vt 0.944301 0.063565
vt 0.952133 0.069807
vt 0.957944 0.069807
vt 0.959538 0.071398
vt 0.952133 0.071398
vt 0.958375 0.063565
vt 0.958375 0.057754
vt 0.959966 0.056161
vt 0.959966 0.063565
vt 0.880698 0.529936
vt 0.870397 0.529936
vt 0.870334 0.522532
vt 0.880698 0.520244
vt 0.957944 0.057323
vt 0.959538 0.055732
vt 0.945892 0.057754
vt 0.944301 0.056161
vt 0.823622 0.684363
vt 0.833924 0.684364
vt 0.833987 0.691769
vt 0.823622 0.694056
vt 0.019272 0.633007
vt 0.028965 0.633007
vt 0.029267 0.633132
vt 0.029392 0.633434
vt 0.029392 0.643127
vt 0.019272 0.643127
vt 0.407821 0.876885
vt 0.397519 0.876886
vt 0.397456 0.869481
vt 0.407821 0.867192
vt 0.748295 0.019147
vt 0.737987 0.019147
vt 0.737923 0.011742
vt 0.748295 0.009454
vt 0.946323 0.069807
vt 0.944729 0.071398
vt 0.958375 0.069375
vt 0.959966 0.070969
vt 0.748295 0.028840
vt 0.737923 0.026551
vt 0.029392 0.652820
vt 0.029267 0.653122
vt 0.028965 0.653247
vt 0.019272 0.653247
vt 0.009152 0.633434
vt 0.009277 0.633132
vt 0.009579 0.633007
vt 0.009152 0.643127
vt 0.946018 0.057449
vt 0.952133 0.063565
vt 0.946018 0.069680
vt 0.958249 0.069680
vt 0.958249 0.057449
vt 0.823622 0.674671
vt 0.833987 0.676960
vt 0.407821 0.886578
vt 0.397456 0.884290
vt 0.880698 0.539629
vt 0.870334 0.537341
vt 0.397423 0.869178
vt 0.407789 0.866890
vt 0.748266 0.029142
vt 0.737893 0.026854
vt 0.823654 0.674368
vt 0.834020 0.676657
vt 0.737893 0.011440
vt 0.748266 0.009152
vt 0.880665 0.539931
vt 0.870300 0.537644
vt 0.834020 0.692071
vt 0.823654 0.694358
vt 0.407789 0.886880
vt 0.397423 0.884593
vt 0.870300 0.522229
vt 0.880665 0.519941
vt 0.944426 0.055858
vt 0.944426 0.071272
vt 0.959841 0.071272
vt 0.959841 0.055858
vt 0.009579 0.653247
vt 0.009277 0.653122
vt 0.009152 0.652820
vt 0.939867 0.797082
vt 0.939867 0.802893
vt 0.938276 0.804487
vt 0.938276 0.797082
vt 0.946109 0.803324
vt 0.951919 0.803324
vt 0.953513 0.804915
vt 0.946109 0.804915
vt 0.952351 0.797082
vt 0.952351 0.791272
vt 0.953942 0.789678
vt 0.953942 0.797082
vt 0.946109 0.790840
vt 0.940298 0.790840
vt 0.938704 0.789249
vt 0.946109 0.789249
vt 0.880698 0.568481
vt 0.870397 0.568481
vt 0.870334 0.561076
vt 0.880698 0.558788
vt 0.939867 0.791272
vt 0.938276 0.789678
vt 0.940298 0.803324
vt 0.938704 0.804915
vt 0.611152 0.761028
vt 0.621453 0.761029
vt 0.621516 0.768433
vt 0.611152 0.770721
vt 0.669654 0.597280
vt 0.679347 0.597280
vt 0.679649 0.597405
vt 0.679775 0.597707
vt 0.679775 0.607400
vt 0.669654 0.607400
vt 0.896882 0.274485
vt 0.886580 0.274486
vt 0.886517 0.267082
vt 0.896882 0.264793
vt 0.134493 0.719203
vt 0.124185 0.719203
vt 0.124121 0.711798
vt 0.134493 0.709510
vt 0.952351 0.802893
vt 0.953942 0.804487
vt 0.951919 0.790840
vt 0.953513 0.789249
vt 0.134493 0.728896
vt 0.124121 0.726607
vt 0.679775 0.617093
vt 0.679649 0.617395
vt 0.679347 0.617520
vt 0.669654 0.617520
vt 0.659534 0.597708
vt 0.659659 0.597405
vt 0.659962 0.597280
vt 0.659534 0.607400
vt 0.939993 0.803198
vt 0.946109 0.797082
vt 0.952224 0.803198
vt 0.952224 0.790967
vt 0.939993 0.790967
vt 0.611152 0.751335
vt 0.621516 0.753624
vt 0.896882 0.284178
vt 0.886517 0.281890
vt 0.880698 0.578173
vt 0.870334 0.575885
vt 0.886483 0.266779
vt 0.896850 0.264490
vt 0.134464 0.729198
vt 0.124091 0.726910
vt 0.611184 0.751033
vt 0.621550 0.753321
vt 0.124091 0.711496
vt 0.134464 0.709208
vt 0.880665 0.578476
vt 0.870300 0.576188
vt 0.621550 0.768736
vt 0.611184 0.771023
vt 0.896850 0.284480
vt 0.886483 0.282193
vt 0.870300 0.560773
vt 0.880665 0.558486
vt 0.938401 0.804790
vt 0.953816 0.804790
vt 0.953816 0.789375
vt 0.938401 0.789375
vt 0.659962 0.617520
vt 0.659659 0.617395
vt 0.659534 0.617093
vt 0.853912 0.950257
vt 0.853912 0.956068
vt 0.852321 0.957662
vt 0.852321 0.950257
vt 0.860154 0.956499
vt 0.865964 0.956499
vt 0.867558 0.958090
vt 0.860154 0.958090
vt 0.866396 0.950257
vt 0.866396 0.944447
vt 0.867987 0.942853
vt 0.867987 0.950257
vt 0.860154 0.944015
vt 0.854343 0.944015
vt 0.852749 0.942424
vt 0.860154 0.942424
vt 0.747910 0.760951
vt 0.737610 0.760951
vt 0.737547 0.753546
vt 0.747910 0.751258
vt 0.853912 0.944447
vt 0.852321 0.942853
vt 0.854343 0.956499
vt 0.852749 0.958090
vt 0.509933 0.770744
vt 0.520234 0.770744
vt 0.520297 0.778149
vt 0.509933 0.780437
vt 0.057816 0.632457
vt 0.067509 0.632457
vt 0.067811 0.632582
vt 0.067936 0.632884
vt 0.067936 0.642577
vt 0.057816 0.642577
vt 0.891420 0.760951
vt 0.881118 0.760952
vt 0.881055 0.753547
vt 0.891420 0.751258
vt 0.751849 0.342413
vt 0.741541 0.342413
vt 0.741477 0.335008
vt 0.751849 0.332720
vt 0.866396 0.956068
vt 0.867987 0.957662
vt 0.865964 0.944015
vt 0.867558 0.942424
vt 0.751849 0.352105
vt 0.741477 0.349817
vt 0.067936 0.652270
vt 0.067811 0.652572
vt 0.067509 0.652697
vt 0.057816 0.652697
vt 0.047696 0.632884
vt 0.047821 0.632582
vt 0.048123 0.632457
vt 0.047696 0.642577
vt 0.854038 0.956373
vt 0.860154 0.950257
vt 0.866269 0.956373
vt 0.866269 0.944142
vt 0.854038 0.944142
vt 0.509933 0.761051
vt 0.520297 0.763340
vt 0.891420 0.770644
vt 0.881055 0.768356
vt 0.747910 0.770644
vt 0.737547 0.768355
vt 0.881021 0.753244
vt 0.891388 0.750956
vt 0.751820 0.352408
vt 0.741447 0.350120
vt 0.509965 0.760749
vt 0.520331 0.763037
vt 0.741447 0.334705
vt 0.751820 0.332417
vt 0.747878 0.770946
vt 0.737513 0.768658
vt 0.520331 0.778452
vt 0.509965 0.780738
vt 0.891388 0.770946
vt 0.881021 0.768659
vt 0.737513 0.753243
vt 0.747878 0.750956
vt 0.852446 0.957964
vt 0.867861 0.957964
vt 0.867861 0.942550
vt 0.852446 0.942550
vt 0.048123 0.652697
vt 0.047821 0.652572
vt 0.047696 0.652270
vt 0.900365 0.950257
vt 0.900365 0.944447
vt 0.901956 0.942853
vt 0.901956 0.950257
vt 0.894123 0.944015
vt 0.888313 0.944015
vt 0.886719 0.942424
vt 0.894123 0.942424
vt 0.887881 0.950257
vt 0.887881 0.956068
vt 0.886290 0.957662
vt 0.886290 0.950257
vt 0.894123 0.956499
vt 0.899934 0.956499
vt 0.901528 0.958090
vt 0.894123 0.958090
vt 0.886485 0.065727
vt 0.896785 0.065727
vt 0.896848 0.073131
vt 0.886485 0.075420
vt 0.900365 0.956068
vt 0.901956 0.957662
vt 0.899934 0.944015
vt 0.901528 0.942424
vt 0.766218 0.684363
vt 0.776520 0.684364
vt 0.776583 0.691769
vt 0.766218 0.694056
vt 0.612835 0.332418
vt 0.622527 0.332418
vt 0.622830 0.332543
vt 0.622955 0.332845
vt 0.622955 0.342538
vt 0.612835 0.342538
vt 0.278911 0.871344
vt 0.268609 0.871345
vt 0.268546 0.863941
vt 0.278911 0.861652
vt 0.741489 0.180780
vt 0.751797 0.180780
vt 0.751860 0.188184
vt 0.741489 0.190472
vt 0.887881 0.944447
vt 0.886290 0.942853
vt 0.888313 0.956499
vt 0.886719 0.958090
vt 0.741489 0.171087
vt 0.751860 0.173375
vt 0.622955 0.352231
vt 0.622830 0.352533
vt 0.622527 0.352658
vt 0.612835 0.352658
vt 0.602714 0.332845
vt 0.602840 0.332543
vt 0.603142 0.332418
vt 0.602714 0.342538
vt 0.900239 0.944142
vt 0.894123 0.950257
vt 0.888008 0.944142
vt 0.888008 0.956373
vt 0.900239 0.956373
vt 0.766218 0.674671
vt 0.776583 0.676960
vt 0.278911 0.881037
vt 0.268546 0.878749
vt 0.886485 0.056034
vt 0.896848 0.058323
vt 0.268512 0.863638
vt 0.278879 0.861349
vt 0.741518 0.170785
vt 0.751891 0.173072
vt 0.766250 0.674368
vt 0.776616 0.676657
vt 0.751891 0.188487
vt 0.741518 0.190775
vt 0.886517 0.055732
vt 0.896882 0.058020
vt 0.776616 0.692071
vt 0.766250 0.694358
vt 0.278879 0.881339
vt 0.268512 0.879052
vt 0.896882 0.073434
vt 0.886517 0.075722
vt 0.901830 0.942550
vt 0.886416 0.942550
vt 0.886416 0.957965
vt 0.901830 0.957965
vt 0.603142 0.352658
vt 0.602840 0.352533
vt 0.602714 0.352231
vt 0.400408 0.944726
vt 0.394598 0.944726
vt 0.393004 0.943135
vt 0.400408 0.943135
vt 0.394167 0.950968
vt 0.394167 0.956778
vt 0.392576 0.958372
vt 0.392576 0.950968
vt 0.400408 0.957210
vt 0.406219 0.957210
vt 0.407813 0.958801
vt 0.400408 0.958801
vt 0.406650 0.950968
vt 0.406650 0.945157
vt 0.408241 0.943564
vt 0.408241 0.950968
vt 0.870300 0.606774
vt 0.880601 0.606774
vt 0.880663 0.614179
vt 0.870300 0.616467
vt 0.406219 0.944726
vt 0.407813 0.943135
vt 0.394167 0.945157
vt 0.392576 0.943564
vt 0.823622 0.722657
vt 0.833924 0.722658
vt 0.833987 0.730062
vt 0.823622 0.732350
vt 0.669654 0.635824
vt 0.679347 0.635824
vt 0.679649 0.635949
vt 0.679775 0.636252
vt 0.679775 0.645944
vt 0.669654 0.645944
vt 0.834400 0.019147
vt 0.824098 0.019148
vt 0.824035 0.011743
vt 0.834400 0.009454
vt 0.751891 0.235941
vt 0.741583 0.235941
vt 0.741519 0.228537
vt 0.751891 0.226248
vt 0.394598 0.957210
vt 0.393004 0.958801
vt 0.406650 0.956778
vt 0.408241 0.958372
vt 0.751891 0.245634
vt 0.741519 0.243345
vt 0.679775 0.655637
vt 0.679649 0.655939
vt 0.679347 0.656065
vt 0.669654 0.656065
vt 0.659534 0.636252
vt 0.659659 0.635949
vt 0.659962 0.635824
vt 0.659534 0.645944
vt 0.394293 0.944852
vt 0.400408 0.950968
vt 0.394293 0.957083
vt 0.406524 0.957083
vt 0.406524 0.944852
vt 0.823622 0.712964
vt 0.833987 0.715253
vt 0.834400 0.028840
vt 0.824035 0.026552
vt 0.870300 0.597081
vt 0.880663 0.599370
vt 0.824002 0.011440
vt 0.834368 0.009152
vt 0.751862 0.245936
vt 0.741489 0.243648
vt 0.823654 0.712662
vt 0.834020 0.714950
vt 0.741489 0.228234
vt 0.751862 0.225946
vt 0.870332 0.596779
vt 0.880697 0.599067
vt 0.834020 0.730365
vt 0.823654 0.732652
vt 0.834368 0.029142
vt 0.824002 0.026855
vt 0.880697 0.614482
vt 0.870332 0.616769
vt 0.392701 0.943261
vt 0.392701 0.958675
vt 0.408116 0.958675
vt 0.408116 0.943261
vt 0.659962 0.656065
vt 0.659659 0.655939
vt 0.659534 0.655637
vt 0.921166 0.109125
vt 0.921166 0.114936
vt 0.919576 0.116530
vt 0.919576 0.109125
vt 0.927408 0.115367
vt 0.933219 0.115367
vt 0.934813 0.116958
vt 0.927408 0.116958
vt 0.933650 0.109125
vt 0.933650 0.103315
vt 0.935241 0.101721
vt 0.935241 0.109125
vt 0.927408 0.102884
vt 0.921598 0.102884
vt 0.920004 0.101293
vt 0.927408 0.101293
vt 0.582446 0.761028
vt 0.592747 0.761028
vt 0.592810 0.768432
vt 0.582446 0.770721
vt 0.921166 0.103315
vt 0.919576 0.101721
vt 0.921598 0.115367
vt 0.920004 0.116958
vt 0.771677 0.065727
vt 0.781979 0.065728
vt 0.782042 0.073132
vt 0.771677 0.075420
vt 0.479026 0.595577
vt 0.488719 0.595577
vt 0.489021 0.595702
vt 0.489146 0.596004
vt 0.489146 0.605697
vt 0.479026 0.605697
vt 0.891420 0.799245
vt 0.881118 0.799245
vt 0.881055 0.791841
vt 0.891420 0.789552
vt 0.708807 0.684363
vt 0.719115 0.684363
vt 0.719179 0.691768
vt 0.708807 0.694056
vt 0.933650 0.114936
vt 0.935241 0.116530
vt 0.933219 0.102884
vt 0.934813 0.101293
vt 0.708807 0.674671
vt 0.719179 0.676959
vt 0.489146 0.615390
vt 0.489021 0.615692
vt 0.488719 0.615817
vt 0.479026 0.615817
vt 0.468906 0.596005
vt 0.469031 0.595702
vt 0.469333 0.595577
vt 0.468906 0.605697
vt 0.921293 0.115241
vt 0.927408 0.109125
vt 0.933524 0.115241
vt 0.933524 0.103010
vt 0.921293 0.103010
vt 0.771677 0.056035
vt 0.782042 0.058324
vt 0.891420 0.808937
vt 0.881055 0.806650
vt 0.582446 0.751335
vt 0.592810 0.753623
vt 0.881022 0.791538
vt 0.891388 0.789249
vt 0.708836 0.674368
vt 0.719209 0.676656
vt 0.771709 0.055732
vt 0.782075 0.058020
vt 0.719209 0.692071
vt 0.708836 0.694358
vt 0.582479 0.751033
vt 0.592844 0.753320
vt 0.782075 0.073435
vt 0.771709 0.075722
vt 0.891388 0.809239
vt 0.881022 0.806952
vt 0.592844 0.768735
vt 0.582479 0.771023
vt 0.919701 0.116833
vt 0.935116 0.116833
vt 0.935116 0.101418
vt 0.919701 0.101418
vt 0.469333 0.615818
vt 0.469031 0.615692
vt 0.468906 0.615390
vt 0.969356 0.636664
vt 0.963546 0.636664
vt 0.961952 0.635073
vt 0.969356 0.635073
vt 0.963115 0.642906
vt 0.963115 0.648716
vt 0.961524 0.650310
vt 0.961524 0.642906
vt 0.969356 0.649148
vt 0.975167 0.649148
vt 0.976761 0.650739
vt 0.969356 0.650739
vt 0.975598 0.642906
vt 0.975598 0.637095
vt 0.977189 0.635501
vt 0.977189 0.642906
vt 0.899001 0.491219
vt 0.909302 0.491219
vt 0.909365 0.498623
vt 0.899001 0.500911
vt 0.975167 0.636664
vt 0.976761 0.635073
vt 0.963115 0.637095
vt 0.961524 0.635501
vt 0.827557 0.342413
vt 0.837858 0.342413
vt 0.837921 0.349818
vt 0.827557 0.352105
vt 0.317176 0.589256
vt 0.326869 0.589256
vt 0.327171 0.589382
vt 0.327297 0.589684
vt 0.327297 0.599377
vt 0.317176 0.599377
vt 0.834017 0.837538
vt 0.823716 0.837539
vt 0.823653 0.830135
vt 0.834017 0.827846
vt 0.755489 0.606774
vt 0.765797 0.606774
vt 0.765860 0.614179
vt 0.755489 0.616467
vt 0.963546 0.649148
vt 0.961952 0.650739
vt 0.975598 0.648716
vt 0.977189 0.650310
vt 0.755489 0.597081
vt 0.765860 0.599370
vt 0.327297 0.609069
vt 0.327171 0.609372
vt 0.326869 0.609497
vt 0.317176 0.609497
vt 0.307056 0.589684
vt 0.307181 0.589382
vt 0.307484 0.589256
vt 0.307056 0.599377
vt 0.963241 0.636790
vt 0.969356 0.642906
vt 0.963241 0.649021
vt 0.975472 0.649021
vt 0.975472 0.636790
vt 0.827557 0.332720
vt 0.837921 0.335009
vt 0.834017 0.847231
vt 0.823653 0.844943
vt 0.899001 0.481526
vt 0.909365 0.483814
vt 0.823619 0.829832
vt 0.833985 0.827543
vt 0.755518 0.596779
vt 0.765891 0.599067
vt 0.827589 0.332417
vt 0.837955 0.334706
vt 0.765891 0.614482
vt 0.755518 0.616769
vt 0.899034 0.481224
vt 0.909399 0.483511
vt 0.837955 0.350121
vt 0.827589 0.352407
vt 0.833985 0.847533
vt 0.823619 0.845246
vt 0.909399 0.498926
vt 0.899034 0.501214
vt 0.961649 0.635198
vt 0.961649 0.650613
vt 0.977064 0.650613
vt 0.977064 0.635198
vt 0.307484 0.609497
vt 0.307182 0.609372
vt 0.307056 0.609069
vt 0.969505 0.444521
vt 0.963694 0.444521
vt 0.962100 0.442930
vt 0.969505 0.442930
vt 0.963263 0.450763
vt 0.963263 0.456573
vt 0.961672 0.458167
vt 0.961672 0.450763
vt 0.969505 0.457005
vt 0.975315 0.457005
vt 0.976909 0.458596
vt 0.969505 0.458596
vt 0.975747 0.450763
vt 0.975747 0.444952
vt 0.977338 0.443358
vt 0.977338 0.450763
vt 0.890874 0.111288
vt 0.901175 0.111288
vt 0.901238 0.118692
vt 0.890874 0.120980
vt 0.975315 0.444521
vt 0.976909 0.442930
vt 0.963263 0.444952
vt 0.961672 0.443358
vt 0.210425 0.871408
vt 0.220727 0.871409
vt 0.220790 0.878813
vt 0.210425 0.881101
vt 0.612876 0.170785
vt 0.622569 0.170785
vt 0.622871 0.170910
vt 0.622997 0.171212
vt 0.622997 0.180905
vt 0.612876 0.180905
vt 0.776616 0.722657
vt 0.766315 0.722658
vt 0.766252 0.715254
vt 0.776616 0.712964
vt 0.765891 0.645068
vt 0.755583 0.645068
vt 0.755519 0.637663
vt 0.765891 0.635375
vt 0.963694 0.457005
vt 0.962100 0.458596
vt 0.975747 0.456573
vt 0.977338 0.458167
vt 0.765891 0.654761
vt 0.755519 0.652472
vt 0.622997 0.190598
vt 0.622871 0.190900
vt 0.622569 0.191025
vt 0.612876 0.191025
vt 0.602756 0.171212
vt 0.602881 0.170910
vt 0.603184 0.170785
vt 0.602756 0.180905
vt 0.963389 0.444647
vt 0.969505 0.450763
vt 0.963389 0.456878
vt 0.975620 0.456878
vt 0.975620 0.444647
vt 0.210425 0.861715
vt 0.220790 0.864004
vt 0.776616 0.732350
vt 0.766252 0.730062
vt 0.890874 0.101595
vt 0.901238 0.103883
vt 0.766218 0.714950
vt 0.776584 0.712662
vt 0.765862 0.655063
vt 0.755489 0.652775
vt 0.210458 0.861413
vt 0.220824 0.863701
vt 0.755489 0.637360
vt 0.765862 0.635073
vt 0.890907 0.101293
vt 0.901272 0.103580
vt 0.220824 0.879116
vt 0.210458 0.881403
vt 0.776584 0.732652
vt 0.766218 0.730365
vt 0.901272 0.118995
vt 0.890907 0.121283
vt 0.961797 0.443055
vt 0.961797 0.458470
vt 0.977212 0.458470
vt 0.977212 0.443055
vt 0.603184 0.191025
vt 0.602882 0.190900
vt 0.602756 0.190598
vt 0.969505 0.478490
vt 0.963694 0.478490
vt 0.962100 0.476899
vt 0.969505 0.476899
vt 0.963263 0.484732
vt 0.963263 0.490543
vt 0.961672 0.492137
vt 0.961672 0.484732
vt 0.969505 0.490974
vt 0.975315 0.490974
vt 0.976909 0.492565
vt 0.969505 0.492565
vt 0.975747 0.484732
vt 0.975747 0.478922
vt 0.977338 0.477328
vt 0.977338 0.484732
vt 0.899001 0.452925
vt 0.909302 0.452925
vt 0.909365 0.460329
vt 0.899001 0.462618
vt 0.975315 0.478490
vt 0.976909 0.476899
vt 0.963263 0.478922
vt 0.961672 0.477328
vt 0.827598 0.180780
vt 0.837900 0.180781
vt 0.837963 0.188185
vt 0.827598 0.190473
vt 0.057816 0.593913
vt 0.067509 0.593913
vt 0.067811 0.594038
vt 0.067936 0.594340
vt 0.067936 0.604033
vt 0.057816 0.604033
vt 0.407821 0.762004
vt 0.397519 0.762004
vt 0.397456 0.754600
vt 0.407821 0.752311
vt 0.765891 0.568481
vt 0.755583 0.568481
vt 0.755519 0.561076
vt 0.765891 0.558788
vt 0.963694 0.490974
vt 0.962100 0.492565
vt 0.975747 0.490543
vt 0.977338 0.492137
vt 0.765891 0.578173
vt 0.755519 0.575885
vt 0.067936 0.613726
vt 0.067811 0.614028
vt 0.067509 0.614153
vt 0.057816 0.614153
vt 0.047696 0.594340
vt 0.047821 0.594038
vt 0.048123 0.593913
vt 0.047696 0.604033
vt 0.963389 0.478617
vt 0.969505 0.484732
vt 0.963389 0.490848
vt 0.975620 0.490848
vt 0.975620 0.478617
vt 0.827598 0.171087
vt 0.837963 0.173376
vt 0.407821 0.771697
vt 0.397456 0.769409
vt 0.899001 0.443232
vt 0.909365 0.445521
vt 0.397423 0.754297
vt 0.407789 0.752008
vt 0.765862 0.578476
vt 0.755489 0.576188
vt 0.827631 0.170785
vt 0.837997 0.173073
vt 0.755489 0.560773
vt 0.765862 0.558486
vt 0.899034 0.442930
vt 0.909399 0.445218
vt 0.837997 0.188488
vt 0.827631 0.190775
vt 0.407789 0.771998
vt 0.397423 0.769711
vt 0.909399 0.460632
vt 0.899034 0.462920
vt 0.961797 0.477025
vt 0.961797 0.492440
vt 0.977212 0.492440
vt 0.977212 0.477025
vt 0.048123 0.614153
vt 0.047821 0.614028
vt 0.047696 0.613726
vt 0.710398 0.950257
vt 0.710398 0.956067
vt 0.708807 0.957661
vt 0.708807 0.950257
vt 0.716640 0.956499
vt 0.722450 0.956499
vt 0.724045 0.958090
vt 0.716640 0.958090
vt 0.722882 0.950257
vt 0.722882 0.944447
vt 0.724473 0.942853
vt 0.724473 0.950257
vt 0.716640 0.944015
vt 0.710830 0.944015
vt 0.709236 0.942424
vt 0.716640 0.942424
vt 0.509933 0.885625
vt 0.520233 0.885625
vt 0.520296 0.893029
vt 0.509933 0.895318
vt 0.710398 0.944447
vt 0.708807 0.942853
vt 0.710830 0.956499
vt 0.709236 0.958090
vt 0.827599 0.235941
vt 0.837900 0.235942
vt 0.837963 0.243346
vt 0.827599 0.245634
vt 0.440482 0.595577
vt 0.450175 0.595577
vt 0.450477 0.595702
vt 0.450602 0.596004
vt 0.450602 0.605697
vt 0.440482 0.605697
vt 0.782074 0.274485
vt 0.771772 0.274486
vt 0.771709 0.267082
vt 0.782074 0.264793
vt 0.714265 0.274485
vt 0.724573 0.274485
vt 0.724636 0.281890
vt 0.714265 0.284178
vt 0.722882 0.956067
vt 0.724473 0.957661
vt 0.722450 0.944015
vt 0.724045 0.942424
vt 0.714265 0.264792
vt 0.724636 0.267081
vt 0.450602 0.615390
vt 0.450477 0.615692
vt 0.450175 0.615817
vt 0.440482 0.615817
vt 0.430362 0.596004
vt 0.430487 0.595702
vt 0.430789 0.595577
vt 0.430362 0.605697
vt 0.710525 0.956372
vt 0.716640 0.950257
vt 0.722756 0.956372
vt 0.722756 0.944141
vt 0.710525 0.944141
vt 0.827599 0.226248
vt 0.837963 0.228538
vt 0.782074 0.284178
vt 0.771709 0.281890
vt 0.509933 0.875932
vt 0.520296 0.878220
vt 0.771676 0.266779
vt 0.782042 0.264490
vt 0.714294 0.264490
vt 0.724667 0.266778
vt 0.827631 0.225946
vt 0.837997 0.228234
vt 0.724667 0.282193
vt 0.714294 0.284480
vt 0.509965 0.875630
vt 0.520330 0.877917
vt 0.837997 0.243649
vt 0.827631 0.245936
vt 0.782042 0.284480
vt 0.771676 0.282193
vt 0.520330 0.893332
vt 0.509965 0.895620
vt 0.708933 0.957964
vt 0.724347 0.957964
vt 0.724347 0.942550
vt 0.708933 0.942550
vt 0.430789 0.615818
vt 0.430487 0.615692
vt 0.430362 0.615390
vt 0.511524 0.577442
vt 0.511524 0.585978
vt 0.509933 0.588266
vt 0.509933 0.577442
vt 0.517765 0.586407
vt 0.523708 0.586407
vt 0.525301 0.588692
vt 0.517765 0.588692
vt 0.524007 0.577442
vt 0.524007 0.568907
vt 0.525598 0.566619
vt 0.525598 0.577442
vt 0.517765 0.568477
vt 0.511822 0.568477
vt 0.510229 0.566192
vt 0.517765 0.566192
vt 0.584453 0.185195
vt 0.574152 0.185195
vt 0.574088 0.174372
vt 0.584453 0.171085
vt 0.511524 0.568907
vt 0.509933 0.566619
vt 0.511822 0.586407
vt 0.510229 0.588692
vt 0.689697 0.111326
vt 0.700255 0.111325
vt 0.700319 0.118861
vt 0.689697 0.121150
vt 0.019272 0.547088
vt 0.029096 0.547088
vt 0.029305 0.547213
vt 0.029392 0.547513
vt 0.029392 0.561623
vt 0.019272 0.561623
vt 0.554557 0.690769
vt 0.543999 0.690768
vt 0.543935 0.683232
vt 0.554557 0.680945
vt 0.584411 0.346828
vt 0.574103 0.346828
vt 0.574038 0.336005
vt 0.584411 0.332718
vt 0.524007 0.585978
vt 0.525598 0.588266
vt 0.523708 0.568477
vt 0.525301 0.566192
vt 0.584411 0.360938
vt 0.574038 0.357652
vt 0.029392 0.575733
vt 0.029305 0.576034
vt 0.029096 0.576159
vt 0.019272 0.576159
vt 0.009152 0.547513
vt 0.009239 0.547213
vt 0.009448 0.547088
vt 0.009152 0.561623
vt 0.511611 0.586282
vt 0.517765 0.577442
vt 0.523920 0.586282
vt 0.523920 0.568603
vt 0.511611 0.568603
vt 0.689697 0.101502
vt 0.700319 0.103789
vt 0.554557 0.700593
vt 0.543935 0.698304
vt 0.584453 0.199305
vt 0.574088 0.196019
vt 0.543902 0.683022
vt 0.554525 0.680735
vt 0.584391 0.361239
vt 0.574017 0.357954
vt 0.689729 0.101293
vt 0.700352 0.103579
vt 0.574017 0.335703
vt 0.584391 0.332417
vt 0.584430 0.199606
vt 0.574064 0.196321
vt 0.700352 0.119071
vt 0.689729 0.121359
vt 0.554525 0.700802
vt 0.543902 0.698514
vt 0.574064 0.174070
vt 0.584430 0.170785
vt 0.510020 0.588567
vt 0.525511 0.588567
vt 0.525511 0.566317
vt 0.510020 0.566317
vt 0.009448 0.576159
vt 0.009239 0.576034
vt 0.009152 0.575733
vt 0.245986 0.496542
vt 0.245986 0.514409
vt 0.244395 0.519199
vt 0.244395 0.496542
vt 0.252228 0.515308
vt 0.258171 0.515308
vt 0.259764 0.520091
vt 0.252228 0.520091
vt 0.258469 0.496542
vt 0.258469 0.478675
vt 0.260061 0.473886
vt 0.260061 0.496542
vt 0.252228 0.477777
vt 0.246285 0.477777
vt 0.244692 0.472993
vt 0.252228 0.472993
vt 0.009152 0.500866
vt 0.019453 0.500866
vt 0.019517 0.523523
vt 0.009152 0.527967
vt 0.245986 0.478675
vt 0.244395 0.473886
vt 0.246285 0.515308
vt 0.244692 0.520091
vt 0.612007 0.914031
vt 0.622843 0.914028
vt 0.622907 0.921564
vt 0.612007 0.923855
vt 0.411790 0.470898
vt 0.421614 0.470898
vt 0.421824 0.471137
vt 0.421910 0.471715
vt 0.421910 0.498816
vt 0.411790 0.498816
vt 0.652110 0.914031
vt 0.641275 0.914028
vt 0.641211 0.906493
vt 0.652110 0.904207
vt 0.048338 0.500866
vt 0.038030 0.500866
vt 0.037965 0.478210
vt 0.048338 0.473765
vt 0.258469 0.514409
vt 0.260061 0.519199
vt 0.258171 0.477777
vt 0.259764 0.472993
vt 0.048338 0.527967
vt 0.037965 0.523523
vt 0.421910 0.525917
vt 0.421824 0.526495
vt 0.421614 0.526734
vt 0.411790 0.526734
vt 0.401670 0.471715
vt 0.401757 0.471137
vt 0.401966 0.470898
vt 0.401670 0.498816
vt 0.246073 0.515045
vt 0.252228 0.496542
vt 0.258382 0.515045
vt 0.258382 0.478040
vt 0.246073 0.478040
vt 0.612007 0.904207
vt 0.622907 0.906492
vt 0.652110 0.923855
vt 0.641211 0.921564
vt 0.009152 0.473765
vt 0.019517 0.478210
vt 0.048270 0.528784
vt 0.037897 0.524415
vt 0.037944 0.524154
vt 0.048318 0.528545
vt 0.037897 0.477317
vt 0.048270 0.472948
vt 0.048318 0.473188
vt 0.037944 0.477579
vt 0.009174 0.473188
vt 0.019540 0.477579
vt 0.009229 0.472948
vt 0.019594 0.477317
vt 0.019594 0.524415
vt 0.009229 0.528784
vt 0.009174 0.528545
vt 0.019540 0.524154
vt 0.244482 0.519830
vt 0.259974 0.519830
vt 0.259974 0.473255
vt 0.244482 0.473255
vt 0.401966 0.526734
vt 0.401757 0.526495
vt 0.401670 0.525917
vt 0.465922 0.561156
vt 0.465922 0.573384
vt 0.464331 0.576662
vt 0.464331 0.561156
vt 0.472164 0.574000
vt 0.478107 0.574000
vt 0.479700 0.577273
vt 0.472164 0.577273
vt 0.478406 0.561156
vt 0.478406 0.548927
vt 0.479997 0.545649
vt 0.479997 0.561156
vt 0.472164 0.548312
vt 0.466221 0.548312
vt 0.464628 0.545038
vt 0.472164 0.545038
vt 0.355452 0.553235
vt 0.365753 0.553235
vt 0.365817 0.568742
vt 0.355452 0.573450
vt 0.465922 0.548927
vt 0.464331 0.545649
vt 0.466221 0.574000
vt 0.464628 0.577273
vt 0.582446 0.684402
vt 0.593368 0.684398
vt 0.593433 0.691934
vt 0.582446 0.694226
vt 0.288484 0.472993
vt 0.298308 0.472993
vt 0.298518 0.473172
vt 0.298605 0.473603
vt 0.298605 0.493818
vt 0.288484 0.493818
vt 0.690884 0.019186
vt 0.679962 0.019182
vt 0.679898 0.011646
vt 0.690884 0.009362
vt 0.355452 0.493639
vt 0.365760 0.493639
vt 0.365825 0.509146
vt 0.355452 0.513855
vt 0.478406 0.573384
vt 0.479997 0.576662
vt 0.478107 0.548312
vt 0.479700 0.545038
vt 0.355452 0.473424
vt 0.365825 0.478133
vt 0.298605 0.514033
vt 0.298518 0.514464
vt 0.298308 0.514642
vt 0.288484 0.514642
vt 0.278364 0.473603
vt 0.278451 0.473172
vt 0.278660 0.472993
vt 0.278364 0.493818
vt 0.466010 0.573819
vt 0.472164 0.561156
vt 0.478318 0.573819
vt 0.478318 0.548492
vt 0.466010 0.548492
vt 0.582446 0.674578
vt 0.593433 0.676863
vt 0.690884 0.029010
vt 0.679898 0.026718
vt 0.355452 0.533020
vt 0.365817 0.537728
vt 0.679851 0.011436
vt 0.690838 0.009152
vt 0.355472 0.472993
vt 0.365846 0.477701
vt 0.582492 0.674368
vt 0.593480 0.676652
vt 0.365846 0.509578
vt 0.355472 0.514286
vt 0.355475 0.532589
vt 0.365841 0.537296
vt 0.593480 0.692144
vt 0.582492 0.694435
vt 0.690838 0.029219
vt 0.679851 0.026928
vt 0.365841 0.569174
vt 0.355475 0.573881
vt 0.464418 0.577094
vt 0.479910 0.577094
vt 0.479910 0.545217
vt 0.464418 0.545217
vt 0.278660 0.514642
vt 0.278451 0.514464
vt 0.278364 0.514033
vt 0.575656 0.069360
vt 0.575656 0.079701
vt 0.574065 0.082472
vt 0.574065 0.069360
vt 0.581898 0.080221
vt 0.587841 0.080221
vt 0.589434 0.082989
vt 0.581898 0.082989
vt 0.588140 0.069360
vt 0.588140 0.059020
vt 0.589731 0.056249
vt 0.589731 0.069360
vt 0.581898 0.058500
vt 0.575955 0.058500
vt 0.574362 0.055732
vt 0.581898 0.055732
vt 0.401670 0.562495
vt 0.411971 0.562495
vt 0.412035 0.575607
vt 0.401670 0.579588
vt 0.575656 0.059020
vt 0.574065 0.056249
vt 0.575955 0.080221
vt 0.574362 0.082989
vt 0.679664 0.684402
vt 0.690400 0.684400
vt 0.690464 0.691936
vt 0.679664 0.694226
vt 0.220546 0.539086
vt 0.230370 0.539086
vt 0.230579 0.539237
vt 0.230666 0.539601
vt 0.230666 0.556694
vt 0.220546 0.556694
vt 0.695961 0.274524
vt 0.685226 0.274522
vt 0.685162 0.266986
vt 0.695961 0.264700
vt 0.249667 0.555852
vt 0.259975 0.555852
vt 0.260040 0.568964
vt 0.249667 0.572945
vt 0.588140 0.079701
vt 0.589731 0.082472
vt 0.587841 0.058500
vt 0.589434 0.055732
vt 0.249667 0.538759
vt 0.260040 0.542740
vt 0.230666 0.573787
vt 0.230579 0.574151
vt 0.230370 0.574302
vt 0.220546 0.574302
vt 0.210425 0.539601
vt 0.210512 0.539237
vt 0.210722 0.539086
vt 0.210425 0.556694
vt 0.575744 0.080068
vt 0.581898 0.069360
vt 0.588052 0.080068
vt 0.588052 0.058653
vt 0.575744 0.058653
vt 0.679664 0.674578
vt 0.690464 0.676864
vt 0.695961 0.284348
vt 0.685162 0.282057
vt 0.401670 0.545402
vt 0.412035 0.549383
vt 0.685122 0.266775
vt 0.695923 0.264490
vt 0.249687 0.538395
vt 0.260061 0.542375
vt 0.679703 0.674368
vt 0.690504 0.676654
vt 0.260061 0.569329
vt 0.249687 0.573309
vt 0.401692 0.545038
vt 0.412058 0.549018
vt 0.690504 0.692145
vt 0.679703 0.694435
vt 0.695923 0.284557
vt 0.685122 0.282267
vt 0.412058 0.575972
vt 0.401692 0.579952
vt 0.574152 0.082838
vt 0.589644 0.082838
vt 0.589644 0.055883
vt 0.574152 0.055883
vt 0.210722 0.574302
vt 0.210512 0.574151
vt 0.210426 0.573787
vt 0.550068 0.472171
vt 0.550068 0.514255
vt 0.548477 0.537220
vt 0.548477 0.472171
vt 0.556310 0.516372
vt 0.562253 0.516372
vt 0.563846 0.539783
vt 0.556310 0.539783
vt 0.562551 0.472171
vt 0.562551 0.430088
vt 0.564143 0.407122
vt 0.564143 0.472171
vt 0.556310 0.427971
vt 0.550367 0.427971
vt 0.548774 0.404559
vt 0.556310 0.404559
vt 0.545320 0.080816
vt 0.555621 0.080816
vt 0.555685 0.145865
vt 0.545320 0.150384
vt 0.550068 0.430088
vt 0.548477 0.407122
vt 0.550367 0.516372
vt 0.548774 0.539783
vt 0.679664 0.914031
vt 0.690418 0.914029
vt 0.690482 0.921565
vt 0.679664 0.923855
vt 0.520053 0.404559
vt 0.529877 0.404559
vt 0.530086 0.405174
vt 0.530173 0.406656
vt 0.530173 0.476224
vt 0.520053 0.476224
vt 0.408241 0.915007
vt 0.397487 0.915005
vt 0.397423 0.907469
vt 0.408241 0.905183
vt 0.545320 0.242449
vt 0.555628 0.242449
vt 0.555693 0.307498
vt 0.545320 0.312017
vt 0.562551 0.514255
vt 0.564143 0.537220
vt 0.562253 0.427971
vt 0.563846 0.404559
vt 0.545320 0.172882
vt 0.555693 0.177400
vt 0.530173 0.545791
vt 0.530086 0.547274
vt 0.529877 0.547889
vt 0.520053 0.547889
vt 0.509933 0.406657
vt 0.510019 0.405174
vt 0.510229 0.404559
vt 0.509933 0.476224
vt 0.550155 0.515752
vt 0.556310 0.472171
vt 0.562464 0.515752
vt 0.562464 0.428591
vt 0.550155 0.428591
vt 0.679664 0.904207
vt 0.690482 0.906493
vt 0.408241 0.924831
vt 0.397423 0.922541
vt 0.545320 0.011249
vt 0.555685 0.015767
vt 0.545388 0.170785
vt 0.555761 0.174837
vt 0.555714 0.175588
vt 0.545340 0.171399
vt 0.555761 0.310061
vt 0.545388 0.314114
vt 0.545340 0.313500
vt 0.555714 0.309310
vt 0.545343 0.009766
vt 0.555708 0.013955
vt 0.545397 0.009152
vt 0.555762 0.013205
vt 0.555762 0.148428
vt 0.545397 0.152481
vt 0.545343 0.151867
vt 0.555708 0.147678
vt 0.548564 0.539032
vt 0.564056 0.539032
vt 0.564056 0.405310
vt 0.548564 0.405310
vt 0.510229 0.547889
vt 0.510020 0.547274
vt 0.509933 0.545791
vt 0.550068 0.571715
vt 0.550068 0.582055
vt 0.548477 0.584827
vt 0.548477 0.571715
vt 0.556310 0.582575
vt 0.562253 0.582575
vt 0.563846 0.585344
vt 0.556310 0.585344
vt 0.562551 0.571715
vt 0.562551 0.561375
vt 0.564143 0.558603
vt 0.564143 0.571715
vt 0.556310 0.560855
vt 0.550367 0.560855
vt 0.548774 0.558087
vt 0.556310 0.558087
vt 0.124083 0.557815
vt 0.134384 0.557815
vt 0.134448 0.570926
vt 0.124083 0.574907
vt 0.550068 0.561375
vt 0.548477 0.558603
vt 0.550367 0.582575
vt 0.548774 0.585344
vt 0.685123 0.065766
vt 0.695859 0.065763
vt 0.695923 0.073299
vt 0.685123 0.075590
vt 0.172795 0.539936
vt 0.182619 0.539936
vt 0.182829 0.540087
vt 0.182915 0.540452
vt 0.182915 0.557545
vt 0.172795 0.557545
vt 0.408262 0.685378
vt 0.397527 0.685376
vt 0.397463 0.677840
vt 0.408262 0.675554
vt 0.105779 0.557815
vt 0.095471 0.557815
vt 0.095407 0.544703
vt 0.105779 0.540722
vt 0.562551 0.582055
vt 0.564143 0.584827
vt 0.562253 0.560855
vt 0.563846 0.558087
vt 0.105779 0.574907
vt 0.095407 0.570926
vt 0.182915 0.574637
vt 0.182829 0.575002
vt 0.182619 0.575153
vt 0.172795 0.575153
vt 0.162675 0.540452
vt 0.162762 0.540087
vt 0.162971 0.539936
vt 0.162675 0.557545
vt 0.550155 0.582423
vt 0.556310 0.571715
vt 0.562464 0.582423
vt 0.562464 0.561007
vt 0.550155 0.561007
vt 0.685123 0.055942
vt 0.695923 0.058228
vt 0.408262 0.695202
vt 0.397463 0.692912
vt 0.124083 0.540722
vt 0.134448 0.544703
vt 0.397423 0.677629
vt 0.408224 0.675344
vt 0.105759 0.575272
vt 0.095386 0.571292
vt 0.685162 0.055732
vt 0.695963 0.058017
vt 0.095386 0.544337
vt 0.105759 0.540357
vt 0.124105 0.540357
vt 0.134471 0.544337
vt 0.695963 0.073509
vt 0.685162 0.075799
vt 0.408224 0.695411
vt 0.397423 0.693121
vt 0.134471 0.571292
vt 0.124105 0.575272
vt 0.548564 0.585192
vt 0.564056 0.585192
vt 0.564056 0.558238
vt 0.548564 0.558238
vt 0.162971 0.575153
vt 0.162762 0.575002
vt 0.162675 0.574637
vt 0.212016 0.496888
vt 0.212016 0.515017
vt 0.210425 0.519876
vt 0.210425 0.496888
vt 0.218258 0.515929
vt 0.224201 0.515929
vt 0.225794 0.520782
vt 0.218258 0.520782
vt 0.224500 0.496888
vt 0.224500 0.478759
vt 0.226091 0.473899
vt 0.226091 0.496888
vt 0.218258 0.477847
vt 0.212315 0.477847
vt 0.210722 0.472993
vt 0.218258 0.472993
vt 0.478758 0.498816
vt 0.489059 0.498816
vt 0.489123 0.521805
vt 0.478758 0.525917
vt 0.212016 0.478759
vt 0.210425 0.473899
vt 0.212315 0.515929
vt 0.210722 0.520782
vt 0.915186 0.065556
vt 0.925933 0.065554
vt 0.925997 0.073090
vt 0.915186 0.075380
vt 0.450334 0.470898
vt 0.460158 0.470898
vt 0.460368 0.471137
vt 0.460454 0.471715
vt 0.460454 0.498816
vt 0.450334 0.498816
vt 0.925996 0.274314
vt 0.915250 0.274312
vt 0.915185 0.266776
vt 0.925996 0.264490
vt 0.077082 0.500866
vt 0.066774 0.500866
vt 0.066710 0.477878
vt 0.077082 0.473765
vt 0.224500 0.515017
vt 0.226091 0.519876
vt 0.224201 0.477847
vt 0.225794 0.472993
vt 0.077082 0.527967
vt 0.066710 0.523855
vt 0.460454 0.525917
vt 0.460368 0.526495
vt 0.460158 0.526734
vt 0.450334 0.526734
vt 0.440214 0.471715
vt 0.440301 0.471137
vt 0.440510 0.470898
vt 0.440214 0.498816
vt 0.212104 0.515661
vt 0.218258 0.496888
vt 0.224413 0.515661
vt 0.224412 0.478114
vt 0.212104 0.478114
vt 0.915186 0.055732
vt 0.925997 0.058018
vt 0.925996 0.284138
vt 0.915185 0.281848
vt 0.478758 0.471715
vt 0.489123 0.475827
vt 0.077014 0.528784
vt 0.066641 0.524761
vt 0.066689 0.524495
vt 0.077062 0.528545
vt 0.066641 0.476972
vt 0.077014 0.472948
vt 0.077062 0.473188
vt 0.066689 0.477237
vt 0.478781 0.471137
vt 0.489147 0.475187
vt 0.478835 0.470898
vt 0.489200 0.474922
vt 0.489200 0.522710
vt 0.478835 0.526734
vt 0.478781 0.526495
vt 0.489147 0.522445
vt 0.210512 0.520517
vt 0.226004 0.520517
vt 0.226004 0.473259
vt 0.210512 0.473259
vt 0.440510 0.526734
vt 0.440301 0.526495
vt 0.440214 0.525917
vt 0.431953 0.561156
vt 0.431953 0.573384
vt 0.430362 0.576663
vt 0.430362 0.561156
vt 0.438195 0.574000
vt 0.444138 0.574000
vt 0.445731 0.577273
vt 0.438195 0.577273
vt 0.444437 0.561156
vt 0.444437 0.548927
vt 0.446028 0.545649
vt 0.446028 0.561156
vt 0.438195 0.548312
vt 0.432252 0.548312
vt 0.430659 0.545038
vt 0.438195 0.545038
vt 0.278364 0.553592
vt 0.288665 0.553592
vt 0.288729 0.569099
vt 0.278364 0.573807
vt 0.431953 0.548927
vt 0.430362 0.545649
vt 0.432252 0.574000
vt 0.430659 0.577273
vt 0.650327 0.684402
vt 0.661249 0.684398
vt 0.661313 0.691934
vt 0.650327 0.694226
vt 0.327028 0.472993
vt 0.336852 0.472993
vt 0.337062 0.473172
vt 0.337149 0.473603
vt 0.337149 0.493818
vt 0.327028 0.493818
vt 0.632023 0.684402
vt 0.621101 0.684398
vt 0.621037 0.676862
vt 0.632023 0.674578
vt 0.545320 0.353064
vt 0.555628 0.353064
vt 0.555693 0.368570
vt 0.545320 0.373279
vt 0.444437 0.573384
vt 0.446028 0.576662
vt 0.444138 0.548312
vt 0.445731 0.545038
vt 0.545320 0.332848
vt 0.555693 0.337557
vt 0.337149 0.514033
vt 0.337062 0.514464
vt 0.336853 0.514642
vt 0.327029 0.514642
vt 0.316908 0.473603
vt 0.316995 0.473172
vt 0.317204 0.472993
vt 0.316908 0.493818
vt 0.432041 0.573819
vt 0.438195 0.561156
vt 0.444349 0.573819
vt 0.444349 0.548492
vt 0.432041 0.548492
vt 0.650327 0.674578
vt 0.661313 0.676862
vt 0.632023 0.694226
vt 0.621037 0.691934
vt 0.278364 0.533377
vt 0.288729 0.538085
vt 0.620990 0.676652
vt 0.631978 0.674368
vt 0.545340 0.332417
vt 0.555714 0.337125
vt 0.650373 0.674368
vt 0.661360 0.676652
vt 0.555714 0.369002
vt 0.545340 0.373710
vt 0.278387 0.532946
vt 0.288753 0.537653
vt 0.661360 0.692144
vt 0.650373 0.694435
vt 0.631978 0.694435
vt 0.620990 0.692144
vt 0.288753 0.569531
vt 0.278387 0.574238
vt 0.430449 0.577094
vt 0.445941 0.577094
vt 0.445941 0.545217
vt 0.430449 0.545217
vt 0.317205 0.514642
vt 0.316995 0.514464
vt 0.316908 0.514033
vt 0.308647 0.551950
vt 0.308647 0.566368
vt 0.307056 0.570233
vt 0.307056 0.551950
vt 0.314889 0.567093
vt 0.320832 0.567093
vt 0.322425 0.570953
vt 0.314889 0.570953
vt 0.321131 0.551950
vt 0.321131 0.537531
vt 0.322722 0.533666
vt 0.322722 0.551950
vt 0.314889 0.536806
vt 0.308946 0.536806
vt 0.307353 0.532946
vt 0.314889 0.532946
vt 0.133930 0.497501
vt 0.144230 0.497501
vt 0.144295 0.515784
vt 0.133930 0.521335
vt 0.308647 0.537531
vt 0.307056 0.533666
vt 0.308946 0.567093
vt 0.307353 0.570953
vt 0.909724 0.914164
vt 0.920862 0.914159
vt 0.920926 0.921695
vt 0.909724 0.923988
vt 0.105506 0.472948
vt 0.115330 0.472948
vt 0.115539 0.473159
vt 0.115626 0.473667
vt 0.115626 0.497501
vt 0.105506 0.497501
vt 0.593704 0.914241
vt 0.582566 0.914236
vt 0.582501 0.906700
vt 0.593704 0.904417
vt 0.162675 0.497290
vt 0.172983 0.497290
vt 0.173048 0.515573
vt 0.162675 0.521125
vt 0.321131 0.566368
vt 0.322722 0.570232
vt 0.320832 0.536806
vt 0.322425 0.532946
vt 0.162675 0.473456
vt 0.173048 0.479007
vt 0.115626 0.521335
vt 0.115539 0.521843
vt 0.115330 0.522054
vt 0.105506 0.522054
vt 0.095386 0.473667
vt 0.095472 0.473159
vt 0.095682 0.472948
vt 0.095386 0.497501
vt 0.308735 0.566880
vt 0.314889 0.551950
vt 0.321043 0.566880
vt 0.321043 0.537019
vt 0.308735 0.537019
vt 0.909724 0.904340
vt 0.920926 0.906623
vt 0.593704 0.924065
vt 0.582501 0.921772
vt 0.133930 0.473667
vt 0.144295 0.479218
vt 0.582446 0.906490
vt 0.593650 0.904207
vt 0.162695 0.472948
vt 0.173069 0.478498
vt 0.909778 0.904131
vt 0.920981 0.906413
vt 0.173069 0.516083
vt 0.162695 0.521633
vt 0.133952 0.473159
vt 0.144318 0.478709
vt 0.134006 0.472948
vt 0.144371 0.478498
vt 0.144371 0.516504
vt 0.134006 0.522054
vt 0.133952 0.521843
vt 0.144318 0.516293
vt 0.307143 0.570742
vt 0.322635 0.570742
vt 0.322635 0.533157
vt 0.307143 0.533157
vt 0.095682 0.522054
vt 0.095473 0.521843
vt 0.095386 0.521335
vt 0.575655 0.275528
vt 0.575655 0.283902
vt 0.574064 0.286147
vt 0.574064 0.275528
vt 0.581897 0.284323
vt 0.587840 0.284323
vt 0.589433 0.286565
vt 0.581897 0.286565
vt 0.588139 0.275528
vt 0.588139 0.267153
vt 0.589730 0.264909
vt 0.589730 0.275528
vt 0.581897 0.266732
vt 0.575954 0.266732
vt 0.574361 0.264490
vt 0.581897 0.264490
vt 0.574064 0.232048
vt 0.584365 0.232048
vt 0.584429 0.242667
vt 0.574064 0.245891
vt 0.575655 0.267153
vt 0.574064 0.264909
vt 0.575954 0.284323
vt 0.574361 0.286565
vt 0.509933 0.694118
vt 0.520474 0.694117
vt 0.520538 0.701653
vt 0.509933 0.703942
vt 0.057816 0.547088
vt 0.067640 0.547088
vt 0.067849 0.547210
vt 0.067936 0.547505
vt 0.067936 0.561348
vt 0.057816 0.561348
vt 0.708716 0.414593
vt 0.698175 0.414592
vt 0.698111 0.407056
vt 0.708716 0.404769
vt 0.584459 0.023290
vt 0.574151 0.023290
vt 0.574086 0.012671
vt 0.584459 0.009447
vt 0.588139 0.283902
vt 0.589730 0.286147
vt 0.587840 0.266732
vt 0.589433 0.264490
vt 0.584459 0.037133
vt 0.574086 0.033909
vt 0.067936 0.575192
vt 0.067849 0.575487
vt 0.067640 0.575609
vt 0.057816 0.575609
vt 0.047696 0.547505
vt 0.047783 0.547210
vt 0.047992 0.547088
vt 0.047696 0.561348
vt 0.575743 0.284200
vt 0.581897 0.275528
vt 0.588051 0.284200
vt 0.588051 0.266855
vt 0.575743 0.266855
vt 0.509933 0.684294
vt 0.520538 0.686581
vt 0.708716 0.424417
vt 0.698111 0.422128
vt 0.574064 0.218205
vt 0.584429 0.221429
vt 0.698078 0.406846
vt 0.708685 0.404559
vt 0.584439 0.037428
vt 0.574065 0.034205
vt 0.509964 0.684084
vt 0.520571 0.686371
vt 0.574065 0.012375
vt 0.584439 0.009152
vt 0.574087 0.217910
vt 0.584453 0.221133
vt 0.520571 0.701863
vt 0.509964 0.704151
vt 0.708685 0.424626
vt 0.698078 0.422338
vt 0.584453 0.242963
vt 0.574087 0.246187
vt 0.574151 0.286442
vt 0.589643 0.286442
vt 0.589643 0.264613
vt 0.574151 0.264613
vt 0.047992 0.575609
vt 0.047783 0.575487
vt 0.047696 0.575192
s 1
usemtl Material
f 5/1/1 53/2/2 59/3/3 7/4/4
f 131/5/5 31/6/6 29/7/7 125/8/8
f 19/9/9 119/10/10 116/11/11 20/12/12
f 71/13/13 15/14/14 13/15/15 65/16/16
f 7/4/4 59/3/3 56/17/17 8/18/18
f 109/19/19 115/20/20 118/21/21 112/22/22 133/23/23 139/24/24 142/25/25 136/26/26 121/27/27 127/28/28 130/29/29 124/30/30 97/31/31 103/32/32 106/33/33 100/34/34
f 104/35/35 4/36/36 3/37/37 107/38/38
f 27/39/39 83/40/40 80/41/41 28/42/42
f 18/43/43 1/44/43 10/45/43 21/46/43
f 2/47/44 29/48/7 34/49/45 9/50/46
f 45/51/47 22/52/48 14/53/49 37/54/50
f 33/55/51 46/56/51 38/57/51 25/58/51
f 42/59/47 17/60/48 22/52/48 45/51/47
f 30/61/51 41/62/51 46/56/51 33/55/51
f 9/50/46 34/49/45 26/63/52 5/1/1
f 21/46/43 10/45/43 6/64/43 13/15/43
f 107/65/38 3/66/37 1/44/53 101/67/54
f 22/52/48 17/60/48 19/9/9 24/68/9
f 24/68/9 19/9/9 20/12/12 23/69/12
f 23/70/55 20/71/55 18/43/55 21/46/55
f 2/47/44 9/50/46 11/72/56 4/73/36
f 4/73/36 11/72/56 12/74/57 3/75/37
f 3/66/37 12/76/58 10/45/59 1/44/53
f 14/53/49 22/52/48 24/68/9 16/77/60
f 16/77/60 24/68/9 23/69/12 15/78/61
f 15/14/14 23/70/55 21/46/55 13/15/15
f 9/50/46 5/1/1 7/4/4 11/72/56
f 11/72/56 7/4/4 8/18/18 12/74/57
f 12/76/58 8/79/62 6/64/63 10/45/59
f 46/56/64 41/62/64 43/80/64 48/81/64
f 48/82/65 43/83/65 44/84/66 47/85/66
f 47/85/66 44/84/66 42/59/47 45/51/47
f 38/57/67 46/56/64 48/81/64 40/86/68
f 40/87/69 48/82/65 47/85/66 39/88/70
f 39/88/70 47/85/66 45/51/47 37/54/50
f 34/49/45 29/48/7 31/89/6 36/90/71
f 36/90/71 31/89/6 32/91/72 35/92/73
f 35/93/74 32/94/72 30/61/75 33/55/76
f 26/63/52 34/49/45 36/90/71 28/42/42
f 28/42/42 36/90/71 35/92/73 27/39/39
f 27/95/77 35/93/74 33/55/76 25/58/78
f 29/7/7 2/96/44 98/97/79 125/8/8
f 20/71/55 116/98/80 110/99/81 18/43/55
f 1/44/43 18/43/43 110/99/81 101/67/82
f 17/60/48 42/59/47 134/100/83 113/101/84
f 122/102/85 30/61/75 32/94/72 128/103/86
f 17/60/48 113/101/84 119/10/10 19/9/9
f 26/63/52 74/104/87 53/2/2 5/1/1
f 62/105/88 14/53/49 16/77/60 68/106/89
f 6/64/43 50/107/90 65/16/16 13/15/43
f 14/53/49 62/105/88 89/108/91 37/54/50
f 28/42/42 80/41/41 74/104/87 26/63/52
f 68/106/89 16/77/60 15/78/61 71/109/92
f 38/57/51 86/110/93 77/111/94 25/58/51
f 86/110/93 38/57/67 40/86/68 92/112/95
f 25/58/78 77/111/94 83/113/40 27/95/77
f 41/62/51 30/61/51 122/102/96 137/114/97
f 44/84/66 140/115/98 134/100/83 42/59/47
f 128/116/86 32/117/72 31/6/6 131/5/5
f 95/118/99 39/88/70 37/54/50 89/108/91
f 92/119/100 40/87/69 39/88/70 95/118/99
f 43/83/65 143/120/101 140/115/98 44/84/66
f 41/62/64 137/114/97 143/121/102 43/80/64
f 8/79/62 56/122/17 50/107/90 6/64/63
f 52/123/103 58/124/104 60/125/105 54/126/106
f 54/127/107 60/128/108 59/3/3 53/2/2
f 58/124/104 55/129/109 57/130/110 60/125/105
f 60/128/108 57/131/111 56/17/17 59/3/3
f 55/129/109 49/132/112 51/133/113 57/130/110
f 57/134/111 51/135/114 50/107/90 56/122/17
f 67/136/115 61/137/116 63/138/117 69/139/118
f 69/140/119 63/141/120 62/105/88 68/106/89
f 70/142/121 67/136/115 69/139/118 72/143/122
f 72/144/123 69/140/119 68/106/89 71/109/92
f 64/145/124 70/142/121 72/143/122 66/146/125
f 66/147/126 72/148/127 71/13/13 65/16/16
f 76/149/128 82/150/129 84/151/130 78/152/131
f 78/153/132 84/154/133 83/113/40 77/111/94
f 82/150/129 79/155/134 81/156/135 84/151/130
f 84/157/133 81/158/136 80/41/41 83/40/40
f 79/155/134 73/159/137 75/160/138 81/156/135
f 81/158/136 75/161/139 74/104/87 80/41/41
f 91/162/140 85/163/141 87/164/142 93/165/143
f 93/166/144 87/167/145 86/110/93 92/112/95
f 94/168/146 91/162/140 93/165/143 96/169/147
f 96/170/148 93/171/149 92/119/100 95/118/99
f 88/172/150 94/168/146 96/169/147 90/173/151
f 90/174/152 96/170/148 95/118/99 89/108/91
f 77/111/94 86/110/93 87/167/145 78/153/132
f 78/152/131 87/164/142 85/163/141 76/149/128
f 89/108/91 62/105/88 63/141/120 90/174/152
f 90/173/151 63/138/117 61/137/116 88/172/150
f 65/16/16 50/107/90 51/135/114 66/147/126
f 66/146/125 51/133/113 49/132/112 64/145/124
f 53/2/2 74/104/87 75/161/139 54/127/107
f 54/126/106 75/160/138 73/159/137 52/123/103
f 85/163/141 91/162/140 94/168/146 88/172/150 61/137/116 67/136/115 70/142/121 64/145/124 49/132/112 55/129/109 58/124/104 52/123/103 73/159/137 79/155/134 82/150/129 76/149/128
f 103/32/32 97/31/31 99/175/153 105/176/154
f 105/177/155 99/178/156 98/179/79 104/180/35
f 106/33/33 103/32/32 105/176/154 108/181/157
f 108/182/158 105/177/155 104/180/35 107/183/38
f 100/34/34 106/33/33 108/181/157 102/184/159
f 102/185/160 108/186/160 107/65/38 101/67/54
f 112/22/22 118/21/21 120/187/161 114/188/162
f 114/189/163 120/190/164 119/10/10 113/101/84
f 118/21/21 115/20/20 117/191/165 120/187/161
f 120/190/164 117/192/166 116/11/11 119/10/10
f 115/20/20 109/19/19 111/193/167 117/191/165
f 117/194/168 111/195/169 110/99/81 116/98/80
f 127/28/28 121/27/27 123/196/170 129/197/171
f 129/198/172 123/199/172 122/102/85 128/103/86
f 130/29/29 127/28/28 129/197/171 132/200/173
f 132/201/174 129/202/175 128/203/86 131/204/5
f 124/30/30 130/29/29 132/200/173 126/205/176
f 126/206/177 132/201/174 131/204/5 125/207/8
f 136/26/26 142/25/25 144/208/178 138/209/179
f 138/210/180 144/211/181 143/121/102 137/114/97
f 142/25/25 139/24/24 141/212/182 144/208/178
f 144/213/183 141/214/184 140/115/98 143/120/101
f 139/24/24 133/23/23 135/215/185 141/212/182
f 141/214/184 135/216/186 134/100/83 140/115/98
f 109/19/19 100/34/34 102/184/159 111/193/167
f 111/195/169 102/185/187 101/67/82 110/99/81
f 113/101/84 134/100/83 135/216/186 114/189/163
f 114/188/162 135/215/185 133/23/23 112/22/22
f 137/114/97 122/102/96 123/199/188 138/210/180
f 138/209/179 123/196/170 121/27/27 136/26/26
f 125/207/8 98/179/79 99/178/156 126/206/177
f 126/205/176 99/175/153 97/31/31 124/30/30
f 98/97/79 2/96/44 4/36/36 104/35/35
f 146/217/189 169/218/190 183/219/191 155/220/192
f 150/221/193 181/222/194 186/223/195 156/224/196
f 148/225/197 175/226/198 189/227/199 157/228/200
f 152/229/201 163/230/202 192/231/203 158/232/204
f 147/233/205 157/234/205 189/235/206 171/236/207
f 162/237/208 146/217/189 155/220/192 193/238/209
f 168/239/210 150/221/193 156/224/196 184/240/211
f 149/241/212 156/242/212 186/243/213 177/244/214
f 149/245/215 177/246/215 179/247/215 178/248/215 147/249/215 154/250/215
f 151/251/216 158/252/216 192/253/217 159/254/218
f 145/255/219 155/256/219 183/257/220 165/258/221
f 180/259/222 148/225/197 157/228/200 187/260/223
f 174/261/224 152/229/201 158/232/204 190/262/225
f 160/263/226 193/264/227 155/256/219 145/255/219
f 154/250/215 147/249/215 171/265/215 173/266/215 172/267/215 151/268/215
f 165/269/215 167/270/215 166/271/215 149/245/215 154/250/215 145/272/215
f 150/221/193 168/239/210 170/273/228 169/218/190 146/217/189 153/274/229
f 180/259/222 182/275/230 181/222/194 150/221/193 153/274/229 148/225/197
f 148/225/197 153/274/229 152/229/201 174/261/224 176/276/231 175/226/198
f 153/274/229 146/217/189 162/237/208 164/277/232 163/230/202 152/229/201
f 166/278/233 184/279/234 156/242/212 149/241/212
f 172/280/235 190/281/236 158/252/216 151/251/216
f 178/282/237 187/283/238 157/234/205 147/233/205
f 159/254/218 192/253/217 194/284/239 161/285/239
f 161/286/240 194/287/240 193/264/227 160/263/226
f 184/279/234 166/278/233 167/288/241 185/289/241
f 185/290/242 167/291/242 165/258/221 183/257/220
f 187/283/238 178/282/237 179/292/243 188/293/243
f 188/294/244 179/295/244 177/244/214 186/243/213
f 190/281/236 172/280/235 173/296/245 191/297/245
f 191/298/246 173/299/246 171/236/207 189/235/206
f 168/239/210 184/240/211 185/300/247 170/273/228
f 170/273/228 185/300/247 183/219/191 169/218/190
f 180/259/222 187/260/223 188/301/248 182/275/230
f 182/275/230 188/301/248 186/223/195 181/222/194
f 174/261/224 190/262/225 191/302/249 176/276/231
f 176/276/231 191/302/249 189/227/199 175/226/198
f 162/237/208 193/238/209 194/303/250 164/277/232
f 164/277/232 194/303/250 192/231/203 163/230/202
f 145/272/215 154/250/215 151/268/215 159/304/215 161/305/215 160/306/215
f 196/307/189 219/308/190 233/309/191 205/310/192
f 200/311/193 231/312/194 236/313/195 206/314/196
f 198/315/197 225/316/198 239/317/199 207/318/200
f 202/319/201 213/320/202 242/321/203 208/322/204
f 197/323/205 207/324/205 239/325/206 221/326/207
f 212/327/208 196/307/189 205/310/192 243/328/209
f 218/329/210 200/311/193 206/314/196 234/330/211
f 199/331/212 206/332/212 236/333/213 227/334/214
f 199/335/215 227/336/215 229/337/215 228/338/215 197/339/215 204/340/215
f 201/341/216 208/342/216 242/343/217 209/344/218
f 195/345/219 205/346/219 233/347/220 215/348/221
f 230/349/222 198/315/197 207/318/200 237/350/223
f 224/351/224 202/319/201 208/322/204 240/352/225
f 210/353/226 243/354/227 205/346/219 195/345/219
f 204/340/215 197/339/215 221/355/215 223/356/215 222/357/215 201/358/215
f 215/359/215 217/360/215 216/361/215 199/335/215 204/340/215 195/362/215
f 200/311/193 218/329/210 220/363/228 219/308/190 196/307/189 203/364/229
f 230/349/222 232/365/230 231/312/194 200/311/193 203/364/229 198/315/197
f 198/315/197 203/364/229 202/319/201 224/351/224 226/366/231 225/316/198
f 203/364/229 196/307/189 212/327/208 214/367/232 213/320/202 202/319/201
f 216/368/233 234/369/234 206/332/212 199/331/212
f 222/370/235 240/371/236 208/342/216 201/341/216
f 228/372/237 237/373/238 207/324/205 197/323/205
f 209/344/218 242/343/217 244/374/239 211/375/239
f 211/376/240 244/377/240 243/354/227 210/353/226
f 234/369/234 216/368/233 217/378/251 235/379/251
f 235/380/242 217/381/242 215/348/221 233/347/220
f 237/373/238 228/372/237 229/382/243 238/383/243
f 238/384/244 229/385/244 227/334/214 236/333/213
f 240/371/236 222/370/235 223/386/245 241/387/245
f 241/388/246 223/389/246 221/326/207 239/325/206
f 218/329/210 234/330/211 235/390/247 220/363/228
f 220/363/228 235/390/247 233/309/191 219/308/190
f 230/349/222 237/350/223 238/391/248 232/365/230
f 232/365/230 238/391/248 236/313/195 231/312/194
f 224/351/224 240/352/225 241/392/249 226/366/231
f 226/366/231 241/392/249 239/317/199 225/316/198
f 212/327/208 243/328/209 244/393/250 214/367/232
f 214/367/232 244/393/250 242/321/203 213/320/202
f 195/362/215 204/340/215 201/358/215 209/394/215 211/395/215 210/396/215
f 246/397/189 269/398/190 283/399/191 255/400/192
f 250/401/193 281/402/194 286/403/195 256/404/196
f 248/405/197 275/406/198 289/407/199 257/408/200
f 252/409/201 263/410/202 292/411/203 258/412/204
f 247/413/205 257/414/205 289/415/206 271/416/207
f 262/417/208 246/397/189 255/400/192 293/418/209
f 268/419/210 250/401/193 256/404/196 284/420/211
f 249/421/212 256/422/212 286/423/252 277/424/214
f 249/425/215 277/426/215 279/427/215 278/428/215 247/429/215 254/430/215
f 251/431/216 258/432/216 292/433/253 259/434/218
f 245/435/219 255/436/219 283/437/254 265/438/221
f 280/439/222 248/405/197 257/408/200 287/440/223
f 274/441/224 252/409/201 258/412/204 290/442/225
f 260/443/226 293/444/255 255/436/219 245/435/219
f 254/430/215 247/429/215 271/445/215 273/446/215 272/447/215 251/448/215
f 265/449/215 267/450/215 266/451/215 249/425/215 254/430/215 245/452/215
f 250/401/193 268/419/210 270/453/228 269/398/190 246/397/189 253/454/229
f 280/439/222 282/455/230 281/402/194 250/401/193 253/454/229 248/405/197
f 248/405/197 253/454/229 252/409/201 274/441/224 276/456/231 275/406/198
f 253/454/229 246/397/189 262/417/208 264/457/232 263/410/202 252/409/201
f 266/458/233 284/459/256 256/422/212 249/421/212
f 272/460/235 290/461/257 258/432/216 251/431/216
f 278/462/237 287/463/238 257/414/205 247/413/205
f 259/434/218 292/433/253 294/464/258 261/465/258
f 261/466/240 294/467/240 293/444/255 260/443/226
f 284/459/256 266/458/233 267/468/259 285/469/259
f 285/470/242 267/471/242 265/438/221 283/437/254
f 287/463/238 278/462/237 279/472/243 288/473/243
f 288/474/244 279/475/244 277/424/214 286/423/252
f 290/461/257 272/460/235 273/476/245 291/477/245
f 291/478/246 273/479/246 271/416/207 289/415/206
f 268/419/210 284/420/211 285/480/247 270/453/228
f 270/453/228 285/480/247 283/399/191 269/398/190
f 280/439/222 287/440/223 288/481/248 282/455/230
f 282/455/230 288/481/248 286/403/195 281/402/194
f 274/441/224 290/442/225 291/482/249 276/456/231
f 276/456/231 291/482/249 289/407/199 275/406/198
f 262/417/208 293/418/209 294/483/250 264/457/232
f 264/457/232 294/483/250 292/411/203 263/410/202
f 245/452/215 254/430/215 251/448/215 259/484/215 261/485/215 260/486/215
f 296/487/189 319/488/190 333/489/191 305/490/192
f 300/491/193 331/492/194 336/493/195 306/494/196
f 298/495/197 325/496/198 339/497/199 307/498/200
f 302/499/201 313/500/202 342/501/203 308/502/204
f 297/503/205 307/504/205 339/505/206 321/506/207
f 312/507/208 296/487/189 305/490/192 343/508/209
f 318/509/210 300/491/193 306/494/196 334/510/211
f 299/511/212 306/512/212 336/513/252 327/514/214
f 299/515/215 327/516/215 329/517/215 328/518/215 297/519/215 304/520/215
f 301/521/216 308/522/216 342/523/253 309/524/218
f 295/525/219 305/526/219 333/527/254 315/528/221
f 330/529/222 298/495/197 307/498/200 337/530/223
f 324/531/224 302/499/201 308/502/204 340/532/225
f 310/533/226 343/534/255 305/526/219 295/525/219
f 304/520/215 297/519/215 321/535/215 323/536/215 322/537/215 301/538/215
f 315/539/215 317/540/215 316/541/215 299/515/215 304/520/215 295/542/215
f 300/491/193 318/509/210 320/543/228 319/488/190 296/487/189 303/544/229
f 330/529/222 332/545/230 331/492/194 300/491/193 303/544/229 298/495/197
f 298/495/197 303/544/229 302/499/201 324/531/224 326/546/231 325/496/198
f 303/544/229 296/487/189 312/507/208 314/547/232 313/500/202 302/499/201
f 316/548/233 334/549/256 306/512/212 299/511/212
f 322/550/235 340/551/236 308/522/216 301/521/216
f 328/552/237 337/553/238 307/504/205 297/503/205
f 309/524/218 342/523/253 344/554/260 311/555/260
f 311/556/240 344/557/240 343/534/255 310/533/226
f 334/549/256 316/548/233 317/558/259 335/559/259
f 335/560/242 317/561/242 315/528/221 333/527/254
f 337/553/238 328/552/237 329/562/243 338/563/243
f 338/564/244 329/565/244 327/514/214 336/513/252
f 340/551/236 322/550/235 323/566/245 341/567/245
f 341/568/246 323/569/246 321/506/207 339/505/206
f 318/509/210 334/510/211 335/570/247 320/543/228
f 320/543/228 335/570/247 333/489/191 319/488/190
f 330/529/222 337/530/223 338/571/248 332/545/230
f 332/545/230 338/571/248 336/493/195 331/492/194
f 324/531/224 340/532/225 341/572/249 326/546/231
f 326/546/231 341/572/249 339/497/199 325/496/198
f 312/507/208 343/508/209 344/573/250 314/547/232
f 314/547/232 344/573/250 342/501/203 313/500/202
f 295/542/215 304/520/215 301/538/215 309/574/215 311/575/215 310/576/215
f 346/577/189 369/578/190 383/579/191 355/580/192
f 350/581/193 381/582/194 386/583/195 356/584/196
f 348/585/197 375/586/198 389/587/199 357/588/200
f 352/589/201 363/590/202 392/591/203 358/592/204
f 347/593/205 357/594/205 389/595/206 371/596/207
f 362/597/208 346/577/189 355/580/192 393/598/209
f 368/599/210 350/581/193 356/584/196 384/600/211
f 349/601/212 356/602/212 386/603/213 377/604/214
f 349/605/215 377/606/215 379/607/215 378/608/215 347/609/215 354/610/215
f 351/611/216 358/612/216 392/613/217 359/614/218
f 345/615/219 355/616/219 383/617/220 365/618/221
f 380/619/222 348/585/197 357/588/200 387/620/223
f 374/621/224 352/589/201 358/592/204 390/622/225
f 360/623/226 393/624/227 355/616/219 345/615/219
f 354/610/215 347/609/215 371/625/215 373/626/215 372/627/215 351/628/215
f 365/629/215 367/630/215 366/631/215 349/605/215 354/610/215 345/632/215
f 350/581/193 368/599/210 370/633/228 369/578/190 346/577/189 353/634/229
f 380/619/222 382/635/230 381/582/194 350/581/193 353/634/229 348/585/197
f 348/585/197 353/634/229 352/589/201 374/621/224 376/636/231 375/586/198
f 353/634/229 346/577/189 362/597/208 364/637/232 363/590/202 352/589/201
f 366/638/233 384/639/256 356/602/212 349/601/212
f 372/640/235 390/641/236 358/612/216 351/611/216
f 378/642/237 387/643/238 357/594/205 347/593/205
f 359/614/218 392/613/217 394/644/258 361/645/258
f 361/646/240 394/647/240 393/624/227 360/623/226
f 384/639/256 366/638/233 367/648/251 385/649/251
f 385/650/242 367/651/242 365/618/221 383/617/220
f 387/643/238 378/642/237 379/652/243 388/653/243
f 388/654/244 379/655/244 377/604/214 386/603/213
f 390/641/236 372/640/235 373/656/245 391/657/245
f 391/658/246 373/659/246 371/596/207 389/595/206
f 368/599/210 384/600/211 385/660/247 370/633/228
f 370/633/228 385/660/247 383/579/191 369/578/190
f 380/619/222 387/620/223 388/661/248 382/635/230
f 382/635/230 388/661/248 386/583/195 381/582/194
f 374/621/224 390/622/225 391/662/249 376/636/231
f 376/636/231 391/662/249 389/587/199 375/586/198
f 362/597/208 393/598/209 394/663/250 364/637/232
f 364/637/232 394/663/250 392/591/203 363/590/202
f 345/632/215 354/610/215 351/628/215 359/664/215 361/665/215 360/666/215
f 396/667/189 419/668/190 433/669/191 405/670/192
f 400/671/193 431/672/194 436/673/195 406/674/196
f 398/675/197 425/676/198 439/677/199 407/678/200
f 402/679/201 413/680/202 442/681/203 408/682/204
f 397/683/205 407/684/205 439/685/206 421/686/207
f 412/687/208 396/667/189 405/670/192 443/688/209
f 418/689/210 400/671/193 406/674/196 434/690/211
f 399/691/212 406/692/212 436/693/213 427/694/214
f 399/695/215 427/696/215 429/697/215 428/698/215 397/699/215 404/700/215
f 401/701/216 408/702/216 442/703/253 409/704/218
f 395/705/219 405/706/219 433/707/220 415/708/221
f 430/709/222 398/675/197 407/678/200 437/710/223
f 424/711/224 402/679/201 408/682/204 440/712/225
f 410/713/226 443/714/227 405/706/219 395/705/219
f 404/700/215 397/699/215 421/715/215 423/716/215 422/717/215 401/718/215
f 415/719/215 417/720/215 416/721/215 399/695/215 404/700/215 395/722/215
f 400/671/193 418/689/210 420/723/228 419/668/190 396/667/189 403/724/229
f 430/709/222 432/725/230 431/672/194 400/671/193 403/724/229 398/675/197
f 398/675/197 403/724/229 402/679/201 424/711/224 426/726/231 425/676/198
f 403/724/229 396/667/189 412/687/208 414/727/232 413/680/202 402/679/201
f 416/728/233 434/729/256 406/692/212 399/691/212
f 422/730/235 440/731/236 408/702/216 401/701/216
f 428/732/237 437/733/238 407/684/205 397/683/205
f 409/704/218 442/703/253 444/734/258 411/735/258
f 411/736/240 444/737/240 443/714/227 410/713/226
f 434/729/256 416/728/233 417/738/251 435/739/251
f 435/740/242 417/741/242 415/708/221 433/707/220
f 437/733/238 428/732/237 429/742/243 438/743/243
f 438/744/244 429/745/244 427/694/214 436/693/213
f 440/731/236 422/730/235 423/746/245 441/747/245
f 441/748/246 423/749/246 421/686/207 439/685/206
f 418/689/210 434/690/211 435/750/247 420/723/228
f 420/723/228 435/750/247 433/669/191 419/668/190
f 430/709/222 437/710/223 438/751/248 432/725/230
f 432/725/230 438/751/248 436/673/195 431/672/194
f 424/711/224 440/712/225 441/752/249 426/726/231
f 426/726/231 441/752/249 439/677/199 425/676/198
f 412/687/208 443/688/209 444/753/250 414/727/232
f 414/727/232 444/753/250 442/681/203 413/680/202
f 395/722/215 404/700/215 401/718/215 409/754/215 411/755/215 410/756/215
f 446/757/189 469/758/190 483/759/191 455/760/192
f 450/761/193 481/762/194 486/763/195 456/764/196
f 448/765/197 475/766/198 489/767/199 457/768/200
f 452/769/201 463/770/202 492/771/203 458/772/204
f 447/773/205 457/774/205 489/775/206 471/776/207
f 462/777/208 446/757/189 455/760/192 493/778/209
f 468/779/210 450/761/193 456/764/196 484/780/211
f 449/781/212 456/782/212 486/783/213 477/784/214
f 449/785/215 477/786/215 479/787/215 478/788/215 447/789/215 454/790/215
f 451/791/216 458/792/216 492/793/253 459/794/218
f 445/795/219 455/796/219 483/797/220 465/798/221
f 480/799/222 448/765/197 457/768/200 487/800/223
f 474/801/224 452/769/201 458/772/204 490/802/225
f 460/803/226 493/804/227 455/796/219 445/795/219
f 454/790/215 447/789/215 471/805/215 473/806/215 472/807/215 451/808/215
f 465/809/215 467/810/215 466/811/215 449/785/215 454/790/215 445/812/215
f 450/761/193 468/779/210 470/813/228 469/758/190 446/757/189 453/814/229
f 480/799/222 482/815/230 481/762/194 450/761/193 453/814/229 448/765/197
f 448/765/197 453/814/229 452/769/201 474/801/224 476/816/231 475/766/198
f 453/814/229 446/757/189 462/777/208 464/817/232 463/770/202 452/769/201
f 466/818/233 484/819/256 456/782/212 449/781/212
f 472/820/235 490/821/236 458/792/216 451/791/216
f 478/822/237 487/823/238 457/774/205 447/773/205
f 459/794/218 492/793/253 494/824/258 461/825/258
f 461/826/240 494/827/240 493/804/227 460/803/226
f 484/819/256 466/818/233 467/828/251 485/829/251
f 485/830/242 467/831/242 465/798/221 483/797/220
f 487/823/238 478/822/237 479/832/243 488/833/243
f 488/834/244 479/835/244 477/784/214 486/783/213
f 490/821/236 472/820/235 473/836/245 491/837/245
f 491/838/246 473/839/246 471/776/207 489/775/206
f 468/779/210 484/780/211 485/840/247 470/813/228
f 470/813/228 485/840/247 483/759/191 469/758/190
f 480/799/222 487/800/223 488/841/248 482/815/230
f 482/815/230 488/841/248 486/763/195 481/762/194
f 474/801/224 490/802/225 491/842/249 476/816/231
f 476/816/231 491/842/249 489/767/199 475/766/198
f 462/777/208 493/778/209 494/843/250 464/817/232
f 464/817/232 494/843/250 492/771/203 463/770/202
f 445/812/215 454/790/215 451/808/215 459/844/215 461/845/215 460/846/215
f 496/847/189 519/848/190 533/849/191 505/850/192
f 500/851/193 531/852/194 536/853/195 506/854/196
f 498/855/197 525/856/198 539/857/199 507/858/200
f 502/859/201 513/860/202 542/861/203 508/862/204
f 497/863/205 507/864/205 539/865/206 521/866/207
f 512/867/208 496/847/189 505/850/192 543/868/209
f 518/869/210 500/851/193 506/854/196 534/870/211
f 499/871/212 506/872/212 536/873/213 527/874/214
f 499/875/215 527/876/215 529/877/215 528/878/215 497/879/215 504/880/215
f 501/881/216 508/882/216 542/883/253 509/884/218
f 495/885/219 505/886/219 533/887/220 515/888/221
f 530/889/222 498/855/197 507/858/200 537/890/223
f 524/891/224 502/859/201 508/862/204 540/892/225
f 510/893/226 543/894/227 505/886/219 495/885/219
f 504/880/215 497/879/215 521/895/215 523/896/215 522/897/215 501/898/215
f 515/899/215 517/900/215 516/901/215 499/875/215 504/880/215 495/902/215
f 500/851/193 518/869/210 520/903/228 519/848/190 496/847/189 503/904/229
f 530/889/222 532/905/230 531/852/194 500/851/193 503/904/229 498/855/197
f 498/855/197 503/904/229 502/859/201 524/891/224 526/906/231 525/856/198
f 503/904/229 496/847/189 512/867/208 514/907/232 513/860/202 502/859/201
f 516/908/233 534/909/234 506/872/212 499/871/212
f 522/910/235 540/911/236 508/882/216 501/881/216
f 528/912/237 537/913/238 507/864/205 497/863/205
f 509/884/218 542/883/253 544/914/258 511/915/258
f 511/916/240 544/917/240 543/894/227 510/893/226
f 534/909/234 516/908/233 517/918/251 535/919/251
f 535/920/242 517/921/242 515/888/221 533/887/220
f 537/913/238 528/912/237 529/922/243 538/923/243
f 538/924/244 529/925/244 527/874/214 536/873/213
f 540/911/236 522/910/235 523/926/245 541/927/245
f 541/928/246 523/929/246 521/866/207 539/865/206
f 518/869/210 534/870/211 535/930/247 520/903/228
f 520/903/228 535/930/247 533/849/191 519/848/190
f 530/889/222 537/890/223 538/931/248 532/905/230
f 532/905/230 538/931/248 536/853/195 531/852/194
f 524/891/224 540/892/225 541/932/249 526/906/231
f 526/906/231 541/932/249 539/857/199 525/856/198
f 512/867/208 543/868/209 544/933/250 514/907/232
f 514/907/232 544/933/250 542/861/203 513/860/202
f 495/902/215 504/880/215 501/898/215 509/934/215 511/935/215 510/936/215
f 546/937/189 569/938/190 583/939/191 555/940/192
f 550/941/193 581/942/194 586/943/195 556/944/196
f 548/945/197 575/946/198 589/947/199 557/948/200
f 552/949/201 563/950/202 592/951/203 558/952/204
f 547/953/205 557/954/205 589/955/206 571/956/207
f 562/957/208 546/937/189 555/940/192 593/958/209
f 568/959/210 550/941/193 556/944/196 584/960/211
f 549/961/212 556/962/212 586/963/213 577/964/214
f 549/965/215 577/966/215 579/967/215 578/968/215 547/969/215 554/970/215
f 551/971/216 558/972/216 592/973/217 559/974/218
f 545/975/219 555/976/219 583/977/220 565/978/221
f 580/979/222 548/945/197 557/948/200 587/980/223
f 574/981/224 552/949/201 558/952/204 590/982/225
f 560/983/226 593/984/227 555/976/219 545/975/219
f 554/970/215 547/969/215 571/985/215 573/986/215 572/987/215 551/988/215
f 565/989/215 567/990/215 566/991/215 549/965/215 554/970/215 545/992/215
f 550/941/193 568/959/210 570/993/228 569/938/190 546/937/189 553/994/229
f 580/979/222 582/995/230 581/942/194 550/941/193 553/994/229 548/945/197
f 548/945/197 553/994/229 552/949/201 574/981/224 576/996/231 575/946/198
f 553/994/229 546/937/189 562/957/208 564/997/232 563/950/202 552/949/201
f 566/998/233 584/999/234 556/962/212 549/961/212
f 572/1000/235 590/1001/236 558/972/216 551/971/216
f 578/1002/237 587/1003/238 557/954/205 547/953/205
f 559/974/218 592/973/217 594/1004/239 561/1005/239
f 561/1006/240 594/1007/240 593/984/227 560/983/226
f 584/999/234 566/998/233 567/1008/241 585/1009/241
f 585/1010/242 567/1011/242 565/978/221 583/977/220
f 587/1003/238 578/1002/237 579/1012/243 588/1013/243
f 588/1014/244 579/1015/244 577/964/214 586/963/213
f 590/1001/236 572/1000/235 573/1016/245 591/1017/245
f 591/1018/246 573/1019/246 571/956/207 589/955/206
f 568/959/210 584/960/211 585/1020/247 570/993/228
f 570/993/228 585/1020/247 583/939/191 569/938/190
f 580/979/222 587/980/223 588/1021/248 582/995/230
f 582/995/230 588/1021/248 586/943/195 581/942/194
f 574/981/224 590/982/225 591/1022/249 576/996/231
f 576/996/231 591/1022/249 589/947/199 575/946/198
f 562/957/208 593/958/209 594/1023/250 564/997/232
f 564/997/232 594/1023/250 592/951/203 563/950/202
f 545/992/215 554/970/215 551/988/215 559/1024/215 561/1025/215 560/1026/215
f 596/1027/189 619/1028/190 633/1029/191 605/1030/192
f 600/1031/193 631/1032/194 636/1033/195 606/1034/196
f 598/1035/197 625/1036/198 639/1037/199 607/1038/200
f 602/1039/201 613/1040/202 642/1041/203 608/1042/204
f 597/1043/205 607/1044/205 639/1045/206 621/1046/207
f 612/1047/208 596/1027/189 605/1030/192 643/1048/209
f 618/1049/210 600/1031/193 606/1034/196 634/1050/211
f 599/1051/212 606/1052/212 636/1053/213 627/1054/214
f 599/1055/215 627/1056/215 629/1057/215 628/1058/215 597/1059/215 604/1060/215
f 601/1061/216 608/1062/216 642/1063/217 609/1064/218
f 595/1065/219 605/1066/219 633/1067/220 615/1068/221
f 630/1069/222 598/1035/197 607/1038/200 637/1070/223
f 624/1071/224 602/1039/201 608/1042/204 640/1072/225
f 610/1073/226 643/1074/227 605/1066/219 595/1065/219
f 604/1060/215 597/1059/215 621/1075/215 623/1076/215 622/1077/215 601/1078/215
f 615/1079/215 617/1080/215 616/1081/215 599/1055/215 604/1060/215 595/1082/215
f 600/1031/193 618/1049/210 620/1083/228 619/1028/190 596/1027/189 603/1084/229
f 630/1069/222 632/1085/230 631/1032/194 600/1031/193 603/1084/229 598/1035/197
f 598/1035/197 603/1084/229 602/1039/201 624/1071/224 626/1086/231 625/1036/198
f 603/1084/229 596/1027/189 612/1047/208 614/1087/232 613/1040/202 602/1039/201
f 616/1088/233 634/1089/234 606/1052/212 599/1051/212
f 622/1090/235 640/1091/236 608/1062/216 601/1061/216
f 628/1092/237 637/1093/238 607/1044/205 597/1043/205
f 609/1064/218 642/1063/217 644/1094/239 611/1095/239
f 611/1096/240 644/1097/240 643/1074/227 610/1073/226
f 634/1089/234 616/1088/233 617/1098/241 635/1099/241
f 635/1100/242 617/1101/242 615/1068/221 633/1067/220
f 637/1093/238 628/1092/237 629/1102/243 638/1103/243
f 638/1104/244 629/1105/244 627/1054/214 636/1053/213
f 640/1091/236 622/1090/235 623/1106/245 641/1107/245
f 641/1108/246 623/1109/246 621/1046/207 639/1045/206
f 618/1049/210 634/1050/211 635/1110/247 620/1083/228
f 620/1083/228 635/1110/247 633/1029/191 619/1028/190
f 630/1069/222 637/1070/223 638/1111/248 632/1085/230
f 632/1085/230 638/1111/248 636/1033/195 631/1032/194
f 624/1071/224 640/1072/225 641/1112/249 626/1086/231
f 626/1086/231 641/1112/249 639/1037/199 625/1036/198
f 612/1047/208 643/1048/209 644/1113/250 614/1087/232
f 614/1087/232 644/1113/250 642/1041/203 613/1040/202
f 595/1082/215 604/1060/215 601/1078/215 609/1114/215 611/1115/215 610/1116/215
f 646/1117/189 669/1118/190 683/1119/191 655/1120/192
f 650/1121/193 681/1122/194 686/1123/195 656/1124/196
f 648/1125/197 675/1126/198 689/1127/199 657/1128/200
f 652/1129/201 663/1130/202 692/1131/203 658/1132/204
f 647/1133/205 657/1134/205 689/1135/206 671/1136/207
f 662/1137/208 646/1117/189 655/1120/192 693/1138/209
f 668/1139/210 650/1121/193 656/1124/196 684/1140/211
f 649/1141/212 656/1142/212 686/1143/213 677/1144/214
f 649/1145/215 677/1146/215 679/1147/215 678/1148/215 647/1149/215 654/1150/215
f 651/1151/216 658/1152/216 692/1153/217 659/1154/218
f 645/1155/219 655/1156/219 683/1157/220 665/1158/221
f 680/1159/222 648/1125/197 657/1128/200 687/1160/223
f 674/1161/224 652/1129/201 658/1132/204 690/1162/225
f 660/1163/226 693/1164/227 655/1156/219 645/1155/219
f 654/1150/215 647/1149/215 671/1165/215 673/1166/215 672/1167/215 651/1168/215
f 665/1169/215 667/1170/215 666/1171/215 649/1145/215 654/1150/215 645/1172/215
f 650/1121/193 668/1139/210 670/1173/228 669/1118/190 646/1117/189 653/1174/229
f 680/1159/222 682/1175/230 681/1122/194 650/1121/193 653/1174/229 648/1125/197
f 648/1125/197 653/1174/229 652/1129/201 674/1161/224 676/1176/231 675/1126/198
f 653/1174/229 646/1117/189 662/1137/208 664/1177/232 663/1130/202 652/1129/201
f 666/1178/233 684/1179/234 656/1142/212 649/1141/212
f 672/1180/235 690/1181/236 658/1152/216 651/1151/216
f 678/1182/237 687/1183/238 657/1134/205 647/1133/205
f 659/1154/218 692/1153/217 694/1184/239 661/1185/239
f 661/1186/240 694/1187/240 693/1164/227 660/1163/226
f 684/1179/234 666/1178/233 667/1188/259 685/1189/259
f 685/1190/242 667/1191/242 665/1158/221 683/1157/220
f 687/1183/238 678/1182/237 679/1192/243 688/1193/243
f 688/1194/244 679/1195/244 677/1144/214 686/1143/213
f 690/1181/236 672/1180/235 673/1196/245 691/1197/245
f 691/1198/246 673/1199/246 671/1136/207 689/1135/206
f 668/1139/210 684/1140/211 685/1200/247 670/1173/228
f 670/1173/228 685/1200/247 683/1119/191 669/1118/190
f 680/1159/222 687/1160/223 688/1201/248 682/1175/230
f 682/1175/230 688/1201/248 686/1123/195 681/1122/194
f 674/1161/224 690/1162/225 691/1202/249 676/1176/231
f 676/1176/231 691/1202/249 689/1127/199 675/1126/198
f 662/1137/208 693/1138/209 694/1203/250 664/1177/232
f 664/1177/232 694/1203/250 692/1131/203 663/1130/202
f 645/1172/215 654/1150/215 651/1168/215 659/1204/215 661/1205/215 660/1206/215
f 696/1207/189 719/1208/190 733/1209/191 705/1210/192
f 700/1211/193 731/1212/194 736/1213/195 706/1214/196
f 698/1215/197 725/1216/198 739/1217/199 707/1218/200
f 702/1219/201 713/1220/202 742/1221/203 708/1222/204
f 697/1223/205 707/1224/205 739/1225/206 721/1226/207
f 712/1227/208 696/1207/189 705/1210/192 743/1228/209
f 718/1229/210 700/1211/193 706/1214/196 734/1230/211
f 699/1231/212 706/1232/212 736/1233/213 727/1234/214
f 699/1235/215 727/1236/215 729/1237/215 728/1238/215 697/1239/215 704/1240/215
f 701/1241/216 708/1242/216 742/1243/253 709/1244/218
f 695/1245/219 705/1246/219 733/1247/220 715/1248/221
f 730/1249/222 698/1215/197 707/1218/200 737/1250/223
f 724/1251/224 702/1219/201 708/1222/204 740/1252/225
f 710/1253/226 743/1254/227 705/1246/219 695/1245/219
f 704/1240/215 697/1239/215 721/1255/215 723/1256/215 722/1257/215 701/1258/215
f 715/1259/215 717/1260/215 716/1261/215 699/1235/215 704/1240/215 695/1262/215
f 700/1211/193 718/1229/210 720/1263/228 719/1208/190 696/1207/189 703/1264/229
f 730/1249/222 732/1265/230 731/1212/194 700/1211/193 703/1264/229 698/1215/197
f 698/1215/197 703/1264/229 702/1219/201 724/1251/224 726/1266/231 725/1216/198
f 703/1264/229 696/1207/189 712/1227/208 714/1267/232 713/1220/202 702/1219/201
f 716/1268/233 734/1269/256 706/1232/212 699/1231/212
f 722/1270/235 740/1271/236 708/1242/216 701/1241/216
f 728/1272/237 737/1273/238 707/1224/205 697/1223/205
f 709/1244/218 742/1243/253 744/1274/260 711/1275/260
f 711/1276/240 744/1277/240 743/1254/227 710/1253/226
f 734/1269/256 716/1268/233 717/1278/251 735/1279/251
f 735/1280/242 717/1281/242 715/1248/221 733/1247/220
f 737/1273/238 728/1272/237 729/1282/243 738/1283/243
f 738/1284/244 729/1285/244 727/1234/214 736/1233/213
f 740/1271/236 722/1270/235 723/1286/261 741/1287/261
f 741/1288/246 723/1289/246 721/1226/207 739/1225/206
f 718/1229/210 734/1230/211 735/1290/247 720/1263/228
f 720/1263/228 735/1290/247 733/1209/191 719/1208/190
f 730/1249/222 737/1250/223 738/1291/248 732/1265/230
f 732/1265/230 738/1291/248 736/1213/195 731/1212/194
f 724/1251/224 740/1252/225 741/1292/249 726/1266/231
f 726/1266/231 741/1292/249 739/1217/199 725/1216/198
f 712/1227/208 743/1228/209 744/1293/250 714/1267/232
f 714/1267/232 744/1293/250 742/1221/203 713/1220/202
f 695/1262/215 704/1240/215 701/1258/215 709/1294/215 711/1295/215 710/1296/215
f 746/1297/189 769/1298/190 783/1299/191 755/1300/192
f 750/1301/193 781/1302/194 786/1303/195 756/1304/196
f 748/1305/197 775/1306/198 789/1307/199 757/1308/200
f 752/1309/201 763/1310/202 792/1311/203 758/1312/204
f 747/1313/205 757/1314/205 789/1315/206 771/1316/207
f 762/1317/208 746/1297/189 755/1300/192 793/1318/209
f 768/1319/210 750/1301/193 756/1304/196 784/1320/211
f 749/1321/212 756/1322/212 786/1323/252 777/1324/214
f 749/1325/215 777/1326/215 779/1327/215 778/1328/215 747/1329/215 754/1330/215
f 751/1331/216 758/1332/216 792/1333/217 759/1334/218
f 745/1335/219 755/1336/219 783/1337/220 765/1338/221
f 780/1339/222 748/1305/197 757/1308/200 787/1340/223
f 774/1341/224 752/1309/201 758/1312/204 790/1342/225
f 760/1343/226 793/1344/227 755/1336/219 745/1335/219
f 754/1330/215 747/1329/215 771/1345/215 773/1346/215 772/1347/215 751/1348/215
f 765/1349/215 767/1350/215 766/1351/215 749/1325/215 754/1330/215 745/1352/215
f 750/1301/193 768/1319/210 770/1353/228 769/1298/190 746/1297/189 753/1354/229
f 780/1339/222 782/1355/230 781/1302/194 750/1301/193 753/1354/229 748/1305/197
f 748/1305/197 753/1354/229 752/1309/201 774/1341/224 776/1356/231 775/1306/198
f 753/1354/229 746/1297/189 762/1317/208 764/1357/232 763/1310/202 752/1309/201
f 766/1358/233 784/1359/234 756/1322/212 749/1321/212
f 772/1360/235 790/1361/236 758/1332/216 751/1331/216
f 778/1362/237 787/1363/238 757/1314/205 747/1313/205
f 759/1334/218 792/1333/217 794/1364/239 761/1365/239
f 761/1366/240 794/1367/240 793/1344/227 760/1343/226
f 784/1359/234 766/1358/233 767/1368/251 785/1369/251
f 785/1370/242 767/1371/242 765/1338/221 783/1337/220
f 787/1363/238 778/1362/237 779/1372/243 788/1373/243
f 788/1374/244 779/1375/244 777/1324/214 786/1323/252
f 790/1361/236 772/1360/235 773/1376/245 791/1377/245
f 791/1378/246 773/1379/246 771/1316/207 789/1315/206
f 768/1319/210 784/1320/211 785/1380/247 770/1353/228
f 770/1353/228 785/1380/247 783/1299/191 769/1298/190
f 780/1339/222 787/1340/223 788/1381/248 782/1355/230
f 782/1355/230 788/1381/248 786/1303/195 781/1302/194
f 774/1341/224 790/1342/225 791/1382/249 776/1356/231
f 776/1356/231 791/1382/249 789/1307/199 775/1306/198
f 762/1317/208 793/1318/209 794/1383/250 764/1357/232
f 764/1357/232 794/1383/250 792/1311/203 763/1310/202
f 745/1352/215 754/1330/215 751/1348/215 759/1384/215 761/1385/215 760/1386/215
f 796/1387/189 819/1388/190 833/1389/191 805/1390/192
f 800/1391/193 831/1392/194 836/1393/195 806/1394/196
f 798/1395/197 825/1396/198 839/1397/199 807/1398/200
f 802/1399/201 813/1400/202 842/1401/203 808/1402/204
f 797/1403/205 807/1404/205 839/1405/206 821/1406/207
f 812/1407/208 796/1387/189 805/1390/192 843/1408/209
f 818/1409/210 800/1391/193 806/1394/196 834/1410/211
f 799/1411/212 806/1412/212 836/1413/252 827/1414/214
f 799/1415/215 827/1416/215 829/1417/215 828/1418/215 797/1419/215 804/1420/215
f 801/1421/216 808/1422/216 842/1423/253 809/1424/218
f 795/1425/219 805/1426/219 833/1427/220 815/1428/221
f 830/1429/222 798/1395/197 807/1398/200 837/1430/223
f 824/1431/224 802/1399/201 808/1402/204 840/1432/225
f 810/1433/226 843/1434/255 805/1426/219 795/1425/219
f 804/1420/215 797/1419/215 821/1435/215 823/1436/215 822/1437/215 801/1438/215
f 815/1439/215 817/1440/215 816/1441/215 799/1415/215 804/1420/215 795/1442/215
f 800/1391/193 818/1409/210 820/1443/228 819/1388/190 796/1387/189 803/1444/229
f 830/1429/222 832/1445/230 831/1392/194 800/1391/193 803/1444/229 798/1395/197
f 798/1395/197 803/1444/229 802/1399/201 824/1431/224 826/1446/231 825/1396/198
f 803/1444/229 796/1387/189 812/1407/208 814/1447/232 813/1400/202 802/1399/201
f 816/1448/233 834/1449/234 806/1412/212 799/1411/212
f 822/1450/235 840/1451/257 808/1422/216 801/1421/216
f 828/1452/237 837/1453/238 807/1404/205 797/1403/205
f 809/1424/218 842/1423/253 844/1454/258 811/1455/258
f 811/1456/240 844/1457/240 843/1434/255 810/1433/226
f 834/1449/234 816/1448/233 817/1458/259 835/1459/259
f 835/1460/242 817/1461/242 815/1428/221 833/1427/220
f 837/1453/238 828/1452/237 829/1462/243 838/1463/243
f 838/1464/244 829/1465/244 827/1414/214 836/1413/252
f 840/1451/257 822/1450/235 823/1466/245 841/1467/245
f 841/1468/246 823/1469/246 821/1406/207 839/1405/206
f 818/1409/210 834/1410/211 835/1470/247 820/1443/228
f 820/1443/228 835/1470/247 833/1389/191 819/1388/190
f 830/1429/222 837/1430/223 838/1471/248 832/1445/230
f 832/1445/230 838/1471/248 836/1393/195 831/1392/194
f 824/1431/224 840/1432/225 841/1472/249 826/1446/231
f 826/1446/231 841/1472/249 839/1397/199 825/1396/198
f 812/1407/208 843/1408/209 844/1473/250 814/1447/232
f 814/1447/232 844/1473/250 842/1401/203 813/1400/202
f 795/1442/215 804/1420/215 801/1438/215 809/1474/215 811/1475/215 810/1476/215
f 846/1477/189 869/1478/190 883/1479/191 855/1480/192
f 850/1481/193 881/1482/194 886/1483/195 856/1484/196
f 848/1485/197 875/1486/198 889/1487/199 857/1488/200
f 852/1489/201 863/1490/202 892/1491/203 858/1492/204
f 847/1493/205 857/1494/205 889/1495/206 871/1496/207
f 862/1497/208 846/1477/189 855/1480/192 893/1498/209
f 868/1499/210 850/1481/193 856/1484/196 884/1500/211
f 849/1501/212 856/1502/212 886/1503/252 877/1504/214
f 849/1505/215 877/1506/215 879/1507/215 878/1508/215 847/1509/215 854/1510/215
f 851/1511/216 858/1512/216 892/1513/253 859/1514/218
f 845/1515/219 855/1516/219 883/1517/254 865/1518/221
f 880/1519/222 848/1485/197 857/1488/200 887/1520/223
f 874/1521/224 852/1489/201 858/1492/204 890/1522/225
f 860/1523/226 893/1524/255 855/1516/219 845/1515/219
f 854/1510/215 847/1509/215 871/1525/215 873/1526/215 872/1527/215 851/1528/215
f 865/1529/215 867/1530/215 866/1531/215 849/1505/215 854/1510/215 845/1532/215
f 850/1481/193 868/1499/210 870/1533/228 869/1478/190 846/1477/189 853/1534/229
f 880/1519/222 882/1535/230 881/1482/194 850/1481/193 853/1534/229 848/1485/197
f 848/1485/197 853/1534/229 852/1489/201 874/1521/224 876/1536/231 875/1486/198
f 853/1534/229 846/1477/189 862/1497/208 864/1537/232 863/1490/202 852/1489/201
f 866/1538/233 884/1539/234 856/1502/212 849/1501/212
f 872/1540/235 890/1541/236 858/1512/216 851/1511/216
f 878/1542/237 887/1543/238 857/1494/205 847/1493/205
f 859/1514/218 892/1513/253 894/1544/260 861/1545/260
f 861/1546/240 894/1547/240 893/1524/255 860/1523/226
f 884/1539/234 866/1538/233 867/1548/251 885/1549/251
f 885/1550/242 867/1551/242 865/1518/221 883/1517/254
f 887/1543/238 878/1542/237 879/1552/243 888/1553/243
f 888/1554/244 879/1555/244 877/1504/214 886/1503/252
f 890/1541/236 872/1540/235 873/1556/245 891/1557/245
f 891/1558/246 873/1559/246 871/1496/207 889/1495/206
f 868/1499/210 884/1500/211 885/1560/247 870/1533/228
f 870/1533/228 885/1560/247 883/1479/191 869/1478/190
f 880/1519/222 887/1520/223 888/1561/248 882/1535/230
f 882/1535/230 888/1561/248 886/1483/195 881/1482/194
f 874/1521/224 890/1522/225 891/1562/249 876/1536/231
f 876/1536/231 891/1562/249 889/1487/199 875/1486/198
f 862/1497/208 893/1498/209 894/1563/250 864/1537/232
f 864/1537/232 894/1563/250 892/1491/203 863/1490/202
f 845/1532/215 854/1510/215 851/1528/215 859/1564/215 861/1565/215 860/1566/215
f 896/1567/189 919/1568/190 933/1569/191 905/1570/192
f 900/1571/193 931/1572/194 936/1573/195 906/1574/196
f 898/1575/197 925/1576/198 939/1577/199 907/1578/200
f 902/1579/201 913/1580/202 942/1581/203 908/1582/204
f 897/1583/205 907/1584/205 939/1585/206 921/1586/207
f 912/1587/208 896/1567/189 905/1570/192 943/1588/209
f 918/1589/210 900/1571/193 906/1574/196 934/1590/211
f 899/1591/212 906/1592/212 936/1593/252 927/1594/214
f 899/1595/215 927/1596/215 929/1597/215 928/1598/215 897/1599/215 904/1600/215
f 901/1601/216 908/1602/216 942/1603/253 909/1604/218
f 895/1605/219 905/1606/219 933/1607/254 915/1608/221
f 930/1609/222 898/1575/197 907/1578/200 937/1610/223
f 924/1611/224 902/1579/201 908/1582/204 940/1612/225
f 910/1613/226 943/1614/227 905/1606/219 895/1605/219
f 904/1600/215 897/1599/215 921/1615/215 923/1616/215 922/1617/215 901/1618/215
f 915/1619/215 917/1620/215 916/1621/215 899/1595/215 904/1600/215 895/1622/215
f 900/1571/193 918/1589/210 920/1623/228 919/1568/190 896/1567/189 903/1624/229
f 930/1609/222 932/1625/230 931/1572/194 900/1571/193 903/1624/229 898/1575/197
f 898/1575/197 903/1624/229 902/1579/201 924/1611/224 926/1626/231 925/1576/198
f 903/1624/229 896/1567/189 912/1587/208 914/1627/232 913/1580/202 902/1579/201
f 916/1628/233 934/1629/234 906/1592/212 899/1591/212
f 922/1630/235 940/1631/257 908/1602/216 901/1601/216
f 928/1632/237 937/1633/238 907/1584/205 897/1583/205
f 909/1604/218 942/1603/253 944/1634/258 911/1635/258
f 911/1636/240 944/1637/240 943/1614/227 910/1613/226
f 934/1629/234 916/1628/233 917/1638/251 935/1639/251
f 935/1640/242 917/1641/242 915/1608/221 933/1607/254
f 937/1633/238 928/1632/237 929/1642/243 938/1643/243
f 938/1644/244 929/1645/244 927/1594/214 936/1593/252
f 940/1631/257 922/1630/235 923/1646/245 941/1647/245
f 941/1648/246 923/1649/246 921/1586/207 939/1585/206
f 918/1589/210 934/1590/211 935/1650/247 920/1623/228
f 920/1623/228 935/1650/247 933/1569/191 919/1568/190
f 930/1609/222 937/1610/223 938/1651/248 932/1625/230
f 932/1625/230 938/1651/248 936/1573/195 931/1572/194
f 924/1611/224 940/1612/225 941/1652/249 926/1626/231
f 926/1626/231 941/1652/249 939/1577/199 925/1576/198
f 912/1587/208 943/1588/209 944/1653/250 914/1627/232
f 914/1627/232 944/1653/250 942/1581/203 913/1580/202
f 895/1622/215 904/1600/215 901/1618/215 909/1654/215 911/1655/215 910/1656/215
f 946/1657/189 969/1658/190 983/1659/191 955/1660/192
f 950/1661/193 981/1662/194 986/1663/195 956/1664/196
f 948/1665/197 975/1666/198 989/1667/199 957/1668/200
f 952/1669/201 963/1670/202 992/1671/203 958/1672/204
f 947/1673/205 957/1674/205 989/1675/206 971/1676/207
f 962/1677/208 946/1657/189 955/1660/192 993/1678/209
f 968/1679/210 950/1661/193 956/1664/196 984/1680/211
f 949/1681/212 956/1682/212 986/1683/252 977/1684/214
f 949/1685/215 977/1686/215 979/1687/215 978/1688/215 947/1689/215 954/1690/215
f 951/1691/216 958/1692/216 992/1693/253 959/1694/218
f 945/1695/219 955/1696/219 983/1697/220 965/1698/221
f 980/1699/222 948/1665/197 957/1668/200 987/1700/223
f 974/1701/224 952/1669/201 958/1672/204 990/1702/225
f 960/1703/226 993/1704/227 955/1696/219 945/1695/219
f 954/1690/215 947/1689/215 971/1705/215 973/1706/215 972/1707/215 951/1708/215
f 965/1709/215 967/1710/215 966/1711/215 949/1685/215 954/1690/215 945/1712/215
f 950/1661/193 968/1679/210 970/1713/228 969/1658/190 946/1657/189 953/1714/229
f 980/1699/222 982/1715/230 981/1662/194 950/1661/193 953/1714/229 948/1665/197
f 948/1665/197 953/1714/229 952/1669/201 974/1701/224 976/1716/231 975/1666/198
f 953/1714/229 946/1657/189 962/1677/208 964/1717/232 963/1670/202 952/1669/201
f 966/1718/233 984/1719/234 956/1682/212 949/1681/212
f 972/1720/235 990/1721/257 958/1692/216 951/1691/216
f 978/1722/237 987/1723/238 957/1674/205 947/1673/205
f 959/1694/218 992/1693/253 994/1724/258 961/1725/258
f 961/1726/240 994/1727/240 993/1704/227 960/1703/226
f 984/1719/234 966/1718/233 967/1728/251 985/1729/251
f 985/1730/242 967/1731/242 965/1698/221 983/1697/220
f 987/1723/238 978/1722/237 979/1732/243 988/1733/243
f 988/1734/244 979/1735/244 977/1684/214 986/1683/252
f 990/1721/257 972/1720/235 973/1736/245 991/1737/245
f 991/1738/246 973/1739/246 971/1676/207 989/1675/206
f 968/1679/210 984/1680/211 985/1740/247 970/1713/228
f 970/1713/228 985/1740/247 983/1659/191 969/1658/190
f 980/1699/222 987/1700/223 988/1741/248 982/1715/230
f 982/1715/230 988/1741/248 986/1663/195 981/1662/194
f 974/1701/224 990/1702/225 991/1742/249 976/1716/231
f 976/1716/231 991/1742/249 989/1667/199 975/1666/198
f 962/1677/208 993/1678/209 994/1743/250 964/1717/232
f 964/1717/232 994/1743/250 992/1671/203 963/1670/202
f 945/1712/215 954/1690/215 951/1708/215 959/1744/215 961/1745/215 960/1746/215
f 996/1747/189 1019/1748/190 1033/1749/191 1005/1750/192
f 1000/1751/193 1031/1752/194 1036/1753/195 1006/1754/196
f 998/1755/197 1025/1756/198 1039/1757/199 1007/1758/200
f 1002/1759/201 1013/1760/202 1042/1761/203 1008/1762/204
f 997/1763/205 1007/1764/205 1039/1765/206 1021/1766/207
f 1012/1767/208 996/1747/189 1005/1750/192 1043/1768/209
f 1018/1769/210 1000/1751/193 1006/1754/196 1034/1770/211
f 999/1771/212 1006/1772/212 1036/1773/252 1027/1774/214
f 999/1775/215 1027/1776/215 1029/1777/215 1028/1778/215 997/1779/215 1004/1780/215
f 1001/1781/216 1008/1782/216 1042/1783/253 1009/1784/218
f 995/1785/219 1005/1786/219 1033/1787/220 1015/1788/221
f 1030/1789/222 998/1755/197 1007/1758/200 1037/1790/223
f 1024/1791/224 1002/1759/201 1008/1762/204 1040/1792/225
f 1010/1793/226 1043/1794/227 1005/1786/219 995/1785/219
f 1004/1780/215 997/1779/215 1021/1795/215 1023/1796/215 1022/1797/215 1001/1798/215
f 1015/1799/215 1017/1800/215 1016/1801/215 999/1775/215 1004/1780/215 995/1802/215
f 1000/1751/193 1018/1769/210 1020/1803/228 1019/1748/190 996/1747/189 1003/1804/229
f 1030/1789/222 1032/1805/230 1031/1752/194 1000/1751/193 1003/1804/229 998/1755/197
f 998/1755/197 1003/1804/229 1002/1759/201 1024/1791/224 1026/1806/231 1025/1756/198
f 1003/1804/229 996/1747/189 1012/1767/208 1014/1807/232 1013/1760/202 1002/1759/201
f 1016/1808/233 1034/1809/234 1006/1772/212 999/1771/212
f 1022/1810/235 1040/1811/257 1008/1782/216 1001/1781/216
f 1028/1812/237 1037/1813/238 1007/1764/205 997/1763/205
f 1009/1784/218 1042/1783/253 1044/1814/258 1011/1815/258
f 1011/1816/240 1044/1817/240 1043/1794/227 1010/1793/226
f 1034/1809/234 1016/1808/233 1017/1818/251 1035/1819/251
f 1035/1820/242 1017/1821/242 1015/1788/221 1033/1787/220
f 1037/1813/238 1028/1812/237 1029/1822/243 1038/1823/243
f 1038/1824/244 1029/1825/244 1027/1774/214 1036/1773/252
f 1040/1811/257 1022/1810/235 1023/1826/245 1041/1827/245
f 1041/1828/246 1023/1829/246 1021/1766/207 1039/1765/206
f 1018/1769/210 1034/1770/211 1035/1830/247 1020/1803/228
f 1020/1803/228 1035/1830/247 1033/1749/191 1019/1748/190
f 1030/1789/222 1037/1790/223 1038/1831/248 1032/1805/230
f 1032/1805/230 1038/1831/248 1036/1753/195 1031/1752/194
f 1024/1791/224 1040/1792/225 1041/1832/249 1026/1806/231
f 1026/1806/231 1041/1832/249 1039/1757/199 1025/1756/198
f 1012/1767/208 1043/1768/209 1044/1833/250 1014/1807/232
f 1014/1807/232 1044/1833/250 1042/1761/203 1013/1760/202
f 995/1802/215 1004/1780/215 1001/1798/215 1009/1834/215 1011/1835/215 1010/1836/215
f 1046/1837/189 1069/1838/190 1083/1839/191 1055/1840/192
f 1050/1841/193 1081/1842/194 1086/1843/195 1056/1844/196
f 1048/1845/197 1075/1846/198 1089/1847/199 1057/1848/200
f 1052/1849/201 1063/1850/202 1092/1851/203 1058/1852/204
f 1047/1853/205 1057/1854/205 1089/1855/206 1071/1856/207
f 1062/1857/208 1046/1837/189 1055/1840/192 1093/1858/209
f 1068/1859/210 1050/1841/193 1056/1844/196 1084/1860/211
f 1049/1861/212 1056/1862/212 1086/1863/213 1077/1864/214
f 1049/1865/215 1077/1866/215 1079/1867/215 1078/1868/215 1047/1869/215 1054/1870/215
f 1051/1871/216 1058/1872/216 1092/1873/217 1059/1874/218
f 1045/1875/219 1055/1876/219 1083/1877/220 1065/1878/221
f 1080/1879/222 1048/1845/197 1057/1848/200 1087/1880/223
f 1074/1881/224 1052/1849/201 1058/1852/204 1090/1882/225
f 1060/1883/226 1093/1884/227 1055/1876/219 1045/1875/219
f 1054/1870/215 1047/1869/215 1071/1885/215 1073/1886/215 1072/1887/215 1051/1888/215
f 1065/1889/215 1067/1890/215 1066/1891/215 1049/1865/215 1054/1870/215 1045/1892/215
f 1050/1841/193 1068/1859/210 1070/1893/228 1069/1838/190 1046/1837/189 1053/1894/229
f 1080/1879/222 1082/1895/230 1081/1842/194 1050/1841/193 1053/1894/229 1048/1845/197
f 1048/1845/197 1053/1894/229 1052/1849/201 1074/1881/224 1076/1896/231 1075/1846/198
f 1053/1894/229 1046/1837/189 1062/1857/208 1064/1897/232 1063/1850/202 1052/1849/201
f 1066/1898/233 1084/1899/256 1056/1862/212 1049/1861/212
f 1072/1900/235 1090/1901/236 1058/1872/216 1051/1871/216
f 1078/1902/237 1087/1903/238 1057/1854/205 1047/1853/205
f 1059/1874/218 1092/1873/217 1094/1904/258 1061/1905/258
f 1061/1906/240 1094/1907/240 1093/1884/227 1060/1883/226
f 1084/1899/256 1066/1898/233 1067/1908/251 1085/1909/251
f 1085/1910/242 1067/1911/242 1065/1878/221 1083/1877/220
f 1087/1903/238 1078/1902/237 1079/1912/243 1088/1913/243
f 1088/1914/244 1079/1915/244 1077/1864/214 1086/1863/213
f 1090/1901/236 1072/1900/235 1073/1916/245 1091/1917/245
f 1091/1918/246 1073/1919/246 1071/1856/207 1089/1855/206
f 1068/1859/210 1084/1860/211 1085/1920/247 1070/1893/228
f 1070/1893/228 1085/1920/247 1083/1839/191 1069/1838/190
f 1080/1879/222 1087/1880/223 1088/1921/248 1082/1895/230
f 1082/1895/230 1088/1921/248 1086/1843/195 1081/1842/194
f 1074/1881/224 1090/1882/225 1091/1922/249 1076/1896/231
f 1076/1896/231 1091/1922/249 1089/1847/199 1075/1846/198
f 1062/1857/208 1093/1858/209 1094/1923/250 1064/1897/232
f 1064/1897/232 1094/1923/250 1092/1851/203 1063/1850/202
f 1045/1892/215 1054/1870/215 1051/1888/215 1059/1924/215 1061/1925/215 1060/1926/215
f 1096/1927/189 1119/1928/190 1133/1929/191 1105/1930/192
f 1100/1931/193 1131/1932/194 1136/1933/195 1106/1934/196
f 1098/1935/197 1125/1936/198 1139/1937/199 1107/1938/200
f 1102/1939/201 1113/1940/202 1142/1941/262 1108/1942/204
f 1097/1943/205 1107/1944/205 1139/1945/206 1121/1946/207
f 1112/1947/208 1096/1927/189 1105/1930/192 1143/1948/209
f 1118/1949/210 1100/1931/193 1106/1934/196 1134/1950/211
f 1099/1951/212 1106/1952/212 1136/1953/213 1127/1954/214
f 1099/1955/215 1127/1956/215 1129/1957/215 1128/1958/215 1097/1959/215 1104/1960/215
f 1101/1961/216 1108/1962/216 1142/1963/217 1109/1964/218
f 1095/1965/219 1105/1966/219 1133/1967/220 1115/1968/221
f 1130/1969/222 1098/1935/197 1107/1938/200 1137/1970/223
f 1124/1971/224 1102/1939/201 1108/1942/204 1140/1972/225
f 1110/1973/226 1143/1974/227 1105/1966/219 1095/1965/219
f 1104/1960/215 1097/1959/215 1121/1975/215 1123/1976/215 1122/1977/215 1101/1978/215
f 1115/1979/215 1117/1980/215 1116/1981/215 1099/1955/215 1104/1960/215 1095/1982/215
f 1100/1931/193 1118/1949/210 1120/1983/228 1119/1928/190 1096/1927/189 1103/1984/229
f 1130/1969/222 1132/1985/230 1131/1932/194 1100/1931/193 1103/1984/229 1098/1935/197
f 1098/1935/197 1103/1984/229 1102/1939/201 1124/1971/224 1126/1986/231 1125/1936/198
f 1103/1984/229 1096/1927/189 1112/1947/208 1114/1987/232 1113/1940/202 1102/1939/201
f 1116/1988/233 1134/1989/234 1106/1952/212 1099/1951/212
f 1122/1990/235 1140/1991/236 1108/1962/216 1101/1961/216
f 1128/1992/237 1137/1993/238 1107/1944/205 1097/1943/205
f 1109/1964/218 1142/1963/217 1144/1994/239 1111/1995/239
f 1111/1996/240 1144/1997/240 1143/1974/227 1110/1973/226
f 1134/1989/234 1116/1988/233 1117/1998/259 1135/1999/259
f 1135/2000/242 1117/2001/242 1115/1968/221 1133/1967/220
f 1137/1993/238 1128/1992/237 1129/2002/243 1138/2003/243
f 1138/2004/244 1129/2005/244 1127/1954/214 1136/1953/213
f 1140/1991/236 1122/1990/235 1123/2006/245 1141/2007/245
f 1141/2008/246 1123/2009/246 1121/1946/207 1139/1945/206
f 1118/1949/210 1134/1950/211 1135/2010/247 1120/1983/228
f 1120/1983/228 1135/2010/247 1133/1929/191 1119/1928/190
f 1130/1969/222 1137/1970/223 1138/2011/248 1132/1985/230
f 1132/1985/230 1138/2011/248 1136/1933/195 1131/1932/194
f 1124/1971/224 1140/1972/225 1141/2012/249 1126/1986/231
f 1126/1986/231 1141/2012/249 1139/1937/199 1125/1936/198
f 1112/1947/208 1143/1948/209 1144/2013/250 1114/1987/232
f 1114/1987/232 1144/2013/250 1142/1941/262 1113/1940/202
f 1095/1982/215 1104/1960/215 1101/1978/215 1109/2014/215 1111/2015/215 1110/2016/215
f 1146/2017/189 1169/2018/190 1183/2019/191 1155/2020/192
f 1150/2021/193 1181/2022/194 1186/2023/195 1156/2024/196
f 1148/2025/197 1175/2026/198 1189/2027/199 1157/2028/200
f 1152/2029/201 1163/2030/202 1192/2031/203 1158/2032/204
f 1147/2033/205 1157/2034/205 1189/2035/206 1171/2036/207
f 1162/2037/208 1146/2017/189 1155/2020/192 1193/2038/209
f 1168/2039/210 1150/2021/193 1156/2024/196 1184/2040/263
f 1149/2041/212 1156/2042/212 1186/2043/213 1177/2044/214
f 1149/2045/215 1177/2046/215 1179/2047/215 1178/2048/215 1147/2049/215 1154/2050/215
f 1151/2051/216 1158/2052/216 1192/2053/217 1159/2054/218
f 1145/2055/219 1155/2056/219 1183/2057/220 1165/2058/221
f 1180/2059/222 1148/2025/197 1157/2028/200 1187/2060/223
f 1174/2061/224 1152/2029/201 1158/2032/204 1190/2062/225
f 1160/2063/226 1193/2064/227 1155/2056/219 1145/2055/219
f 1154/2050/215 1147/2049/215 1171/2065/215 1173/2066/215 1172/2067/215 1151/2068/215
f 1165/2069/215 1167/2070/215 1166/2071/215 1149/2045/215 1154/2050/215 1145/2072/215
f 1150/2021/193 1168/2039/210 1170/2073/228 1169/2018/190 1146/2017/189 1153/2074/229
f 1180/2059/222 1182/2075/230 1181/2022/194 1150/2021/193 1153/2074/229 1148/2025/197
f 1148/2025/197 1153/2074/229 1152/2029/201 1174/2061/224 1176/2076/231 1175/2026/198
f 1153/2074/229 1146/2017/189 1162/2037/208 1164/2077/232 1163/2030/202 1152/2029/201
f 1166/2078/233 1184/2079/234 1156/2042/212 1149/2041/212
f 1172/2080/235 1190/2081/236 1158/2052/216 1151/2051/216
f 1178/2082/237 1187/2083/238 1157/2034/205 1147/2033/205
f 1159/2054/218 1192/2053/217 1194/2084/264 1161/2085/264
f 1161/2086/240 1194/2087/240 1193/2064/227 1160/2063/226
f 1184/2079/234 1166/2078/233 1167/2088/241 1185/2089/241
f 1185/2090/242 1167/2091/242 1165/2058/221 1183/2057/220
f 1187/2083/238 1178/2082/237 1179/2092/243 1188/2093/243
f 1188/2094/244 1179/2095/244 1177/2044/214 1186/2043/213
f 1190/2081/236 1172/2080/235 1173/2096/245 1191/2097/245
f 1191/2098/246 1173/2099/246 1171/2036/207 1189/2035/206
f 1168/2039/210 1184/2040/263 1185/2100/247 1170/2073/228
f 1170/2073/228 1185/2100/247 1183/2019/191 1169/2018/190
f 1180/2059/222 1187/2060/223 1188/2101/248 1182/2075/230
f 1182/2075/230 1188/2101/248 1186/2023/195 1181/2022/194
f 1174/2061/224 1190/2062/225 1191/2102/249 1176/2076/231
f 1176/2076/231 1191/2102/249 1189/2027/199 1175/2026/198
f 1162/2037/208 1193/2038/209 1194/2103/250 1164/2077/232
f 1164/2077/232 1194/2103/250 1192/2031/203 1163/2030/202
f 1145/2072/215 1154/2050/215 1151/2068/215 1159/2104/215 1161/2105/215 1160/2106/215
f 1196/2107/189 1219/2108/190 1233/2109/191 1205/2110/192
f 1200/2111/193 1231/2112/194 1236/2113/195 1206/2114/196
f 1198/2115/197 1225/2116/198 1239/2117/199 1207/2118/200
f 1202/2119/201 1213/2120/202 1242/2121/203 1208/2122/204
f 1197/2123/205 1207/2124/205 1239/2125/206 1221/2126/207
f 1212/2127/208 1196/2107/189 1205/2110/192 1243/2128/209
f 1218/2129/210 1200/2111/193 1206/2114/196 1234/2130/211
f 1199/2131/212 1206/2132/212 1236/2133/213 1227/2134/214
f 1199/2135/215 1227/2136/215 1229/2137/215 1228/2138/215 1197/2139/215 1204/2140/215
f 1201/2141/216 1208/2142/216 1242/2143/217 1209/2144/218
f 1195/2145/219 1205/2146/219 1233/2147/220 1215/2148/221
f 1230/2149/222 1198/2115/197 1207/2118/200 1237/2150/223
f 1224/2151/224 1202/2119/201 1208/2122/204 1240/2152/265
f 1210/2153/226 1243/2154/227 1205/2146/219 1195/2145/219
f 1204/2140/215 1197/2139/215 1221/2155/215 1223/2156/215 1222/2157/215 1201/2158/215
f 1215/2159/215 1217/2160/215 1216/2161/215 1199/2135/215 1204/2140/215 1195/2162/215
f 1200/2111/193 1218/2129/210 1220/2163/228 1219/2108/190 1196/2107/189 1203/2164/229
f 1230/2149/222 1232/2165/230 1231/2112/194 1200/2111/193 1203/2164/229 1198/2115/197
f 1198/2115/197 1203/2164/229 1202/2119/201 1224/2151/224 1226/2166/231 1225/2116/198
f 1203/2164/229 1196/2107/189 1212/2127/208 1214/2167/232 1213/2120/202 1202/2119/201
f 1216/2168/233 1234/2169/234 1206/2132/212 1199/2131/212
f 1222/2170/235 1240/2171/236 1208/2142/216 1201/2141/216
f 1228/2172/237 1237/2173/238 1207/2124/205 1197/2123/205
f 1209/2144/218 1242/2143/217 1244/2174/260 1211/2175/260
f 1211/2176/240 1244/2177/240 1243/2154/227 1210/2153/226
f 1234/2169/234 1216/2168/233 1217/2178/259 1235/2179/259
f 1235/2180/242 1217/2181/242 1215/2148/221 1233/2147/220
f 1237/2173/238 1228/2172/237 1229/2182/243 1238/2183/243
f 1238/2184/244 1229/2185/244 1227/2134/214 1236/2133/213
f 1240/2171/236 1222/2170/235 1223/2186/245 1241/2187/245
f 1241/2188/246 1223/2189/246 1221/2126/207 1239/2125/206
f 1218/2129/210 1234/2130/211 1235/2190/247 1220/2163/228
f 1220/2163/228 1235/2190/247 1233/2109/191 1219/2108/190
f 1230/2149/222 1237/2150/223 1238/2191/248 1232/2165/230
f 1232/2165/230 1238/2191/248 1236/2113/195 1231/2112/194
f 1224/2151/224 1240/2152/265 1241/2192/249 1226/2166/231
f 1226/2166/231 1241/2192/249 1239/2117/199 1225/2116/198
f 1212/2127/208 1243/2128/209 1244/2193/250 1214/2167/232
f 1214/2167/232 1244/2193/250 1242/2121/203 1213/2120/202
f 1195/2162/215 1204/2140/215 1201/2158/215 1209/2194/215 1211/2195/215 1210/2196/215
f 1246/2197/189 1269/2198/190 1283/2199/191 1255/2200/192
f 1250/2201/193 1281/2202/194 1286/2203/195 1256/2204/196
f 1248/2205/197 1275/2206/198 1289/2207/199 1257/2208/200
f 1252/2209/201 1263/2210/202 1292/2211/203 1258/2212/204
f 1247/2213/205 1257/2214/205 1289/2215/206 1271/2216/207
f 1262/2217/208 1246/2197/189 1255/2200/192 1293/2218/209
f 1268/2219/210 1250/2201/193 1256/2204/196 1284/2220/211
f 1249/2221/212 1256/2222/212 1286/2223/252 1277/2224/214
f 1249/2225/215 1277/2226/215 1279/2227/215 1278/2228/215 1247/2229/215 1254/2230/215
f 1251/2231/216 1258/2232/216 1292/2233/217 1259/2234/218
f 1245/2235/219 1255/2236/219 1283/2237/220 1265/2238/221
f 1280/2239/222 1248/2205/197 1257/2208/200 1287/2240/223
f 1274/2241/224 1252/2209/201 1258/2212/204 1290/2242/225
f 1260/2243/226 1293/2244/227 1255/2236/219 1245/2235/219
f 1254/2230/215 1247/2229/215 1271/2245/215 1273/2246/215 1272/2247/215 1251/2248/215
f 1265/2249/215 1267/2250/215 1266/2251/215 1249/2225/215 1254/2230/215 1245/2252/215
f 1250/2201/193 1268/2219/210 1270/2253/228 1269/2198/190 1246/2197/189 1253/2254/229
f 1280/2239/222 1282/2255/230 1281/2202/194 1250/2201/193 1253/2254/229 1248/2205/197
f 1248/2205/197 1253/2254/229 1252/2209/201 1274/2241/224 1276/2256/231 1275/2206/198
f 1253/2254/229 1246/2197/189 1262/2217/208 1264/2257/232 1263/2210/202 1252/2209/201
f 1266/2258/233 1284/2259/234 1256/2222/212 1249/2221/212
f 1272/2260/235 1290/2261/236 1258/2232/216 1251/2231/216
f 1278/2262/237 1287/2263/238 1257/2214/205 1247/2213/205
f 1259/2234/218 1292/2233/217 1294/2264/239 1261/2265/239
f 1261/2266/240 1294/2267/240 1293/2244/227 1260/2243/226
f 1284/2259/234 1266/2258/233 1267/2268/241 1285/2269/241
f 1285/2270/242 1267/2271/242 1265/2238/221 1283/2237/220
f 1287/2263/238 1278/2262/237 1279/2272/243 1288/2273/243
f 1288/2274/244 1279/2275/244 1277/2224/214 1286/2223/252
f 1290/2261/236 1272/2260/235 1273/2276/245 1291/2277/245
f 1291/2278/246 1273/2279/246 1271/2216/207 1289/2215/206
f 1268/2219/210 1284/2220/211 1285/2280/247 1270/2253/228
f 1270/2253/228 1285/2280/247 1283/2199/191 1269/2198/190
f 1280/2239/222 1287/2240/223 1288/2281/248 1282/2255/230
f 1282/2255/230 1288/2281/248 1286/2203/195 1281/2202/194
f 1274/2241/224 1290/2242/225 1291/2282/249 1276/2256/231
f 1276/2256/231 1291/2282/249 1289/2207/199 1275/2206/198
f 1262/2217/208 1293/2218/209 1294/2283/250 1264/2257/232
f 1264/2257/232 1294/2283/250 1292/2211/203 1263/2210/202
f 1245/2252/215 1254/2230/215 1251/2248/215 1259/2284/215 1261/2285/215 1260/2286/215
f 1296/2287/189 1319/2288/190 1333/2289/191 1305/2290/192
f 1300/2291/193 1331/2292/194 1336/2293/195 1306/2294/196
f 1298/2295/197 1325/2296/198 1339/2297/199 1307/2298/200
f 1302/2299/201 1313/2300/202 1342/2301/203 1308/2302/204
f 1297/2303/205 1307/2304/205 1339/2305/206 1321/2306/207
f 1312/2307/208 1296/2287/189 1305/2290/192 1343/2308/209
f 1318/2309/210 1300/2291/193 1306/2294/196 1334/2310/211
f 1299/2311/212 1306/2312/212 1336/2313/252 1327/2314/214
f 1299/2315/215 1327/2316/215 1329/2317/215 1328/2318/215 1297/2319/215 1304/2320/215
f 1301/2321/216 1308/2322/216 1342/2323/253 1309/2324/218
f 1295/2325/219 1305/2326/219 1333/2327/220 1315/2328/221
f 1330/2329/222 1298/2295/197 1307/2298/200 1337/2330/223
f 1324/2331/224 1302/2299/201 1308/2302/204 1340/2332/225
f 1310/2333/226 1343/2334/255 1305/2326/219 1295/2325/219
f 1304/2320/215 1297/2319/215 1321/2335/215 1323/2336/215 1322/2337/215 1301/2338/215
f 1315/2339/215 1317/2340/215 1316/2341/215 1299/2315/215 1304/2320/215 1295/2342/215
f 1300/2291/193 1318/2309/210 1320/2343/228 1319/2288/190 1296/2287/189 1303/2344/229
f 1330/2329/222 1332/2345/230 1331/2292/194 1300/2291/193 1303/2344/229 1298/2295/197
f 1298/2295/197 1303/2344/229 1302/2299/201 1324/2331/224 1326/2346/231 1325/2296/198
f 1303/2344/229 1296/2287/189 1312/2307/208 1314/2347/232 1313/2300/202 1302/2299/201
f 1316/2348/233 1334/2349/256 1306/2312/212 1299/2311/212
f 1322/2350/235 1340/2351/236 1308/2322/216 1301/2321/216
f 1328/2352/237 1337/2353/238 1307/2304/205 1297/2303/205
f 1309/2324/218 1342/2323/253 1344/2354/258 1311/2355/258
f 1311/2356/240 1344/2357/240 1343/2334/255 1310/2333/226
f 1334/2349/256 1316/2348/233 1317/2358/259 1335/2359/259
f 1335/2360/242 1317/2361/242 1315/2328/221 1333/2327/220
f 1337/2353/238 1328/2352/237 1329/2362/243 1338/2363/243
f 1338/2364/244 1329/2365/244 1327/2314/214 1336/2313/252
f 1340/2351/236 1322/2350/235 1323/2366/245 1341/2367/245
f 1341/2368/246 1323/2369/246 1321/2306/207 1339/2305/206
f 1318/2309/210 1334/2310/211 1335/2370/247 1320/2343/228
f 1320/2343/228 1335/2370/247 1333/2289/191 1319/2288/190
f 1330/2329/222 1337/2330/223 1338/2371/248 1332/2345/230
f 1332/2345/230 1338/2371/248 1336/2293/195 1331/2292/194
f 1324/2331/224 1340/2332/225 1341/2372/249 1326/2346/231
f 1326/2346/231 1341/2372/249 1339/2297/199 1325/2296/198
f 1312/2307/208 1343/2308/209 1344/2373/250 1314/2347/232
f 1314/2347/232 1344/2373/250 1342/2301/203 1313/2300/202
f 1295/2342/215 1304/2320/215 1301/2338/215 1309/2374/215 1311/2375/215 1310/2376/215
f 1346/2377/189 1369/2378/190 1383/2379/191 1355/2380/192
f 1350/2381/193 1381/2382/194 1386/2383/195 1356/2384/196
f 1348/2385/197 1375/2386/198 1389/2387/199 1357/2388/200
f 1352/2389/201 1363/2390/202 1392/2391/203 1358/2392/204
f 1347/2393/205 1357/2394/205 1389/2395/206 1371/2396/207
f 1362/2397/208 1346/2377/189 1355/2380/192 1393/2398/209
f 1368/2399/210 1350/2381/193 1356/2384/196 1384/2400/211
f 1349/2401/212 1356/2402/212 1386/2403/213 1377/2404/214
f 1349/2405/215 1377/2406/215 1379/2407/215 1378/2408/215 1347/2409/215 1354/2410/215
f 1351/2411/216 1358/2412/216 1392/2413/217 1359/2414/218
f 1345/2415/219 1355/2416/219 1383/2417/254 1365/2418/221
f 1380/2419/222 1348/2385/197 1357/2388/200 1387/2420/223
f 1374/2421/224 1352/2389/201 1358/2392/204 1390/2422/225
f 1360/2423/226 1393/2424/255 1355/2416/219 1345/2415/219
f 1354/2410/215 1347/2409/215 1371/2425/215 1373/2426/215 1372/2427/215 1351/2428/215
f 1365/2429/215 1367/2430/215 1366/2431/215 1349/2405/215 1354/2410/215 1345/2432/215
f 1350/2381/193 1368/2399/210 1370/2433/228 1369/2378/190 1346/2377/189 1353/2434/229
f 1380/2419/222 1382/2435/230 1381/2382/194 1350/2381/193 1353/2434/229 1348/2385/197
f 1348/2385/197 1353/2434/229 1352/2389/201 1374/2421/224 1376/2436/231 1375/2386/198
f 1353/2434/229 1346/2377/189 1362/2397/208 1364/2437/232 1363/2390/202 1352/2389/201
f 1366/2438/233 1384/2439/234 1356/2402/212 1349/2401/212
f 1372/2440/235 1390/2441/236 1358/2412/216 1351/2411/216
f 1378/2442/237 1387/2443/238 1357/2394/205 1347/2393/205
f 1359/2414/218 1392/2413/217 1394/2444/258 1361/2445/258
f 1361/2446/240 1394/2447/240 1393/2424/255 1360/2423/226
f 1384/2439/234 1366/2438/233 1367/2448/251 1385/2449/251
f 1385/2450/242 1367/2451/242 1365/2418/221 1383/2417/254
f 1387/2443/238 1378/2442/237 1379/2452/243 1388/2453/243
f 1388/2454/244 1379/2455/244 1377/2404/214 1386/2403/213
f 1390/2441/236 1372/2440/235 1373/2456/245 1391/2457/245
f 1391/2458/246 1373/2459/246 1371/2396/207 1389/2395/206
f 1368/2399/210 1384/2400/211 1385/2460/247 1370/2433/228
f 1370/2433/228 1385/2460/247 1383/2379/191 1369/2378/190
f 1380/2419/222 1387/2420/223 1388/2461/248 1382/2435/230
f 1382/2435/230 1388/2461/248 1386/2383/195 1381/2382/194
f 1374/2421/224 1390/2422/225 1391/2462/249 1376/2436/231
f 1376/2436/231 1391/2462/249 1389/2387/199 1375/2386/198
f 1362/2397/208 1393/2398/209 1394/2463/250 1364/2437/232
f 1364/2437/232 1394/2463/250 1392/2391/203 1363/2390/202
f 1345/2432/215 1354/2410/215 1351/2428/215 1359/2464/215 1361/2465/215 1360/2466/215
f 1396/2467/189 1419/2468/190 1433/2469/191 1405/2470/192
f 1400/2471/193 1431/2472/194 1436/2473/195 1406/2474/196
f 1398/2475/197 1425/2476/198 1439/2477/199 1407/2478/200
f 1402/2479/201 1413/2480/202 1442/2481/203 1408/2482/204
f 1397/2483/205 1407/2484/205 1439/2485/206 1421/2486/207
f 1412/2487/208 1396/2467/189 1405/2470/192 1443/2488/209
f 1418/2489/210 1400/2471/193 1406/2474/196 1434/2490/211
f 1399/2491/212 1406/2492/212 1436/2493/213 1427/2494/214
f 1399/2495/215 1427/2496/215 1429/2497/215 1428/2498/215 1397/2499/215 1404/2500/215
f 1401/2501/216 1408/2502/216 1442/2503/253 1409/2504/218
f 1395/2505/219 1405/2506/219 1433/2507/254 1415/2508/221
f 1430/2509/222 1398/2475/197 1407/2478/200 1437/2510/223
f 1424/2511/224 1402/2479/201 1408/2482/204 1440/2512/225
f 1410/2513/226 1443/2514/255 1405/2506/219 1395/2505/219
f 1404/2500/215 1397/2499/215 1421/2515/215 1423/2516/215 1422/2517/215 1401/2518/215
f 1415/2519/215 1417/2520/215 1416/2521/215 1399/2495/215 1404/2500/215 1395/2522/215
f 1400/2471/193 1418/2489/210 1420/2523/228 1419/2468/190 1396/2467/189 1403/2524/229
f 1430/2509/222 1432/2525/230 1431/2472/194 1400/2471/193 1403/2524/229 1398/2475/197
f 1398/2475/197 1403/2524/229 1402/2479/201 1424/2511/224 1426/2526/231 1425/2476/198
f 1403/2524/229 1396/2467/189 1412/2487/208 1414/2527/232 1413/2480/202 1402/2479/201
f 1416/2528/233 1434/2529/234 1406/2492/212 1399/2491/212
f 1422/2530/235 1440/2531/257 1408/2502/216 1401/2501/216
f 1428/2532/237 1437/2533/238 1407/2484/205 1397/2483/205
f 1409/2504/218 1442/2503/253 1444/2534/258 1411/2535/258
f 1411/2536/240 1444/2537/240 1443/2514/255 1410/2513/226
f 1434/2529/234 1416/2528/233 1417/2538/251 1435/2539/251
f 1435/2540/242 1417/2541/242 1415/2508/221 1433/2507/254
f 1437/2533/238 1428/2532/237 1429/2542/243 1438/2543/243
f 1438/2544/244 1429/2545/244 1427/2494/214 1436/2493/213
f 1440/2531/257 1422/2530/235 1423/2546/245 1441/2547/245
f 1441/2548/246 1423/2549/246 1421/2486/207 1439/2485/206
f 1418/2489/210 1434/2490/211 1435/2550/247 1420/2523/228
f 1420/2523/228 1435/2550/247 1433/2469/191 1419/2468/190
f 1430/2509/222 1437/2510/223 1438/2551/248 1432/2525/230
f 1432/2525/230 1438/2551/248 1436/2473/195 1431/2472/194
f 1424/2511/224 1440/2512/225 1441/2552/249 1426/2526/231
f 1426/2526/231 1441/2552/249 1439/2477/199 1425/2476/198
f 1412/2487/208 1443/2488/209 1444/2553/250 1414/2527/232
f 1414/2527/232 1444/2553/250 1442/2481/203 1413/2480/202
f 1395/2522/215 1404/2500/215 1401/2518/215 1409/2554/215 1411/2555/215 1410/2556/215
f 1446/2557/189 1469/2558/190 1483/2559/191 1455/2560/192
f 1450/2561/193 1481/2562/194 1486/2563/195 1456/2564/196
f 1448/2565/197 1475/2566/198 1489/2567/199 1457/2568/200
f 1452/2569/201 1463/2570/202 1492/2571/203 1458/2572/204
f 1447/2573/205 1457/2574/205 1489/2575/206 1471/2576/207
f 1462/2577/208 1446/2557/189 1455/2560/192 1493/2578/209
f 1468/2579/210 1450/2561/193 1456/2564/196 1484/2580/211
f 1449/2581/212 1456/2582/212 1486/2583/213 1477/2584/214
f 1449/2585/215 1477/2586/215 1479/2587/215 1478/2588/215 1447/2589/215 1454/2590/215
f 1451/2591/216 1458/2592/216 1492/2593/217 1459/2594/218
f 1445/2595/219 1455/2596/219 1483/2597/254 1465/2598/221
f 1480/2599/222 1448/2565/197 1457/2568/200 1487/2600/223
f 1474/2601/224 1452/2569/201 1458/2572/204 1490/2602/225
f 1460/2603/226 1493/2604/227 1455/2596/219 1445/2595/219
f 1454/2590/215 1447/2589/215 1471/2605/215 1473/2606/215 1472/2607/215 1451/2608/215
f 1465/2609/215 1467/2610/215 1466/2611/215 1449/2585/215 1454/2590/215 1445/2612/215
f 1450/2561/193 1468/2579/210 1470/2613/228 1469/2558/190 1446/2557/189 1453/2614/229
f 1480/2599/222 1482/2615/230 1481/2562/194 1450/2561/193 1453/2614/229 1448/2565/197
f 1448/2565/197 1453/2614/229 1452/2569/201 1474/2601/224 1476/2616/231 1475/2566/198
f 1453/2614/229 1446/2557/189 1462/2577/208 1464/2617/232 1463/2570/202 1452/2569/201
f 1466/2618/233 1484/2619/256 1456/2582/212 1449/2581/212
f 1472/2620/235 1490/2621/257 1458/2592/216 1451/2591/216
f 1478/2622/237 1487/2623/238 1457/2574/205 1447/2573/205
f 1459/2594/218 1492/2593/217 1494/2624/258 1461/2625/258
f 1461/2626/240 1494/2627/240 1493/2604/227 1460/2603/226
f 1484/2619/256 1466/2618/233 1467/2628/251 1485/2629/251
f 1485/2630/242 1467/2631/242 1465/2598/221 1483/2597/254
f 1487/2623/238 1478/2622/237 1479/2632/243 1488/2633/243
f 1488/2634/244 1479/2635/244 1477/2584/214 1486/2583/213
f 1490/2621/257 1472/2620/235 1473/2636/245 1491/2637/245
f 1491/2638/246 1473/2639/246 1471/2576/207 1489/2575/206
f 1468/2579/210 1484/2580/211 1485/2640/247 1470/2613/228
f 1470/2613/228 1485/2640/247 1483/2559/191 1469/2558/190
f 1480/2599/222 1487/2600/223 1488/2641/248 1482/2615/230
f 1482/2615/230 1488/2641/248 1486/2563/195 1481/2562/194
f 1474/2601/224 1490/2602/225 1491/2642/249 1476/2616/231
f 1476/2616/231 1491/2642/249 1489/2567/199 1475/2566/198
f 1462/2577/208 1493/2578/209 1494/2643/250 1464/2617/232
f 1464/2617/232 1494/2643/250 1492/2571/203 1463/2570/202
f 1445/2612/215 1454/2590/215 1451/2608/215 1459/2644/215 1461/2645/215 1460/2646/215
f 1496/2647/189 1519/2648/190 1533/2649/191 1505/2650/192
f 1500/2651/193 1531/2652/194 1536/2653/195 1506/2654/196
f 1498/2655/197 1525/2656/198 1539/2657/199 1507/2658/200
f 1502/2659/201 1513/2660/202 1542/2661/203 1508/2662/204
f 1497/2663/205 1507/2664/205 1539/2665/206 1521/2666/207
f 1512/2667/208 1496/2647/189 1505/2650/192 1543/2668/209
f 1518/2669/210 1500/2651/193 1506/2654/196 1534/2670/211
f 1499/2671/212 1506/2672/212 1536/2673/213 1527/2674/214
f 1499/2675/215 1527/2676/215 1529/2677/215 1528/2678/215 1497/2679/215 1504/2680/215
f 1501/2681/216 1508/2682/216 1542/2683/253 1509/2684/218
f 1495/2685/219 1505/2686/219 1533/2687/254 1515/2688/221
f 1530/2689/222 1498/2655/197 1507/2658/200 1537/2690/223
f 1524/2691/224 1502/2659/201 1508/2662/204 1540/2692/225
f 1510/2693/226 1543/2694/255 1505/2686/219 1495/2685/219
f 1504/2680/215 1497/2679/215 1521/2695/215 1523/2696/215 1522/2697/215 1501/2698/215
f 1515/2699/215 1517/2700/215 1516/2701/215 1499/2675/215 1504/2680/215 1495/2702/215
f 1500/2651/193 1518/2669/210 1520/2703/228 1519/2648/190 1496/2647/189 1503/2704/229
f 1530/2689/222 1532/2705/230 1531/2652/194 1500/2651/193 1503/2704/229 1498/2655/197
f 1498/2655/197 1503/2704/229 1502/2659/201 1524/2691/224 1526/2706/231 1525/2656/198
f 1503/2704/229 1496/2647/189 1512/2667/208 1514/2707/232 1513/2660/202 1502/2659/201
f 1516/2708/233 1534/2709/256 1506/2672/212 1499/2671/212
f 1522/2710/235 1540/2711/236 1508/2682/216 1501/2681/216
f 1528/2712/237 1537/2713/238 1507/2664/205 1497/2663/205
f 1509/2684/218 1542/2683/253 1544/2714/258 1511/2715/258
f 1511/2716/240 1544/2717/240 1543/2694/255 1510/2693/226
f 1534/2709/256 1516/2708/233 1517/2718/251 1535/2719/251
f 1535/2720/242 1517/2721/242 1515/2688/221 1533/2687/254
f 1537/2713/238 1528/2712/237 1529/2722/243 1538/2723/243
f 1538/2724/244 1529/2725/244 1527/2674/214 1536/2673/213
f 1540/2711/236 1522/2710/235 1523/2726/245 1541/2727/245
f 1541/2728/246 1523/2729/246 1521/2666/207 1539/2665/206
f 1518/2669/210 1534/2670/211 1535/2730/247 1520/2703/228
f 1520/2703/228 1535/2730/247 1533/2649/191 1519/2648/190
f 1530/2689/222 1537/2690/223 1538/2731/248 1532/2705/230
f 1532/2705/230 1538/2731/248 1536/2653/195 1531/2652/194
f 1524/2691/224 1540/2692/225 1541/2732/249 1526/2706/231
f 1526/2706/231 1541/2732/249 1539/2657/199 1525/2656/198
f 1512/2667/208 1543/2668/209 1544/2733/250 1514/2707/232
f 1514/2707/232 1544/2733/250 1542/2661/203 1513/2660/202
f 1495/2702/215 1504/2680/215 1501/2698/215 1509/2734/215 1511/2735/215 1510/2736/215
f 1546/2737/189 1569/2738/190 1583/2739/191 1555/2740/192
f 1550/2741/193 1581/2742/194 1586/2743/195 1556/2744/196
f 1548/2745/197 1575/2746/198 1589/2747/199 1557/2748/200
f 1552/2749/201 1563/2750/202 1592/2751/203 1558/2752/204
f 1547/2753/205 1557/2754/205 1589/2755/206 1571/2756/207
f 1562/2757/208 1546/2737/189 1555/2740/192 1593/2758/209
f 1568/2759/210 1550/2741/193 1556/2744/196 1584/2760/211
f 1549/2761/212 1556/2762/212 1586/2763/213 1577/2764/214
f 1549/2765/215 1577/2766/215 1579/2767/215 1578/2768/215 1547/2769/215 1554/2770/215
f 1551/2771/216 1558/2772/216 1592/2773/253 1559/2774/218
f 1545/2775/219 1555/2776/219 1583/2777/254 1565/2778/221
f 1580/2779/222 1548/2745/197 1557/2748/200 1587/2780/223
f 1574/2781/224 1552/2749/201 1558/2752/204 1590/2782/225
f 1560/2783/226 1593/2784/255 1555/2776/219 1545/2775/219
f 1554/2770/215 1547/2769/215 1571/2785/215 1573/2786/215 1572/2787/215 1551/2788/215
f 1565/2789/215 1567/2790/215 1566/2791/215 1549/2765/215 1554/2770/215 1545/2792/215
f 1550/2741/193 1568/2759/210 1570/2793/228 1569/2738/190 1546/2737/189 1553/2794/229
f 1580/2779/222 1582/2795/230 1581/2742/194 1550/2741/193 1553/2794/229 1548/2745/197
f 1548/2745/197 1553/2794/229 1552/2749/201 1574/2781/224 1576/2796/231 1575/2746/198
f 1553/2794/229 1546/2737/189 1562/2757/208 1564/2797/232 1563/2750/202 1552/2749/201
f 1566/2798/233 1584/2799/256 1556/2762/212 1549/2761/212
f 1572/2800/235 1590/2801/236 1558/2772/216 1551/2771/216
f 1578/2802/237 1587/2803/238 1557/2754/205 1547/2753/205
f 1559/2774/218 1592/2773/253 1594/2804/258 1561/2805/258
f 1561/2806/240 1594/2807/240 1593/2784/255 1560/2783/226
f 1584/2799/256 1566/2798/233 1567/2808/251 1585/2809/251
f 1585/2810/242 1567/2811/242 1565/2778/221 1583/2777/254
f 1587/2803/238 1578/2802/237 1579/2812/243 1588/2813/243
f 1588/2814/244 1579/2815/244 1577/2764/214 1586/2763/213
f 1590/2801/236 1572/2800/235 1573/2816/245 1591/2817/245
f 1591/2818/246 1573/2819/246 1571/2756/207 1589/2755/206
f 1568/2759/210 1584/2760/211 1585/2820/247 1570/2793/228
f 1570/2793/228 1585/2820/247 1583/2739/191 1569/2738/190
f 1580/2779/222 1587/2780/223 1588/2821/248 1582/2795/230
f 1582/2795/230 1588/2821/248 1586/2743/195 1581/2742/194
f 1574/2781/224 1590/2782/225 1591/2822/249 1576/2796/231
f 1576/2796/231 1591/2822/249 1589/2747/199 1575/2746/198
f 1562/2757/208 1593/2758/209 1594/2823/250 1564/2797/232
f 1564/2797/232 1594/2823/250 1592/2751/203 1563/2750/202
f 1545/2792/215 1554/2770/215 1551/2788/215 1559/2824/215 1561/2825/215 1560/2826/215
f 1596/2827/189 1619/2828/190 1633/2829/191 1605/2830/192
f 1600/2831/193 1631/2832/194 1636/2833/195 1606/2834/196
f 1598/2835/197 1625/2836/198 1639/2837/199 1607/2838/200
f 1602/2839/201 1613/2840/202 1642/2841/203 1608/2842/204
f 1597/2843/205 1607/2844/205 1639/2845/206 1621/2846/207
f 1612/2847/208 1596/2827/189 1605/2830/192 1643/2848/209
f 1618/2849/210 1600/2831/193 1606/2834/196 1634/2850/211
f 1599/2851/212 1606/2852/212 1636/2853/213 1627/2854/214
f 1599/2855/215 1627/2856/215 1629/2857/215 1628/2858/215 1597/2859/215 1604/2860/215
f 1601/2861/216 1608/2862/216 1642/2863/253 1609/2864/218
f 1595/2865/219 1605/2866/219 1633/2867/254 1615/2868/221
f 1630/2869/222 1598/2835/197 1607/2838/200 1637/2870/223
f 1624/2871/224 1602/2839/201 1608/2842/204 1640/2872/225
f 1610/2873/226 1643/2874/255 1605/2866/219 1595/2865/219
f 1604/2860/215 1597/2859/215 1621/2875/215 1623/2876/215 1622/2877/215 1601/2878/215
f 1615/2879/215 1617/2880/215 1616/2881/215 1599/2855/215 1604/2860/215 1595/2882/215
f 1600/2831/193 1618/2849/210 1620/2883/228 1619/2828/190 1596/2827/189 1603/2884/229
f 1630/2869/222 1632/2885/230 1631/2832/194 1600/2831/193 1603/2884/229 1598/2835/197
f 1598/2835/197 1603/2884/229 1602/2839/201 1624/2871/224 1626/2886/231 1625/2836/198
f 1603/2884/229 1596/2827/189 1612/2847/208 1614/2887/232 1613/2840/202 1602/2839/201
f 1616/2888/233 1634/2889/256 1606/2852/212 1599/2851/212
f 1622/2890/235 1640/2891/236 1608/2862/216 1601/2861/216
f 1628/2892/237 1637/2893/238 1607/2844/205 1597/2843/205
f 1609/2864/218 1642/2863/253 1644/2894/258 1611/2895/258
f 1611/2896/240 1644/2897/240 1643/2874/255 1610/2873/226
f 1634/2889/256 1616/2888/233 1617/2898/251 1635/2899/251
f 1635/2900/242 1617/2901/242 1615/2868/221 1633/2867/254
f 1637/2893/238 1628/2892/237 1629/2902/243 1638/2903/243
f 1638/2904/244 1629/2905/244 1627/2854/214 1636/2853/213
f 1640/2891/236 1622/2890/235 1623/2906/245 1641/2907/245
f 1641/2908/246 1623/2909/246 1621/2846/207 1639/2845/206
f 1618/2849/210 1634/2850/211 1635/2910/247 1620/2883/228
f 1620/2883/228 1635/2910/247 1633/2829/191 1619/2828/190
f 1630/2869/222 1637/2870/223 1638/2911/248 1632/2885/230
f 1632/2885/230 1638/2911/248 1636/2833/195 1631/2832/194
f 1624/2871/224 1640/2872/225 1641/2912/249 1626/2886/231
f 1626/2886/231 1641/2912/249 1639/2837/199 1625/2836/198
f 1612/2847/208 1643/2848/209 1644/2913/250 1614/2887/232
f 1614/2887/232 1644/2913/250 1642/2841/203 1613/2840/202
f 1595/2882/215 1604/2860/215 1601/2878/215 1609/2914/215 1611/2915/215 1610/2916/215
f 1646/2917/189 1669/2918/190 1683/2919/191 1655/2920/192
f 1650/2921/193 1681/2922/194 1686/2923/195 1656/2924/196
f 1648/2925/197 1675/2926/198 1689/2927/199 1657/2928/200
f 1652/2929/201 1663/2930/202 1692/2931/203 1658/2932/204
f 1647/2933/205 1657/2934/205 1689/2935/206 1671/2936/207
f 1662/2937/208 1646/2917/189 1655/2920/192 1693/2938/209
f 1668/2939/210 1650/2921/193 1656/2924/196 1684/2940/211
f 1649/2941/212 1656/2942/212 1686/2943/213 1677/2944/214
f 1649/2945/215 1677/2946/215 1679/2947/215 1678/2948/215 1647/2949/215 1654/2950/215
f 1651/2951/216 1658/2952/216 1692/2953/217 1659/2954/218
f 1645/2955/219 1655/2956/219 1683/2957/254 1665/2958/221
f 1680/2959/222 1648/2925/197 1657/2928/200 1687/2960/223
f 1674/2961/224 1652/2929/201 1658/2932/204 1690/2962/225
f 1660/2963/226 1693/2964/255 1655/2956/219 1645/2955/219
f 1654/2950/215 1647/2949/215 1671/2965/215 1673/2966/215 1672/2967/215 1651/2968/215
f 1665/2969/215 1667/2970/215 1666/2971/215 1649/2945/215 1654/2950/215 1645/2972/215
f 1650/2921/193 1668/2939/210 1670/2973/228 1669/2918/190 1646/2917/189 1653/2974/229
f 1680/2959/222 1682/2975/230 1681/2922/194 1650/2921/193 1653/2974/229 1648/2925/197
f 1648/2925/197 1653/2974/229 1652/2929/201 1674/2961/224 1676/2976/231 1675/2926/198
f 1653/2974/229 1646/2917/189 1662/2937/208 1664/2977/232 1663/2930/202 1652/2929/201
f 1666/2978/233 1684/2979/256 1656/2942/212 1649/2941/212
f 1672/2980/235 1690/2981/257 1658/2952/216 1651/2951/216
f 1678/2982/237 1687/2983/238 1657/2934/205 1647/2933/205
f 1659/2954/218 1692/2953/217 1694/2984/258 1661/2985/258
f 1661/2986/240 1694/2987/240 1693/2964/255 1660/2963/226
f 1684/2979/256 1666/2978/233 1667/2988/251 1685/2989/251
f 1685/2990/242 1667/2991/242 1665/2958/221 1683/2957/254
f 1687/2983/238 1678/2982/237 1679/2992/243 1688/2993/243
f 1688/2994/244 1679/2995/244 1677/2944/214 1686/2943/213
f 1690/2981/257 1672/2980/235 1673/2996/245 1691/2997/245
f 1691/2998/246 1673/2999/246 1671/2936/207 1689/2935/206
f 1668/2939/210 1684/2940/211 1685/3000/247 1670/2973/228
f 1670/2973/228 1685/3000/247 1683/2919/191 1669/2918/190
f 1680/2959/222 1687/2960/223 1688/3001/248 1682/2975/230
f 1682/2975/230 1688/3001/248 1686/2923/195 1681/2922/194
f 1674/2961/224 1690/2962/225 1691/3002/249 1676/2976/231
f 1676/2976/231 1691/3002/249 1689/2927/199 1675/2926/198
f 1662/2937/208 1693/2938/209 1694/3003/250 1664/2977/232
f 1664/2977/232 1694/3003/250 1692/2931/203 1663/2930/202
f 1645/2972/215 1654/2950/215 1651/2968/215 1659/3004/215 1661/3005/215 1660/3006/215
f 1696/3007/189 1719/3008/190 1733/3009/191 1705/3010/192
f 1700/3011/193 1731/3012/194 1736/3013/195 1706/3014/196
f 1698/3015/197 1725/3016/198 1739/3017/199 1707/3018/200
f 1702/3019/201 1713/3020/202 1742/3021/262 1708/3022/204
f 1697/3023/205 1707/3024/205 1739/3025/206 1721/3026/207
f 1712/3027/208 1696/3007/189 1705/3010/192 1743/3028/209
f 1718/3029/210 1700/3011/193 1706/3014/196 1734/3030/263
f 1699/3031/212 1706/3032/212 1736/3033/213 1727/3034/214
f 1699/3035/215 1727/3036/215 1729/3037/215 1728/3038/215 1697/3039/215 1704/3040/215
f 1701/3041/216 1708/3042/216 1742/3043/217 1709/3044/218
f 1695/3045/219 1705/3046/219 1733/3047/220 1715/3048/221
f 1730/3049/222 1698/3015/197 1707/3018/200 1737/3050/223
f 1724/3051/224 1702/3019/201 1708/3022/204 1740/3052/265
f 1710/3053/226 1743/3054/227 1705/3046/219 1695/3045/219
f 1704/3040/215 1697/3039/215 1721/3055/215 1723/3056/215 1722/3057/215 1701/3058/215
f 1715/3059/215 1717/3060/215 1716/3061/215 1699/3035/215 1704/3040/215 1695/3062/215
f 1700/3011/193 1718/3029/210 1720/3063/228 1719/3008/190 1696/3007/189 1703/3064/229
f 1730/3049/222 1732/3065/230 1731/3012/194 1700/3011/193 1703/3064/229 1698/3015/197
f 1698/3015/197 1703/3064/229 1702/3019/201 1724/3051/224 1726/3066/231 1725/3016/198
f 1703/3064/229 1696/3007/189 1712/3027/208 1714/3067/232 1713/3020/202 1702/3019/201
f 1716/3068/233 1734/3069/234 1706/3032/212 1699/3031/212
f 1722/3070/235 1740/3071/236 1708/3042/216 1701/3041/216
f 1728/3072/237 1737/3073/238 1707/3024/205 1697/3023/205
f 1709/3044/218 1742/3043/217 1744/3074/239 1711/3075/239
f 1711/3076/240 1744/3077/240 1743/3054/227 1710/3053/226
f 1734/3069/234 1716/3068/233 1717/3078/241 1735/3079/241
f 1735/3080/242 1717/3081/242 1715/3048/221 1733/3047/220
f 1737/3073/238 1728/3072/237 1729/3082/243 1738/3083/243
f 1738/3084/244 1729/3085/244 1727/3034/214 1736/3033/213
f 1740/3071/236 1722/3070/235 1723/3086/245 1741/3087/245
f 1741/3088/246 1723/3089/246 1721/3026/207 1739/3025/206
f 1718/3029/210 1734/3030/263 1735/3090/247 1720/3063/228
f 1720/3063/228 1735/3090/247 1733/3009/191 1719/3008/190
f 1730/3049/222 1737/3050/223 1738/3091/248 1732/3065/230
f 1732/3065/230 1738/3091/248 1736/3013/195 1731/3012/194
f 1724/3051/224 1740/3052/265 1741/3092/249 1726/3066/231
f 1726/3066/231 1741/3092/249 1739/3017/199 1725/3016/198
f 1712/3027/208 1743/3028/209 1744/3093/250 1714/3067/232
f 1714/3067/232 1744/3093/250 1742/3021/262 1713/3020/202
f 1695/3062/215 1704/3040/215 1701/3058/215 1709/3094/215 1711/3095/215 1710/3096/215
f 1746/3097/189 1769/3098/190 1783/3099/191 1755/3100/192
f 1750/3101/193 1781/3102/194 1786/3103/266 1756/3104/196
f 1748/3105/197 1775/3106/198 1789/3107/199 1757/3108/200
f 1752/3109/201 1763/3110/202 1792/3111/262 1758/3112/204
f 1747/3113/205 1757/3114/205 1789/3115/206 1771/3116/207
f 1762/3117/208 1746/3097/189 1755/3100/192 1793/3118/209
f 1768/3119/210 1750/3101/193 1756/3104/196 1784/3120/263
f 1749/3121/212 1756/3122/212 1786/3123/213 1777/3124/214
f 1749/3125/215 1777/3126/215 1779/3127/215 1778/3128/215 1747/3129/215 1754/3130/215
f 1751/3131/216 1758/3132/216 1792/3133/217 1759/3134/218
f 1745/3135/219 1755/3136/219 1783/3137/220 1765/3138/221
f 1780/3139/222 1748/3105/197 1757/3108/200 1787/3140/223
f 1774/3141/224 1752/3109/201 1758/3112/204 1790/3142/265
f 1760/3143/226 1793/3144/227 1755/3136/219 1745/3135/219
f 1754/3130/215 1747/3129/215 1771/3145/215 1773/3146/215 1772/3147/215 1751/3148/215
f 1765/3149/215 1767/3150/215 1766/3151/215 1749/3125/215 1754/3130/215 1745/3152/215
f 1750/3101/193 1768/3119/210 1770/3153/228 1769/3098/190 1746/3097/189 1753/3154/229
f 1780/3139/222 1782/3155/230 1781/3102/194 1750/3101/193 1753/3154/229 1748/3105/197
f 1748/3105/197 1753/3154/229 1752/3109/201 1774/3141/224 1776/3156/231 1775/3106/198
f 1753/3154/229 1746/3097/189 1762/3117/208 1764/3157/232 1763/3110/202 1752/3109/201
f 1766/3158/233 1784/3159/234 1756/3122/212 1749/3121/212
f 1772/3160/235 1790/3161/236 1758/3132/216 1751/3131/216
f 1778/3162/237 1787/3163/238 1757/3114/205 1747/3113/205
f 1759/3134/218 1792/3133/217 1794/3164/239 1761/3165/239
f 1761/3166/240 1794/3167/240 1793/3144/227 1760/3143/226
f 1784/3159/234 1766/3158/233 1767/3168/259 1785/3169/259
f 1785/3170/242 1767/3171/242 1765/3138/221 1783/3137/220
f 1787/3163/238 1778/3162/237 1779/3172/243 1788/3173/243
f 1788/3174/244 1779/3175/244 1777/3124/214 1786/3123/213
f 1790/3161/236 1772/3160/235 1773/3176/245 1791/3177/245
f 1791/3178/246 1773/3179/246 1771/3116/207 1789/3115/206
f 1768/3119/210 1784/3120/263 1785/3180/247 1770/3153/228
f 1770/3153/228 1785/3180/247 1783/3099/191 1769/3098/190
f 1780/3139/222 1787/3140/223 1788/3181/248 1782/3155/230
f 1782/3155/230 1788/3181/248 1786/3103/266 1781/3102/194
f 1774/3141/224 1790/3142/265 1791/3182/249 1776/3156/231
f 1776/3156/231 1791/3182/249 1789/3107/199 1775/3106/198
f 1762/3117/208 1793/3118/209 1794/3183/250 1764/3157/232
f 1764/3157/232 1794/3183/250 1792/3111/262 1763/3110/202
f 1745/3152/215 1754/3130/215 1751/3148/215 1759/3184/215 1761/3185/215 1760/3186/215
f 1796/3187/189 1819/3188/190 1833/3189/191 1805/3190/192
f 1800/3191/193 1831/3192/194 1836/3193/195 1806/3194/196
f 1798/3195/197 1825/3196/198 1839/3197/199 1807/3198/200
f 1802/3199/201 1813/3200/202 1842/3201/203 1808/3202/204
f 1797/3203/205 1807/3204/205 1839/3205/267 1821/3206/207
f 1812/3207/208 1796/3187/189 1805/3190/192 1843/3208/209
f 1818/3209/210 1800/3191/193 1806/3194/196 1834/3210/211
f 1799/3211/212 1806/3212/212 1836/3213/213 1827/3214/214
f 1799/3215/215 1827/3216/215 1829/3217/215 1828/3218/215 1797/3219/215 1804/3220/215
f 1801/3221/216 1808/3222/216 1842/3223/253 1809/3224/218
f 1795/3225/219 1805/3226/219 1833/3227/220 1815/3228/221
f 1830/3229/222 1798/3195/197 1807/3198/200 1837/3230/223
f 1824/3231/224 1802/3199/201 1808/3202/204 1840/3232/225
f 1810/3233/226 1843/3234/227 1805/3226/219 1795/3225/219
f 1804/3220/215 1797/3219/215 1821/3235/215 1823/3236/215 1822/3237/215 1801/3238/215
f 1815/3239/215 1817/3240/215 1816/3241/215 1799/3215/215 1804/3220/215 1795/3242/215
f 1800/3191/193 1818/3209/210 1820/3243/228 1819/3188/190 1796/3187/189 1803/3244/229
f 1830/3229/222 1832/3245/230 1831/3192/194 1800/3191/193 1803/3244/229 1798/3195/197
f 1798/3195/197 1803/3244/229 1802/3199/201 1824/3231/224 1826/3246/231 1825/3196/198
f 1803/3244/229 1796/3187/189 1812/3207/208 1814/3247/232 1813/3200/202 1802/3199/201
f 1816/3248/233 1834/3249/234 1806/3212/212 1799/3211/212
f 1822/3250/235 1840/3251/257 1808/3222/216 1801/3221/216
f 1828/3252/237 1837/3253/238 1807/3204/205 1797/3203/205
f 1809/3224/218 1842/3223/253 1844/3254/260 1811/3255/260
f 1811/3256/240 1844/3257/240 1843/3234/227 1810/3233/226
f 1834/3249/234 1816/3248/233 1817/3258/241 1835/3259/241
f 1835/3260/242 1817/3261/242 1815/3228/221 1833/3227/220
f 1837/3253/238 1828/3252/237 1829/3262/243 1838/3263/243
f 1838/3264/244 1829/3265/244 1827/3214/214 1836/3213/213
f 1840/3251/257 1822/3250/235 1823/3266/245 1841/3267/245
f 1841/3268/246 1823/3269/246 1821/3206/207 1839/3205/267
f 1818/3209/210 1834/3210/211 1835/3270/247 1820/3243/228
f 1820/3243/228 1835/3270/247 1833/3189/191 1819/3188/190
f 1830/3229/222 1837/3230/223 1838/3271/248 1832/3245/230
f 1832/3245/230 1838/3271/248 1836/3193/195 1831/3192/194
f 1824/3231/224 1840/3232/225 1841/3272/249 1826/3246/231
f 1826/3246/231 1841/3272/249 1839/3197/199 1825/3196/198
f 1812/3207/208 1843/3208/209 1844/3273/250 1814/3247/232
f 1814/3247/232 1844/3273/250 1842/3201/203 1813/3200/202
f 1795/3242/215 1804/3220/215 1801/3238/215 1809/3274/215 1811/3275/215 1810/3276/215
f 1846/3277/189 1869/3278/190 1883/3279/191 1855/3280/192
f 1850/3281/193 1881/3282/194 1886/3283/195 1856/3284/196
f 1848/3285/197 1875/3286/198 1889/3287/199 1857/3288/200
f 1852/3289/201 1863/3290/202 1892/3291/203 1858/3292/204
f 1847/3293/205 1857/3294/205 1889/3295/206 1871/3296/207
f 1862/3297/208 1846/3277/189 1855/3280/192 1893/3298/209
f 1868/3299/210 1850/3281/193 1856/3284/196 1884/3300/211
f 1849/3301/212 1856/3302/212 1886/3303/213 1877/3304/214
f 1849/3305/215 1877/3306/215 1879/3307/215 1878/3308/215 1847/3309/215 1854/3310/215
f 1851/3311/216 1858/3312/216 1892/3313/217 1859/3314/268
f 1845/3315/219 1855/3316/219 1883/3317/220 1865/3318/221
f 1880/3319/222 1848/3285/197 1857/3288/200 1887/3320/223
f 1874/3321/224 1852/3289/201 1858/3292/204 1890/3322/225
f 1860/3323/226 1893/3324/227 1855/3316/219 1845/3315/219
f 1854/3310/215 1847/3309/215 1871/3325/215 1873/3326/215 1872/3327/215 1851/3328/215
f 1865/3329/215 1867/3330/215 1866/3331/215 1849/3305/215 1854/3310/215 1845/3332/215
f 1850/3281/193 1868/3299/210 1870/3333/228 1869/3278/190 1846/3277/189 1853/3334/229
f 1880/3319/222 1882/3335/230 1881/3282/194 1850/3281/193 1853/3334/229 1848/3285/197
f 1848/3285/197 1853/3334/229 1852/3289/201 1874/3321/224 1876/3336/231 1875/3286/198
f 1853/3334/229 1846/3277/189 1862/3297/208 1864/3337/232 1863/3290/202 1852/3289/201
f 1866/3338/233 1884/3339/234 1856/3302/212 1849/3301/212
f 1872/3340/235 1890/3341/236 1858/3312/216 1851/3311/216
f 1878/3342/237 1887/3343/238 1857/3294/205 1847/3293/205
f 1859/3314/268 1892/3313/217 1894/3344/239 1861/3345/239
f 1861/3346/240 1894/3347/240 1893/3324/227 1860/3323/226
f 1884/3339/234 1866/3338/233 1867/3348/241 1885/3349/241
f 1885/3350/242 1867/3351/242 1865/3318/221 1883/3317/220
f 1887/3343/238 1878/3342/237 1879/3352/243 1888/3353/243
f 1888/3354/244 1879/3355/244 1877/3304/214 1886/3303/213
f 1890/3341/236 1872/3340/235 1873/3356/245 1891/3357/245
f 1891/3358/246 1873/3359/246 1871/3296/207 1889/3295/206
f 1868/3299/210 1884/3300/211 1885/3360/247 1870/3333/228
f 1870/3333/228 1885/3360/247 1883/3279/191 1869/3278/190
f 1880/3319/222 1887/3320/223 1888/3361/248 1882/3335/230
f 1882/3335/230 1888/3361/248 1886/3283/195 1881/3282/194
f 1874/3321/224 1890/3322/225 1891/3362/249 1876/3336/231
f 1876/3336/231 1891/3362/249 1889/3287/199 1875/3286/198
f 1862/3297/208 1893/3298/209 1894/3363/250 1864/3337/232
f 1864/3337/232 1894/3363/250 1892/3291/203 1863/3290/202
f 1845/3332/215 1854/3310/215 1851/3328/215 1859/3364/215 1861/3365/215 1860/3366/215
f 1896/3367/189 1919/3368/190 1933/3369/191 1905/3370/192
f 1900/3371/193 1931/3372/194 1936/3373/195 1906/3374/196
f 1898/3375/197 1925/3376/198 1939/3377/199 1907/3378/200
f 1902/3379/201 1913/3380/202 1942/3381/203 1908/3382/204
f 1897/3383/205 1907/3384/205 1939/3385/269 1921/3386/207
f 1912/3387/208 1896/3367/189 1905/3370/192 1943/3388/209
f 1918/3389/210 1900/3371/193 1906/3374/196 1934/3390/211
f 1899/3391/212 1906/3392/212 1936/3393/213 1927/3394/214
f 1899/3395/215 1927/3396/215 1929/3397/215 1928/3398/215 1897/3399/215 1904/3400/215
f 1901/3401/216 1908/3402/216 1942/3403/253 1909/3404/218
f 1895/3405/219 1905/3406/219 1933/3407/220 1915/3408/221
f 1930/3409/222 1898/3375/197 1907/3378/200 1937/3410/223
f 1924/3411/224 1902/3379/201 1908/3382/204 1940/3412/225
f 1910/3413/270 1943/3414/255 1905/3406/219 1895/3405/219
f 1904/3400/215 1897/3399/215 1921/3415/215 1923/3416/215 1922/3417/215 1901/3418/215
f 1915/3419/215 1917/3420/215 1916/3421/215 1899/3395/215 1904/3400/215 1895/3422/215
f 1900/3371/193 1918/3389/210 1920/3423/228 1919/3368/190 1896/3367/189 1903/3424/229
f 1930/3409/222 1932/3425/230 1931/3372/194 1900/3371/193 1903/3424/229 1898/3375/197
f 1898/3375/197 1903/3424/229 1902/3379/201 1924/3411/224 1926/3426/231 1925/3376/198
f 1903/3424/229 1896/3367/189 1912/3387/208 1914/3427/232 1913/3380/202 1902/3379/201
f 1916/3428/233 1934/3429/234 1906/3392/212 1899/3391/212
f 1922/3430/235 1940/3431/257 1908/3402/216 1901/3401/216
f 1928/3432/237 1937/3433/238 1907/3384/205 1897/3383/205
f 1909/3404/218 1942/3403/253 1944/3434/260 1911/3435/260
f 1911/3436/240 1944/3437/240 1943/3414/255 1910/3413/270
f 1934/3429/234 1916/3428/233 1917/3438/241 1935/3439/241
f 1935/3440/242 1917/3441/242 1915/3408/221 1933/3407/220
f 1937/3433/238 1928/3432/237 1929/3442/243 1938/3443/243
f 1938/3444/244 1929/3445/244 1927/3394/214 1936/3393/213
f 1940/3431/257 1922/3430/235 1923/3446/245 1941/3447/245
f 1941/3448/246 1923/3449/246 1921/3386/207 1939/3385/269
f 1918/3389/210 1934/3390/211 1935/3450/247 1920/3423/228
f 1920/3423/228 1935/3450/247 1933/3369/191 1919/3368/190
f 1930/3409/222 1937/3410/223 1938/3451/248 1932/3425/230
f 1932/3425/230 1938/3451/248 1936/3373/195 1931/3372/194
f 1924/3411/224 1940/3412/225 1941/3452/249 1926/3426/231
f 1926/3426/231 1941/3452/249 1939/3377/199 1925/3376/198
f 1912/3387/208 1943/3388/209 1944/3453/250 1914/3427/232
f 1914/3427/232 1944/3453/250 1942/3381/203 1913/3380/202
f 1895/3422/215 1904/3400/215 1901/3418/215 1909/3454/215 1911/3455/215 1910/3456/215
f 1946/3457/189 1969/3458/190 1983/3459/191 1955/3460/192
f 1950/3461/193 1981/3462/194 1986/3463/195 1956/3464/196
f 1948/3465/197 1975/3466/198 1989/3467/199 1957/3468/200
f 1952/3469/201 1963/3470/202 1992/3471/203 1958/3472/204
f 1947/3473/205 1957/3474/205 1989/3475/206 1971/3476/207
f 1962/3477/208 1946/3457/189 1955/3460/192 1993/3478/209
f 1968/3479/210 1950/3461/193 1956/3464/196 1984/3480/211
f 1949/3481/212 1956/3482/212 1986/3483/213 1977/3484/214
f 1949/3485/215 1977/3486/215 1979/3487/215 1978/3488/215 1947/3489/215 1954/3490/215
f 1951/3491/216 1958/3492/216 1992/3493/253 1959/3494/218
f 1945/3495/219 1955/3496/219 1983/3497/220 1965/3498/221
f 1980/3499/222 1948/3465/197 1957/3468/200 1987/3500/223
f 1974/3501/224 1952/3469/201 1958/3472/204 1990/3502/225
f 1960/3503/226 1993/3504/227 1955/3496/219 1945/3495/219
f 1954/3490/215 1947/3489/215 1971/3505/215 1973/3506/215 1972/3507/215 1951/3508/215
f 1965/3509/215 1967/3510/215 1966/3511/215 1949/3485/215 1954/3490/215 1945/3512/215
f 1950/3461/193 1968/3479/210 1970/3513/228 1969/3458/190 1946/3457/189 1953/3514/229
f 1980/3499/222 1982/3515/230 1981/3462/194 1950/3461/193 1953/3514/229 1948/3465/197
f 1948/3465/197 1953/3514/229 1952/3469/201 1974/3501/224 1976/3516/231 1975/3466/198
f 1953/3514/229 1946/3457/189 1962/3477/208 1964/3517/232 1963/3470/202 1952/3469/201
f 1966/3518/233 1984/3519/234 1956/3482/212 1949/3481/212
f 1972/3520/235 1990/3521/257 1958/3492/216 1951/3491/216
f 1978/3522/237 1987/3523/238 1957/3474/205 1947/3473/205
f 1959/3494/218 1992/3493/253 1994/3524/258 1961/3525/258
f 1961/3526/240 1994/3527/240 1993/3504/227 1960/3503/226
f 1984/3519/234 1966/3518/233 1967/3528/251 1985/3529/251
f 1985/3530/242 1967/3531/242 1965/3498/221 1983/3497/220
f 1987/3523/238 1978/3522/237 1979/3532/243 1988/3533/243
f 1988/3534/244 1979/3535/244 1977/3484/214 1986/3483/213
f 1990/3521/257 1972/3520/235 1973/3536/245 1991/3537/245
f 1991/3538/246 1973/3539/246 1971/3476/207 1989/3475/206
f 1968/3479/210 1984/3480/211 1985/3540/247 1970/3513/228
f 1970/3513/228 1985/3540/247 1983/3459/191 1969/3458/190
f 1980/3499/222 1987/3500/223 1988/3541/248 1982/3515/230
f 1982/3515/230 1988/3541/248 1986/3463/195 1981/3462/194
f 1974/3501/224 1990/3502/225 1991/3542/249 1976/3516/231
f 1976/3516/231 1991/3542/249 1989/3467/199 1975/3466/198
f 1962/3477/208 1993/3478/209 1994/3543/250 1964/3517/232
f 1964/3517/232 1994/3543/250 1992/3471/203 1963/3470/202
f 1945/3512/215 1954/3490/215 1951/3508/215 1959/3544/215 1961/3545/215 1960/3546/215
f 1996/3547/189 2019/3548/190 2033/3549/191 2005/3550/192
f 2000/3551/193 2031/3552/194 2036/3553/195 2006/3554/196
f 1998/3555/197 2025/3556/198 2039/3557/199 2007/3558/200
f 2002/3559/201 2013/3560/202 2042/3561/203 2008/3562/204
f 1997/3563/205 2007/3564/205 2039/3565/206 2021/3566/207
f 2012/3567/208 1996/3547/189 2005/3550/192 2043/3568/209
f 2018/3569/210 2000/3551/193 2006/3554/196 2034/3570/211
f 1999/3571/212 2006/3572/212 2036/3573/252 2027/3574/214
f 1999/3575/215 2027/3576/215 2029/3577/215 2028/3578/215 1997/3579/215 2004/3580/215
f 2001/3581/216 2008/3582/216 2042/3583/217 2009/3584/218
f 1995/3585/219 2005/3586/219 2033/3587/220 2015/3588/221
f 2030/3589/222 1998/3555/197 2007/3558/200 2037/3590/223
f 2024/3591/224 2002/3559/201 2008/3562/204 2040/3592/225
f 2010/3593/226 2043/3594/227 2005/3586/219 1995/3585/219
f 2004/3580/215 1997/3579/215 2021/3595/215 2023/3596/215 2022/3597/215 2001/3598/215
f 2015/3599/215 2017/3600/215 2016/3601/215 1999/3575/215 2004/3580/215 1995/3602/215
f 2000/3551/193 2018/3569/210 2020/3603/228 2019/3548/190 1996/3547/189 2003/3604/229
f 2030/3589/222 2032/3605/230 2031/3552/194 2000/3551/193 2003/3604/229 1998/3555/197
f 1998/3555/197 2003/3604/229 2002/3559/201 2024/3591/224 2026/3606/231 2025/3556/198
f 2003/3604/229 1996/3547/189 2012/3567/208 2014/3607/232 2013/3560/202 2002/3559/201
f 2016/3608/233 2034/3609/234 2006/3572/212 1999/3571/212
f 2022/3610/235 2040/3611/257 2008/3582/216 2001/3581/216
f 2028/3612/237 2037/3613/238 2007/3564/205 1997/3563/205
f 2009/3584/218 2042/3583/217 2044/3614/239 2011/3615/239
f 2011/3616/240 2044/3617/240 2043/3594/227 2010/3593/226
f 2034/3609/234 2016/3608/233 2017/3618/251 2035/3619/251
f 2035/3620/242 2017/3621/242 2015/3588/221 2033/3587/220
f 2037/3613/238 2028/3612/237 2029/3622/243 2038/3623/243
f 2038/3624/244 2029/3625/244 2027/3574/214 2036/3573/252
f 2040/3611/257 2022/3610/235 2023/3626/245 2041/3627/245
f 2041/3628/246 2023/3629/246 2021/3566/207 2039/3565/206
f 2018/3569/210 2034/3570/211 2035/3630/247 2020/3603/228
f 2020/3603/228 2035/3630/247 2033/3549/191 2019/3548/190
f 2030/3589/222 2037/3590/223 2038/3631/248 2032/3605/230
f 2032/3605/230 2038/3631/248 2036/3553/195 2031/3552/194
f 2024/3591/224 2040/3592/225 2041/3632/249 2026/3606/231
f 2026/3606/231 2041/3632/249 2039/3557/199 2025/3556/198
f 2012/3567/208 2043/3568/209 2044/3633/250 2014/3607/232
f 2014/3607/232 2044/3633/250 2042/3561/203 2013/3560/202
f 1995/3602/215 2004/3580/215 2001/3598/215 2009/3634/215 2011/3635/215 2010/3636/215
f 2046/3637/189 2069/3638/190 2083/3639/191 2055/3640/192
f 2050/3641/193 2081/3642/194 2086/3643/195 2056/3644/196
f 2048/3645/197 2075/3646/198 2089/3647/199 2057/3648/200
f 2052/3649/201 2063/3650/202 2092/3651/203 2058/3652/204
f 2047/3653/205 2057/3654/205 2089/3655/206 2071/3656/207
f 2062/3657/208 2046/3637/189 2055/3640/192 2093/3658/209
f 2068/3659/210 2050/3641/193 2056/3644/196 2084/3660/211
f 2049/3661/212 2056/3662/212 2086/3663/213 2077/3664/214
f 2049/3665/215 2077/3666/215 2079/3667/215 2078/3668/215 2047/3669/215 2054/3670/215
f 2051/3671/216 2058/3672/216 2092/3673/217 2059/3674/218
f 2045/3675/219 2055/3676/219 2083/3677/220 2065/3678/221
f 2080/3679/222 2048/3645/197 2057/3648/200 2087/3680/223
f 2074/3681/224 2052/3649/201 2058/3652/204 2090/3682/225
f 2060/3683/226 2093/3684/227 2055/3676/219 2045/3675/219
f 2054/3670/215 2047/3669/215 2071/3685/215 2073/3686/215 2072/3687/215 2051/3688/215
f 2065/3689/215 2067/3690/215 2066/3691/215 2049/3665/215 2054/3670/215 2045/3692/215
f 2050/3641/193 2068/3659/210 2070/3693/228 2069/3638/190 2046/3637/189 2053/3694/229
f 2080/3679/222 2082/3695/230 2081/3642/194 2050/3641/193 2053/3694/229 2048/3645/197
f 2048/3645/197 2053/3694/229 2052/3649/201 2074/3681/224 2076/3696/231 2075/3646/198
f 2053/3694/229 2046/3637/189 2062/3657/208 2064/3697/232 2063/3650/202 2052/3649/201
f 2066/3698/233 2084/3699/234 2056/3662/212 2049/3661/212
f 2072/3700/235 2090/3701/236 2058/3672/216 2051/3671/216
f 2078/3702/237 2087/3703/238 2057/3654/205 2047/3653/205
f 2059/3674/218 2092/3673/217 2094/3704/258 2061/3705/258
f 2061/3706/240 2094/3707/240 2093/3684/227 2060/3683/226
f 2084/3699/234 2066/3698/233 2067/3708/251 2085/3709/251
f 2085/3710/242 2067/3711/242 2065/3678/221 2083/3677/220
f 2087/3703/238 2078/3702/237 2079/3712/243 2088/3713/243
f 2088/3714/244 2079/3715/244 2077/3664/214 2086/3663/213
f 2090/3701/236 2072/3700/235 2073/3716/245 2091/3717/245
f 2091/3718/246 2073/3719/246 2071/3656/207 2089/3655/206
f 2068/3659/210 2084/3660/211 2085/3720/247 2070/3693/228
f 2070/3693/228 2085/3720/247 2083/3639/191 2069/3638/190
f 2080/3679/222 2087/3680/223 2088/3721/248 2082/3695/230
f 2082/3695/230 2088/3721/248 2086/3643/195 2081/3642/194
f 2074/3681/224 2090/3682/225 2091/3722/249 2076/3696/231
f 2076/3696/231 2091/3722/249 2089/3647/199 2075/3646/198
f 2062/3657/208 2093/3658/209 2094/3723/250 2064/3697/232
f 2064/3697/232 2094/3723/250 2092/3651/203 2063/3650/202
f 2045/3692/215 2054/3670/215 2051/3688/215 2059/3724/215 2061/3725/215 2060/3726/215
f 2096/3727/189 2119/3728/190 2133/3729/191 2105/3730/192
f 2100/3731/193 2131/3732/194 2136/3733/195 2106/3734/196
f 2098/3735/197 2125/3736/198 2139/3737/199 2107/3738/200
f 2102/3739/201 2113/3740/202 2142/3741/203 2108/3742/204
f 2097/3743/205 2107/3744/205 2139/3745/206 2121/3746/207
f 2112/3747/208 2096/3727/189 2105/3730/192 2143/3748/209
f 2118/3749/210 2100/3731/193 2106/3734/196 2134/3750/211
f 2099/3751/212 2106/3752/212 2136/3753/213 2127/3754/214
f 2099/3755/215 2127/3756/215 2129/3757/215 2128/3758/215 2097/3759/215 2104/3760/215
f 2101/3761/216 2108/3762/216 2142/3763/217 2109/3764/218
f 2095/3765/219 2105/3766/219 2133/3767/220 2115/3768/221
f 2130/3769/222 2098/3735/197 2107/3738/200 2137/3770/223
f 2124/3771/224 2102/3739/201 2108/3742/204 2140/3772/225
f 2110/3773/226 2143/3774/227 2105/3766/219 2095/3765/219
f 2104/3760/215 2097/3759/215 2121/3775/215 2123/3776/215 2122/3777/215 2101/3778/215
f 2115/3779/215 2117/3780/215 2116/3781/215 2099/3755/215 2104/3760/215 2095/3782/215
f 2100/3731/193 2118/3749/210 2120/3783/228 2119/3728/190 2096/3727/189 2103/3784/229
f 2130/3769/222 2132/3785/230 2131/3732/194 2100/3731/193 2103/3784/229 2098/3735/197
f 2098/3735/197 2103/3784/229 2102/3739/201 2124/3771/224 2126/3786/231 2125/3736/198
f 2103/3784/229 2096/3727/189 2112/3747/208 2114/3787/232 2113/3740/202 2102/3739/201
f 2116/3788/233 2134/3789/256 2106/3752/212 2099/3751/212
f 2122/3790/235 2140/3791/257 2108/3762/216 2101/3761/216
f 2128/3792/237 2137/3793/238 2107/3744/205 2097/3743/205
f 2109/3764/218 2142/3763/217 2144/3794/258 2111/3795/258
f 2111/3796/240 2144/3797/240 2143/3774/227 2110/3773/226
f 2134/3789/256 2116/3788/233 2117/3798/251 2135/3799/251
f 2135/3800/242 2117/3801/242 2115/3768/221 2133/3767/220
f 2137/3793/238 2128/3792/237 2129/3802/243 2138/3803/243
f 2138/3804/244 2129/3805/244 2127/3754/214 2136/3753/213
f 2140/3791/257 2122/3790/235 2123/3806/245 2141/3807/245
f 2141/3808/246 2123/3809/246 2121/3746/207 2139/3745/206
f 2118/3749/210 2134/3750/211 2135/3810/247 2120/3783/228
f 2120/3783/228 2135/3810/247 2133/3729/191 2119/3728/190
f 2130/3769/222 2137/3770/223 2138/3811/248 2132/3785/230
f 2132/3785/230 2138/3811/248 2136/3733/195 2131/3732/194
f 2124/3771/224 2140/3772/225 2141/3812/249 2126/3786/231
f 2126/3786/231 2141/3812/249 2139/3737/199 2125/3736/198
f 2112/3747/208 2143/3748/209 2144/3813/250 2114/3787/232
f 2114/3787/232 2144/3813/250 2142/3741/203 2113/3740/202
f 2095/3782/215 2104/3760/215 2101/3778/215 2109/3814/215 2111/3815/215 2110/3816/215
f 2146/3817/189 2169/3818/190 2183/3819/191 2155/3820/192
f 2150/3821/193 2181/3822/194 2186/3823/195 2156/3824/196
f 2148/3825/197 2175/3826/198 2189/3827/199 2157/3828/200
f 2152/3829/201 2163/3830/202 2192/3831/203 2158/3832/204
f 2147/3833/205 2157/3834/205 2189/3835/206 2171/3836/207
f 2162/3837/208 2146/3817/189 2155/3820/192 2193/3838/209
f 2168/3839/210 2150/3821/193 2156/3824/196 2184/3840/211
f 2149/3841/212 2156/3842/212 2186/3843/213 2177/3844/214
f 2149/3845/215 2177/3846/215 2179/3847/215 2178/3848/215 2147/3849/215 2154/3850/215
f 2151/3851/216 2158/3852/216 2192/3853/253 2159/3854/218
f 2145/3855/219 2155/3856/219 2183/3857/220 2165/3858/221
f 2180/3859/222 2148/3825/197 2157/3828/200 2187/3860/223
f 2174/3861/224 2152/3829/201 2158/3832/204 2190/3862/225
f 2160/3863/226 2193/3864/227 2155/3856/219 2145/3855/219
f 2154/3850/215 2147/3849/215 2171/3865/215 2173/3866/215 2172/3867/215 2151/3868/215
f 2165/3869/215 2167/3870/215 2166/3871/215 2149/3845/215 2154/3850/215 2145/3872/215
f 2150/3821/193 2168/3839/210 2170/3873/228 2169/3818/190 2146/3817/189 2153/3874/229
f 2180/3859/222 2182/3875/230 2181/3822/194 2150/3821/193 2153/3874/229 2148/3825/197
f 2148/3825/197 2153/3874/229 2152/3829/201 2174/3861/224 2176/3876/231 2175/3826/198
f 2153/3874/229 2146/3817/189 2162/3837/208 2164/3877/232 2163/3830/202 2152/3829/201
f 2166/3878/233 2184/3879/256 2156/3842/212 2149/3841/212
f 2172/3880/235 2190/3881/236 2158/3852/216 2151/3851/216
f 2178/3882/237 2187/3883/238 2157/3834/205 2147/3833/205
f 2159/3854/218 2192/3853/253 2194/3884/258 2161/3885/258
f 2161/3886/240 2194/3887/240 2193/3864/227 2160/3863/226
f 2184/3879/256 2166/3878/233 2167/3888/251 2185/3889/251
f 2185/3890/242 2167/3891/242 2165/3858/221 2183/3857/220
f 2187/3883/238 2178/3882/237 2179/3892/243 2188/3893/243
f 2188/3894/244 2179/3895/244 2177/3844/214 2186/3843/213
f 2190/3881/236 2172/3880/235 2173/3896/245 2191/3897/245
f 2191/3898/246 2173/3899/246 2171/3836/207 2189/3835/206
f 2168/3839/210 2184/3840/211 2185/3900/247 2170/3873/228
f 2170/3873/228 2185/3900/247 2183/3819/191 2169/3818/190
f 2180/3859/222 2187/3860/223 2188/3901/248 2182/3875/230
f 2182/3875/230 2188/3901/248 2186/3823/195 2181/3822/194
f 2174/3861/224 2190/3862/225 2191/3902/249 2176/3876/231
f 2176/3876/231 2191/3902/249 2189/3827/199 2175/3826/198
f 2162/3837/208 2193/3838/209 2194/3903/250 2164/3877/232
f 2164/3877/232 2194/3903/250 2192/3831/203 2163/3830/202
f 2145/3872/215 2154/3850/215 2151/3868/215 2159/3904/215 2161/3905/215 2160/3906/215
f 2196/3907/189 2219/3908/190 2233/3909/191 2205/3910/192
f 2200/3911/193 2231/3912/194 2236/3913/195 2206/3914/196
f 2198/3915/197 2225/3916/198 2239/3917/199 2207/3918/200
f 2202/3919/201 2213/3920/202 2242/3921/203 2208/3922/204
f 2197/3923/205 2207/3924/205 2239/3925/206 2221/3926/207
f 2212/3927/208 2196/3907/189 2205/3910/192 2243/3928/209
f 2218/3929/210 2200/3911/193 2206/3914/196 2234/3930/211
f 2199/3931/212 2206/3932/212 2236/3933/213 2227/3934/214
f 2199/3935/215 2227/3936/215 2229/3937/215 2228/3938/215 2197/3939/215 2204/3940/215
f 2201/3941/216 2208/3942/216 2242/3943/217 2209/3944/218
f 2195/3945/219 2205/3946/219 2233/3947/220 2215/3948/221
f 2230/3949/222 2198/3915/197 2207/3918/200 2237/3950/223
f 2224/3951/224 2202/3919/201 2208/3922/204 2240/3952/225
f 2210/3953/226 2243/3954/227 2205/3946/219 2195/3945/219
f 2204/3940/215 2197/3939/215 2221/3955/215 2223/3956/215 2222/3957/215 2201/3958/215
f 2215/3959/215 2217/3960/215 2216/3961/215 2199/3935/215 2204/3940/215 2195/3962/215
f 2200/3911/193 2218/3929/210 2220/3963/228 2219/3908/190 2196/3907/189 2203/3964/229
f 2230/3949/222 2232/3965/230 2231/3912/194 2200/3911/193 2203/3964/229 2198/3915/197
f 2198/3915/197 2203/3964/229 2202/3919/201 2224/3951/224 2226/3966/231 2225/3916/198
f 2203/3964/229 2196/3907/189 2212/3927/208 2214/3967/232 2213/3920/202 2202/3919/201
f 2216/3968/233 2234/3969/234 2206/3932/212 2199/3931/212
f 2222/3970/235 2240/3971/236 2208/3942/216 2201/3941/216
f 2228/3972/237 2237/3973/238 2207/3924/205 2197/3923/205
f 2209/3944/218 2242/3943/217 2244/3974/260 2211/3975/260
f 2211/3976/240 2244/3977/240 2243/3954/227 2210/3953/226
f 2234/3969/234 2216/3968/233 2217/3978/251 2235/3979/251
f 2235/3980/242 2217/3981/242 2215/3948/221 2233/3947/220
f 2237/3973/238 2228/3972/237 2229/3982/243 2238/3983/243
f 2238/3984/244 2229/3985/244 2227/3934/214 2236/3933/213
f 2240/3971/236 2222/3970/235 2223/3986/245 2241/3987/245
f 2241/3988/246 2223/3989/246 2221/3926/207 2239/3925/206
f 2218/3929/210 2234/3930/211 2235/3990/247 2220/3963/228
f 2220/3963/228 2235/3990/247 2233/3909/191 2219/3908/190
f 2230/3949/222 2237/3950/223 2238/3991/248 2232/3965/230
f 2232/3965/230 2238/3991/248 2236/3913/195 2231/3912/194
f 2224/3951/224 2240/3952/225 2241/3992/249 2226/3966/231
f 2226/3966/231 2241/3992/249 2239/3917/199 2225/3916/198
f 2212/3927/208 2243/3928/209 2244/3993/250 2214/3967/232
f 2214/3967/232 2244/3993/250 2242/3921/203 2213/3920/202
f 2195/3962/215 2204/3940/215 2201/3958/215 2209/3994/215 2211/3995/215 2210/3996/215
f 2246/3997/189 2269/3998/190 2283/3999/191 2255/4000/192
f 2250/4001/193 2281/4002/194 2286/4003/195 2256/4004/196
f 2248/4005/197 2275/4006/198 2289/4007/199 2257/4008/200
f 2252/4009/201 2263/4010/202 2292/4011/203 2258/4012/204
f 2247/4013/205 2257/4014/205 2289/4015/206 2271/4016/207
f 2262/4017/208 2246/3997/189 2255/4000/192 2293/4018/209
f 2268/4019/210 2250/4001/193 2256/4004/196 2284/4020/211
f 2249/4021/212 2256/4022/212 2286/4023/252 2277/4024/214
f 2249/4025/215 2277/4026/215 2279/4027/215 2278/4028/215 2247/4029/215 2254/4030/215
f 2251/4031/216 2258/4032/216 2292/4033/217 2259/4034/218
f 2245/4035/219 2255/4036/219 2283/4037/220 2265/4038/221
f 2280/4039/222 2248/4005/197 2257/4008/200 2287/4040/223
f 2274/4041/224 2252/4009/201 2258/4012/204 2290/4042/225
f 2260/4043/226 2293/4044/227 2255/4036/219 2245/4035/219
f 2254/4030/215 2247/4029/215 2271/4045/215 2273/4046/215 2272/4047/215 2251/4048/215
f 2265/4049/215 2267/4050/215 2266/4051/215 2249/4025/215 2254/4030/215 2245/4052/215
f 2250/4001/193 2268/4019/210 2270/4053/228 2269/3998/190 2246/3997/189 2253/4054/229
f 2280/4039/222 2282/4055/230 2281/4002/194 2250/4001/193 2253/4054/229 2248/4005/197
f 2248/4005/197 2253/4054/229 2252/4009/201 2274/4041/224 2276/4056/231 2275/4006/198
f 2253/4054/229 2246/3997/189 2262/4017/208 2264/4057/232 2263/4010/202 2252/4009/201
f 2266/4058/233 2284/4059/234 2256/4022/212 2249/4021/212
f 2272/4060/235 2290/4061/236 2258/4032/216 2251/4031/216
f 2278/4062/237 2287/4063/238 2257/4014/205 2247/4013/205
f 2259/4034/218 2292/4033/217 2294/4064/258 2261/4065/258
f 2261/4066/240 2294/4067/240 2293/4044/227 2260/4043/226
f 2284/4059/234 2266/4058/233 2267/4068/259 2285/4069/259
f 2285/4070/242 2267/4071/242 2265/4038/221 2283/4037/220
f 2287/4063/238 2278/4062/237 2279/4072/243 2288/4073/243
f 2288/4074/244 2279/4075/244 2277/4024/214 2286/4023/252
f 2290/4061/236 2272/4060/235 2273/4076/245 2291/4077/245
f 2291/4078/246 2273/4079/246 2271/4016/207 2289/4015/206
f 2268/4019/210 2284/4020/211 2285/4080/247 2270/4053/228
f 2270/4053/228 2285/4080/247 2283/3999/191 2269/3998/190
f 2280/4039/222 2287/4040/223 2288/4081/248 2282/4055/230
f 2282/4055/230 2288/4081/248 2286/4003/195 2281/4002/194
f 2274/4041/224 2290/4042/225 2291/4082/249 2276/4056/231
f 2276/4056/231 2291/4082/249 2289/4007/199 2275/4006/198
f 2262/4017/208 2293/4018/209 2294/4083/250 2264/4057/232
f 2264/4057/232 2294/4083/250 2292/4011/203 2263/4010/202
f 2245/4052/215 2254/4030/215 2251/4048/215 2259/4084/215 2261/4085/215 2260/4086/215
f 2296/4087/189 2319/4088/190 2333/4089/191 2305/4090/192
f 2300/4091/193 2331/4092/194 2336/4093/195 2306/4094/196
f 2298/4095/197 2325/4096/198 2339/4097/199 2307/4098/200
f 2302/4099/201 2313/4100/202 2342/4101/203 2308/4102/204
f 2297/4103/205 2307/4104/205 2339/4105/206 2321/4106/207
f 2312/4107/208 2296/4087/189 2305/4090/192 2343/4108/209
f 2318/4109/210 2300/4091/193 2306/4094/196 2334/4110/211
f 2299/4111/212 2306/4112/212 2336/4113/213 2327/4114/214
f 2299/4115/215 2327/4116/215 2329/4117/215 2328/4118/215 2297/4119/215 2304/4120/215
f 2301/4121/216 2308/4122/216 2342/4123/217 2309/4124/218
f 2295/4125/219 2305/4126/219 2333/4127/220 2315/4128/221
f 2330/4129/222 2298/4095/197 2307/4098/200 2337/4130/223
f 2324/4131/224 2302/4099/201 2308/4102/204 2340/4132/225
f 2310/4133/226 2343/4134/227 2305/4126/219 2295/4125/219
f 2304/4120/215 2297/4119/215 2321/4135/215 2323/4136/215 2322/4137/215 2301/4138/215
f 2315/4139/215 2317/4140/215 2316/4141/215 2299/4115/215 2304/4120/215 2295/4142/215
f 2300/4091/193 2318/4109/210 2320/4143/228 2319/4088/190 2296/4087/189 2303/4144/229
f 2330/4129/222 2332/4145/230 2331/4092/194 2300/4091/193 2303/4144/229 2298/4095/197
f 2298/4095/197 2303/4144/229 2302/4099/201 2324/4131/224 2326/4146/231 2325/4096/198
f 2303/4144/229 2296/4087/189 2312/4107/208 2314/4147/232 2313/4100/202 2302/4099/201
f 2316/4148/233 2334/4149/234 2306/4112/212 2299/4111/212
f 2322/4150/235 2340/4151/236 2308/4122/216 2301/4121/216
f 2328/4152/237 2337/4153/238 2307/4104/205 2297/4103/205
f 2309/4124/218 2342/4123/217 2344/4154/260 2311/4155/260
f 2311/4156/240 2344/4157/240 2343/4134/227 2310/4133/226
f 2334/4149/234 2316/4148/233 2317/4158/251 2335/4159/251
f 2335/4160/242 2317/4161/242 2315/4128/221 2333/4127/220
f 2337/4153/238 2328/4152/237 2329/4162/243 2338/4163/243
f 2338/4164/244 2329/4165/244 2327/4114/214 2336/4113/213
f 2340/4151/236 2322/4150/235 2323/4166/245 2341/4167/245
f 2341/4168/246 2323/4169/246 2321/4106/207 2339/4105/206
f 2318/4109/210 2334/4110/211 2335/4170/247 2320/4143/228
f 2320/4143/228 2335/4170/247 2333/4089/191 2319/4088/190
f 2330/4129/222 2337/4130/223 2338/4171/248 2332/4145/230
f 2332/4145/230 2338/4171/248 2336/4093/195 2331/4092/194
f 2324/4131/224 2340/4132/225 2341/4172/249 2326/4146/231
f 2326/4146/231 2341/4172/249 2339/4097/199 2325/4096/198
f 2312/4107/208 2343/4108/209 2344/4173/250 2314/4147/232
f 2314/4147/232 2344/4173/250 2342/4101/203 2313/4100/202
f 2295/4142/215 2304/4120/215 2301/4138/215 2309/4174/215 2311/4175/215 2310/4176/215
f 2346/4177/189 2369/4178/190 2383/4179/191 2355/4180/192
f 2350/4181/193 2381/4182/194 2386/4183/195 2356/4184/196
f 2348/4185/197 2375/4186/198 2389/4187/199 2357/4188/200
f 2352/4189/201 2363/4190/202 2392/4191/203 2358/4192/204
f 2347/4193/205 2357/4194/205 2389/4195/206 2371/4196/207
f 2362/4197/208 2346/4177/189 2355/4180/192 2393/4198/209
f 2368/4199/210 2350/4181/193 2356/4184/196 2384/4200/211
f 2349/4201/212 2356/4202/212 2386/4203/252 2377/4204/214
f 2349/4205/215 2377/4206/215 2379/4207/215 2378/4208/215 2347/4209/215 2354/4210/215
f 2351/4211/216 2358/4212/216 2392/4213/217 2359/4214/218
f 2345/4215/219 2355/4216/219 2383/4217/220 2365/4218/221
f 2380/4219/222 2348/4185/197 2357/4188/200 2387/4220/223
f 2374/4221/224 2352/4189/201 2358/4192/204 2390/4222/225
f 2360/4223/226 2393/4224/227 2355/4216/219 2345/4215/219
f 2354/4210/215 2347/4209/215 2371/4225/215 2373/4226/215 2372/4227/215 2351/4228/215
f 2365/4229/215 2367/4230/215 2366/4231/215 2349/4205/215 2354/4210/215 2345/4232/215
f 2350/4181/193 2368/4199/210 2370/4233/228 2369/4178/190 2346/4177/189 2353/4234/229
f 2380/4219/222 2382/4235/230 2381/4182/194 2350/4181/193 2353/4234/229 2348/4185/197
f 2348/4185/197 2353/4234/229 2352/4189/201 2374/4221/224 2376/4236/231 2375/4186/198
f 2353/4234/229 2346/4177/189 2362/4197/208 2364/4237/232 2363/4190/202 2352/4189/201
f 2366/4238/233 2384/4239/234 2356/4202/212 2349/4201/212
f 2372/4240/235 2390/4241/236 2358/4212/216 2351/4211/216
f 2378/4242/237 2387/4243/238 2357/4194/205 2347/4193/205
f 2359/4214/218 2392/4213/217 2394/4244/258 2361/4245/258
f 2361/4246/240 2394/4247/240 2393/4224/227 2360/4223/226
f 2384/4239/234 2366/4238/233 2367/4248/271 2385/4249/271
f 2385/4250/242 2367/4251/242 2365/4218/221 2383/4217/220
f 2387/4243/238 2378/4242/237 2379/4252/243 2388/4253/243
f 2388/4254/244 2379/4255/244 2377/4204/214 2386/4203/252
f 2390/4241/236 2372/4240/235 2373/4256/245 2391/4257/245
f 2391/4258/246 2373/4259/246 2371/4196/207 2389/4195/206
f 2368/4199/210 2384/4200/211 2385/4260/247 2370/4233/228
f 2370/4233/228 2385/4260/247 2383/4179/191 2369/4178/190
f 2380/4219/222 2387/4220/223 2388/4261/248 2382/4235/230
f 2382/4235/230 2388/4261/248 2386/4183/195 2381/4182/194
f 2374/4221/224 2390/4222/225 2391/4262/249 2376/4236/231
f 2376/4236/231 2391/4262/249 2389/4187/199 2375/4186/198
f 2362/4197/208 2393/4198/209 2394/4263/250 2364/4237/232
f 2364/4237/232 2394/4263/250 2392/4191/203 2363/4190/202
f 2345/4232/215 2354/4210/215 2351/4228/215 2359/4264/215 2361/4265/215 2360/4266/215
f 2396/4267/272 2419/4268/273 2433/4269/274 2405/4270/275
f 2400/4271/193 2431/4272/276 2436/4273/277 2406/4274/196
f 2398/4275/278 2425/4276/279 2439/4277/280 2407/4278/281
f 2402/4279/282 2413/4280/283 2442/4281/284 2408/4282/204
f 2397/4283/285 2407/4284/285 2439/4285/286 2421/4286/287
f 2412/4287/288 2396/4267/272 2405/4270/275 2443/4288/289
f 2418/4289/290 2400/4271/193 2406/4274/196 2434/4290/291
f 2399/4291/212 2406/4292/212 2436/4293/292 2427/4294/293
f 2399/4295/215 2427/4296/215 2429/4297/215 2428/4298/215 2397/4299/215 2404/4300/215
f 2401/4301/216 2408/4302/216 2442/4303/294 2409/4304/295
f 2395/4305/296 2405/4306/296 2433/4307/297 2415/4308/298
f 2430/4309/299 2398/4275/278 2407/4278/281 2437/4310/300
f 2424/4311/301 2402/4279/282 2408/4282/204 2440/4312/302
f 2410/4313/303 2443/4314/304 2405/4306/296 2395/4305/296
f 2404/4300/215 2397/4299/215 2421/4315/215 2423/4316/215 2422/4317/215 2401/4318/215
f 2415/4319/215 2417/4320/215 2416/4321/215 2399/4295/215 2404/4300/215 2395/4322/215
f 2400/4271/193 2418/4289/290 2420/4323/305 2419/4268/273 2396/4267/272 2403/4324/229
f 2430/4309/299 2432/4325/306 2431/4272/276 2400/4271/193 2403/4324/229 2398/4275/278
f 2398/4275/278 2403/4324/229 2402/4279/282 2424/4311/301 2426/4326/307 2425/4276/279
f 2403/4324/229 2396/4267/272 2412/4287/288 2414/4327/308 2413/4280/283 2402/4279/282
f 2416/4328/309 2434/4329/310 2406/4292/212 2399/4291/212
f 2422/4330/311 2440/4331/312 2408/4302/216 2401/4301/216
f 2428/4332/313 2437/4333/314 2407/4284/285 2397/4283/285
f 2409/4304/295 2442/4303/294 2444/4334/315 2411/4335/315
f 2411/4336/316 2444/4337/316 2443/4314/304 2410/4313/303
f 2434/4329/310 2416/4328/309 2417/4338/317 2435/4339/317
f 2435/4340/318 2417/4341/318 2415/4308/298 2433/4307/297
f 2437/4333/314 2428/4332/313 2429/4342/319 2438/4343/319
f 2438/4344/320 2429/4345/320 2427/4294/293 2436/4293/292
f 2440/4331/312 2422/4330/311 2423/4346/321 2441/4347/321
f 2441/4348/322 2423/4349/322 2421/4286/287 2439/4285/286
f 2418/4289/290 2434/4290/291 2435/4350/323 2420/4323/305
f 2420/4323/305 2435/4350/323 2433/4269/274 2419/4268/273
f 2430/4309/299 2437/4310/300 2438/4351/324 2432/4325/306
f 2432/4325/306 2438/4351/324 2436/4273/277 2431/4272/276
f 2424/4311/301 2440/4312/302 2441/4352/325 2426/4326/307
f 2426/4326/307 2441/4352/325 2439/4277/280 2425/4276/279
f 2412/4287/288 2443/4288/289 2444/4353/326 2414/4327/308
f 2414/4327/308 2444/4353/326 2442/4281/284 2413/4280/283
f 2395/4322/215 2404/4300/215 2401/4318/215 2409/4354/215 2411/4355/215 2410/4356/215
f 2446/4357/272 2469/4358/273 2483/4359/274 2455/4360/275
f 2450/4361/193 2481/4362/276 2486/4363/277 2456/4364/196
f 2448/4365/278 2475/4366/279 2489/4367/280 2457/4368/281
f 2452/4369/282 2463/4370/283 2492/4371/284 2458/4372/204
f 2447/4373/285 2457/4374/285 2489/4375/327 2471/4376/287
f 2462/4377/288 2446/4357/272 2455/4360/275 2493/4378/289
f 2468/4379/290 2450/4361/193 2456/4364/196 2484/4380/291
f 2449/4381/212 2456/4382/212 2486/4383/292 2477/4384/328
f 2449/4385/215 2477/4386/215 2479/4387/215 2478/4388/215 2447/4389/215 2454/4390/215
f 2451/4391/216 2458/4392/216 2492/4393/329 2459/4394/330
f 2445/4395/296 2455/4396/296 2483/4397/297 2465/4398/298
f 2480/4399/299 2448/4365/278 2457/4368/281 2487/4400/300
f 2474/4401/301 2452/4369/282 2458/4372/204 2490/4402/302
f 2460/4403/303 2493/4404/331 2455/4396/296 2445/4395/296
f 2454/4390/215 2447/4389/215 2471/4405/215 2473/4406/215 2472/4407/215 2451/4408/215
f 2465/4409/215 2467/4410/215 2466/4411/215 2449/4385/215 2454/4390/215 2445/4412/215
f 2450/4361/193 2468/4379/290 2470/4413/305 2469/4358/273 2446/4357/272 2453/4414/229
f 2480/4399/299 2482/4415/306 2481/4362/276 2450/4361/193 2453/4414/229 2448/4365/278
f 2448/4365/278 2453/4414/229 2452/4369/282 2474/4401/301 2476/4416/307 2475/4366/279
f 2453/4414/229 2446/4357/272 2462/4377/288 2464/4417/308 2463/4370/283 2452/4369/282
f 2466/4418/332 2484/4419/310 2456/4382/212 2449/4381/212
f 2472/4420/311 2490/4421/312 2458/4392/216 2451/4391/216
f 2478/4422/313 2487/4423/314 2457/4374/285 2447/4373/285
f 2459/4394/330 2492/4393/329 2494/4424/333 2461/4425/333
f 2461/4426/316 2494/4427/316 2493/4404/331 2460/4403/303
f 2484/4419/310 2466/4418/332 2467/4428/334 2485/4429/334
f 2485/4430/318 2467/4431/318 2465/4398/298 2483/4397/297
f 2487/4423/314 2478/4422/313 2479/4432/319 2488/4433/319
f 2488/4434/335 2479/4435/335 2477/4384/328 2486/4383/292
f 2490/4421/312 2472/4420/311 2473/4436/321 2491/4437/321
f 2491/4438/322 2473/4439/322 2471/4376/287 2489/4375/327
f 2468/4379/290 2484/4380/291 2485/4440/323 2470/4413/305
f 2470/4413/305 2485/4440/323 2483/4359/274 2469/4358/273
f 2480/4399/299 2487/4400/300 2488/4441/324 2482/4415/306
f 2482/4415/306 2488/4441/324 2486/4363/277 2481/4362/276
f 2474/4401/301 2490/4402/302 2491/4442/325 2476/4416/307
f 2476/4416/307 2491/4442/325 2489/4367/280 2475/4366/279
f 2462/4377/288 2493/4378/289 2494/4443/326 2464/4417/308
f 2464/4417/308 2494/4443/326 2492/4371/284 2463/4370/283
f 2445/4412/215 2454/4390/215 2451/4408/215 2459/4444/215 2461/4445/215 2460/4446/215
f 2496/4447/272 2519/4448/273 2533/4449/274 2505/4450/275
f 2500/4451/193 2531/4452/276 2536/4453/277 2506/4454/196
f 2498/4455/278 2525/4456/279 2539/4457/280 2507/4458/281
f 2502/4459/201 2513/4460/283 2542/4461/284 2508/4462/204
f 2497/4463/285 2507/4464/285 2539/4465/286 2521/4466/287
f 2512/4467/288 2496/4447/272 2505/4450/275 2543/4468/289
f 2518/4469/290 2500/4451/193 2506/4454/196 2534/4470/291
f 2499/4471/212 2506/4472/212 2536/4473/292 2527/4474/328
f 2499/4475/215 2527/4476/215 2529/4477/215 2528/4478/215 2497/4479/215 2504/4480/215
f 2501/4481/216 2508/4482/216 2542/4483/329 2509/4484/295
f 2495/4485/296 2505/4486/296 2533/4487/297 2515/4488/298
f 2530/4489/299 2498/4455/278 2507/4458/281 2537/4490/300
f 2524/4491/301 2502/4459/201 2508/4462/204 2540/4492/302
f 2510/4493/303 2543/4494/331 2505/4486/296 2495/4485/296
f 2504/4480/215 2497/4479/215 2521/4495/215 2523/4496/215 2522/4497/215 2501/4498/215
f 2515/4499/215 2517/4500/215 2516/4501/215 2499/4475/215 2504/4480/215 2495/4502/215
f 2500/4451/193 2518/4469/290 2520/4503/305 2519/4448/273 2496/4447/272 2503/4504/229
f 2530/4489/299 2532/4505/306 2531/4452/276 2500/4451/193 2503/4504/229 2498/4455/278
f 2498/4455/278 2503/4504/229 2502/4459/201 2524/4491/301 2526/4506/307 2525/4456/279
f 2503/4504/229 2496/4447/272 2512/4467/288 2514/4507/308 2513/4460/283 2502/4459/201
f 2516/4508/309 2534/4509/310 2506/4472/212 2499/4471/212
f 2522/4510/311 2540/4511/312 2508/4482/216 2501/4481/216
f 2528/4512/313 2537/4513/314 2507/4464/285 2497/4463/285
f 2509/4484/295 2542/4483/329 2544/4514/336 2511/4515/336
f 2511/4516/316 2544/4517/316 2543/4494/331 2510/4493/303
f 2534/4509/310 2516/4508/309 2517/4518/317 2535/4519/317
f 2535/4520/318 2517/4521/318 2515/4488/298 2533/4487/297
f 2537/4513/314 2528/4512/313 2529/4522/319 2538/4523/319
f 2538/4524/335 2529/4525/335 2527/4474/328 2536/4473/292
f 2540/4511/312 2522/4510/311 2523/4526/321 2541/4527/321
f 2541/4528/322 2523/4529/322 2521/4466/287 2539/4465/286
f 2518/4469/290 2534/4470/291 2535/4530/323 2520/4503/305
f 2520/4503/305 2535/4530/323 2533/4449/274 2519/4448/273
f 2530/4489/299 2537/4490/300 2538/4531/337 2532/4505/306
f 2532/4505/306 2538/4531/337 2536/4453/277 2531/4452/276
f 2524/4491/301 2540/4492/302 2541/4532/325 2526/4506/307
f 2526/4506/307 2541/4532/325 2539/4457/280 2525/4456/279
f 2512/4467/288 2543/4468/289 2544/4533/326 2514/4507/308
f 2514/4507/308 2544/4533/326 2542/4461/284 2513/4460/283
f 2495/4502/215 2504/4480/215 2501/4498/215 2509/4534/215 2511/4535/215 2510/4536/215
f 2546/4537/272 2569/4538/273 2583/4539/274 2555/4540/275
f 2550/4541/193 2581/4542/276 2586/4543/277 2556/4544/196
f 2548/4545/278 2575/4546/279 2589/4547/280 2557/4548/281
f 2552/4549/282 2563/4550/283 2592/4551/284 2558/4552/204
f 2547/4553/285 2557/4554/285 2589/4555/327 2571/4556/287
f 2562/4557/288 2546/4537/272 2555/4540/275 2593/4558/289
f 2568/4559/290 2550/4541/193 2556/4544/196 2584/4560/291
f 2549/4561/212 2556/4562/212 2586/4563/292 2577/4564/328
f 2549/4565/215 2577/4566/215 2579/4567/215 2578/4568/215 2547/4569/215 2554/4570/215
f 2551/4571/216 2558/4572/216 2592/4573/294 2559/4574/295
f 2545/4575/296 2555/4576/296 2583/4577/297 2565/4578/298
f 2580/4579/299 2548/4545/278 2557/4548/281 2587/4580/300
f 2574/4581/301 2552/4549/282 2558/4552/204 2590/4582/302
f 2560/4583/303 2593/4584/331 2555/4576/296 2545/4575/296
f 2554/4570/215 2547/4569/215 2571/4585/215 2573/4586/215 2572/4587/215 2551/4588/215
f 2565/4589/215 2567/4590/215 2566/4591/215 2549/4565/215 2554/4570/215 2545/4592/215
f 2550/4541/193 2568/4559/290 2570/4593/305 2569/4538/273 2546/4537/272 2553/4594/229
f 2580/4579/299 2582/4595/306 2581/4542/276 2550/4541/193 2553/4594/229 2548/4545/278
f 2548/4545/278 2553/4594/229 2552/4549/282 2574/4581/301 2576/4596/307 2575/4546/279
f 2553/4594/229 2546/4537/272 2562/4557/288 2564/4597/308 2563/4550/283 2552/4549/282
f 2566/4598/309 2584/4599/310 2556/4562/212 2549/4561/212
f 2572/4600/311 2590/4601/338 2558/4572/216 2551/4571/216
f 2578/4602/313 2587/4603/314 2557/4554/285 2547/4553/285
f 2559/4574/295 2592/4573/294 2594/4604/315 2561/4605/315
f 2561/4606/316 2594/4607/316 2593/4584/331 2560/4583/303
f 2584/4599/310 2566/4598/309 2567/4608/339 2585/4609/339
f 2585/4610/318 2567/4611/318 2565/4578/298 2583/4577/297
f 2587/4603/314 2578/4602/313 2579/4612/319 2588/4613/319
f 2588/4614/335 2579/4615/335 2577/4564/328 2586/4563/292
f 2590/4601/338 2572/4600/311 2573/4616/340 2591/4617/340
f 2591/4618/322 2573/4619/322 2571/4556/287 2589/4555/327
f 2568/4559/290 2584/4560/291 2585/4620/323 2570/4593/305
f 2570/4593/305 2585/4620/323 2583/4539/274 2569/4538/273
f 2580/4579/299 2587/4580/300 2588/4621/324 2582/4595/306
f 2582/4595/306 2588/4621/324 2586/4543/277 2581/4542/276
f 2574/4581/301 2590/4582/302 2591/4622/325 2576/4596/307
f 2576/4596/307 2591/4622/325 2589/4547/280 2575/4546/279
f 2562/4557/288 2593/4558/289 2594/4623/326 2564/4597/308
f 2564/4597/308 2594/4623/326 2592/4551/284 2563/4550/283
f 2545/4592/215 2554/4570/215 2551/4588/215 2559/4624/215 2561/4625/215 2560/4626/215
f 2596/4627/272 2619/4628/273 2633/4629/274 2605/4630/275
f 2600/4631/193 2631/4632/276 2636/4633/277 2606/4634/196
f 2598/4635/278 2625/4636/279 2639/4637/280 2607/4638/281
f 2602/4639/282 2613/4640/283 2642/4641/284 2608/4642/204
f 2597/4643/285 2607/4644/285 2639/4645/327 2621/4646/287
f 2612/4647/288 2596/4627/272 2605/4630/275 2643/4648/289
f 2618/4649/290 2600/4631/193 2606/4634/196 2634/4650/291
f 2599/4651/212 2606/4652/212 2636/4653/292 2627/4654/293
f 2599/4655/215 2627/4656/215 2629/4657/215 2628/4658/215 2597/4659/215 2604/4660/215
f 2601/4661/216 2608/4662/216 2642/4663/329 2609/4664/295
f 2595/4665/296 2605/4666/296 2633/4667/297 2615/4668/298
f 2630/4669/299 2598/4635/278 2607/4638/281 2637/4670/300
f 2624/4671/301 2602/4639/282 2608/4642/204 2640/4672/302
f 2610/4673/303 2643/4674/304 2605/4666/296 2595/4665/296
f 2604/4660/215 2597/4659/215 2621/4675/215 2623/4676/215 2622/4677/215 2601/4678/215
f 2615/4679/215 2617/4680/215 2616/4681/215 2599/4655/215 2604/4660/215 2595/4682/215
f 2600/4631/193 2618/4649/290 2620/4683/305 2619/4628/273 2596/4627/272 2603/4684/229
f 2630/4669/299 2632/4685/306 2631/4632/276 2600/4631/193 2603/4684/229 2598/4635/278
f 2598/4635/278 2603/4684/229 2602/4639/282 2624/4671/301 2626/4686/307 2625/4636/279
f 2603/4684/229 2596/4627/272 2612/4647/288 2614/4687/308 2613/4640/283 2602/4639/282
f 2616/4688/309 2634/4689/310 2606/4652/212 2599/4651/212
f 2622/4690/311 2640/4691/338 2608/4662/216 2601/4661/216
f 2628/4692/313 2637/4693/314 2607/4644/285 2597/4643/285
f 2609/4664/295 2642/4663/329 2644/4694/341 2611/4695/341
f 2611/4696/316 2644/4697/316 2643/4674/304 2610/4673/303
f 2634/4689/310 2616/4688/309 2617/4698/339 2635/4699/339
f 2635/4700/318 2617/4701/318 2615/4668/298 2633/4667/297
f 2637/4693/314 2628/4692/313 2629/4702/319 2638/4703/319
f 2638/4704/320 2629/4705/320 2627/4654/293 2636/4653/292
f 2640/4691/338 2622/4690/311 2623/4706/321 2641/4707/321
f 2641/4708/322 2623/4709/322 2621/4646/287 2639/4645/327
f 2618/4649/290 2634/4650/291 2635/4710/323 2620/4683/305
f 2620/4683/305 2635/4710/323 2633/4629/274 2619/4628/273
f 2630/4669/299 2637/4670/300 2638/4711/324 2632/4685/306
f 2632/4685/306 2638/4711/324 2636/4633/277 2631/4632/276
f 2624/4671/301 2640/4672/302 2641/4712/325 2626/4686/307
f 2626/4686/307 2641/4712/325 2639/4637/280 2625/4636/279
f 2612/4647/288 2643/4648/289 2644/4713/326 2614/4687/308
f 2614/4687/308 2644/4713/326 2642/4641/284 2613/4640/283
f 2595/4682/215 2604/4660/215 2601/4678/215 2609/4714/215 2611/4715/215 2610/4716/215
f 2646/4717/272 2669/4718/273 2683/4719/274 2655/4720/275
f 2650/4721/193 2681/4722/276 2686/4723/277 2656/4724/196
f 2648/4725/278 2675/4726/279 2689/4727/280 2657/4728/281
f 2652/4729/201 2663/4730/283 2692/4731/284 2658/4732/204
f 2647/4733/285 2657/4734/285 2689/4735/327 2671/4736/287
f 2662/4737/288 2646/4717/272 2655/4720/275 2693/4738/289
f 2668/4739/290 2650/4721/193 2656/4724/196 2684/4740/291
f 2649/4741/212 2656/4742/212 2686/4743/292 2677/4744/293
f 2649/4745/215 2677/4746/215 2679/4747/215 2678/4748/215 2647/4749/215 2654/4750/215
f 2651/4751/216 2658/4752/216 2692/4753/294 2659/4754/295
f 2645/4755/296 2655/4756/296 2683/4757/297 2665/4758/298
f 2680/4759/299 2648/4725/278 2657/4728/281 2687/4760/300
f 2674/4761/301 2652/4729/201 2658/4732/204 2690/4762/302
f 2660/4763/303 2693/4764/331 2655/4756/296 2645/4755/296
f 2654/4750/215 2647/4749/215 2671/4765/215 2673/4766/215 2672/4767/215 2651/4768/215
f 2665/4769/215 2667/4770/215 2666/4771/215 2649/4745/215 2654/4750/215 2645/4772/215
f 2650/4721/193 2668/4739/290 2670/4773/305 2669/4718/273 2646/4717/272 2653/4774/229
f 2680/4759/299 2682/4775/306 2681/4722/276 2650/4721/193 2653/4774/229 2648/4725/278
f 2648/4725/278 2653/4774/229 2652/4729/201 2674/4761/301 2676/4776/307 2675/4726/279
f 2653/4774/229 2646/4717/272 2662/4737/288 2664/4777/308 2663/4730/283 2652/4729/201
f 2666/4778/309 2684/4779/310 2656/4742/212 2649/4741/212
f 2672/4780/311 2690/4781/338 2658/4752/216 2651/4751/216
f 2678/4782/313 2687/4783/314 2657/4734/285 2647/4733/285
f 2659/4754/295 2692/4753/294 2694/4784/336 2661/4785/336
f 2661/4786/316 2694/4787/316 2693/4764/331 2660/4763/303
f 2684/4779/310 2666/4778/309 2667/4788/317 2685/4789/317
f 2685/4790/318 2667/4791/318 2665/4758/298 2683/4757/297
f 2687/4783/314 2678/4782/313 2679/4792/319 2688/4793/319
f 2688/4794/320 2679/4795/320 2677/4744/293 2686/4743/292
f 2690/4781/338 2672/4780/311 2673/4796/340 2691/4797/340
f 2691/4798/322 2673/4799/322 2671/4736/287 2689/4735/327
f 2668/4739/290 2684/4740/291 2685/4800/323 2670/4773/305
f 2670/4773/305 2685/4800/323 2683/4719/274 2669/4718/273
f 2680/4759/299 2687/4760/300 2688/4801/337 2682/4775/306
f 2682/4775/306 2688/4801/337 2686/4723/277 2681/4722/276
f 2674/4761/301 2690/4762/302 2691/4802/325 2676/4776/307
f 2676/4776/307 2691/4802/325 2689/4727/280 2675/4726/279
f 2662/4737/288 2693/4738/289 2694/4803/326 2664/4777/308
f 2664/4777/308 2694/4803/326 2692/4731/284 2663/4730/283
f 2645/4772/215 2654/4750/215 2651/4768/215 2659/4804/215 2661/4805/215 2660/4806/215
f 2696/4807/272 2719/4808/273 2733/4809/274 2705/4810/275
f 2700/4811/193 2731/4812/276 2736/4813/277 2706/4814/196
f 2698/4815/278 2725/4816/279 2739/4817/280 2707/4818/281
f 2702/4819/201 2713/4820/283 2742/4821/284 2708/4822/204
f 2697/4823/285 2707/4824/285 2739/4825/327 2721/4826/287
f 2712/4827/288 2696/4807/272 2705/4810/275 2743/4828/289
f 2718/4829/290 2700/4811/193 2706/4814/196 2734/4830/291
f 2699/4831/212 2706/4832/212 2736/4833/342 2727/4834/293
f 2699/4835/215 2727/4836/215 2729/4837/215 2728/4838/215 2697/4839/215 2704/4840/215
f 2701/4841/216 2708/4842/216 2742/4843/329 2709/4844/295
f 2695/4845/296 2705/4846/296 2733/4847/297 2715/4848/298
f 2730/4849/299 2698/4815/278 2707/4818/281 2737/4850/300
f 2724/4851/301 2702/4819/201 2708/4822/204 2740/4852/302
f 2710/4853/303 2743/4854/331 2705/4846/296 2695/4845/296
f 2704/4840/215 2697/4839/215 2721/4855/215 2723/4856/215 2722/4857/215 2701/4858/215
f 2715/4859/215 2717/4860/215 2716/4861/215 2699/4835/215 2704/4840/215 2695/4862/215
f 2700/4811/193 2718/4829/290 2720/4863/305 2719/4808/273 2696/4807/272 2703/4864/229
f 2730/4849/299 2732/4865/306 2731/4812/276 2700/4811/193 2703/4864/229 2698/4815/278
f 2698/4815/278 2703/4864/229 2702/4819/201 2724/4851/301 2726/4866/307 2725/4816/279
f 2703/4864/229 2696/4807/272 2712/4827/288 2714/4867/308 2713/4820/283 2702/4819/201
f 2716/4868/309 2734/4869/310 2706/4832/212 2699/4831/212
f 2722/4870/311 2740/4871/338 2708/4842/216 2701/4841/216
f 2728/4872/313 2737/4873/314 2707/4824/285 2697/4823/285
f 2709/4844/295 2742/4843/329 2744/4874/341 2711/4875/341
f 2711/4876/316 2744/4877/316 2743/4854/331 2710/4853/303
f 2734/4869/310 2716/4868/309 2717/4878/317 2735/4879/317
f 2735/4880/318 2717/4881/318 2715/4848/298 2733/4847/297
f 2737/4873/314 2728/4872/313 2729/4882/319 2738/4883/319
f 2738/4884/320 2729/4885/320 2727/4834/293 2736/4833/342
f 2740/4871/338 2722/4870/311 2723/4886/321 2741/4887/321
f 2741/4888/322 2723/4889/322 2721/4826/287 2739/4825/327
f 2718/4829/290 2734/4830/291 2735/4890/323 2720/4863/305
f 2720/4863/305 2735/4890/323 2733/4809/274 2719/4808/273
f 2730/4849/299 2737/4850/300 2738/4891/337 2732/4865/306
f 2732/4865/306 2738/4891/337 2736/4813/277 2731/4812/276
f 2724/4851/301 2740/4852/302 2741/4892/343 2726/4866/307
f 2726/4866/307 2741/4892/343 2739/4817/280 2725/4816/279
f 2712/4827/288 2743/4828/289 2744/4893/326 2714/4867/308
f 2714/4867/308 2744/4893/326 2742/4821/284 2713/4820/283
f 2695/4862/215 2704/4840/215 2701/4858/215 2709/4894/215 2711/4895/215 2710/4896/215
f 2746/4897/272 2769/4898/273 2783/4899/274 2755/4900/275
f 2750/4901/193 2781/4902/276 2786/4903/277 2756/4904/196
f 2748/4905/278 2775/4906/279 2789/4907/280 2757/4908/281
f 2752/4909/201 2763/4910/283 2792/4911/284 2758/4912/204
f 2747/4913/285 2757/4914/285 2789/4915/286 2771/4916/287
f 2762/4917/288 2746/4897/272 2755/4900/275 2793/4918/289
f 2768/4919/290 2750/4901/193 2756/4904/196 2784/4920/291
f 2749/4921/212 2756/4922/212 2786/4923/342 2777/4924/293
f 2749/4925/215 2777/4926/215 2779/4927/215 2778/4928/215 2747/4929/215 2754/4930/215
f 2751/4931/216 2758/4932/216 2792/4933/329 2759/4934/295
f 2745/4935/296 2755/4936/296 2783/4937/297 2765/4938/298
f 2780/4939/299 2748/4905/278 2757/4908/281 2787/4940/300
f 2774/4941/301 2752/4909/201 2758/4912/204 2790/4942/302
f 2760/4943/303 2793/4944/331 2755/4936/296 2745/4935/296
f 2754/4930/215 2747/4929/215 2771/4945/215 2773/4946/215 2772/4947/215 2751/4948/215
f 2765/4949/215 2767/4950/215 2766/4951/215 2749/4925/215 2754/4930/215 2745/4952/215
f 2750/4901/193 2768/4919/290 2770/4953/305 2769/4898/273 2746/4897/272 2753/4954/229
f 2780/4939/299 2782/4955/306 2781/4902/276 2750/4901/193 2753/4954/229 2748/4905/278
f 2748/4905/278 2753/4954/229 2752/4909/201 2774/4941/301 2776/4956/307 2775/4906/279
f 2753/4954/229 2746/4897/272 2762/4917/288 2764/4957/308 2763/4910/283 2752/4909/201
f 2766/4958/309 2784/4959/310 2756/4922/212 2749/4921/212
f 2772/4960/311 2790/4961/338 2758/4932/216 2751/4931/216
f 2778/4962/313 2787/4963/314 2757/4914/285 2747/4913/285
f 2759/4934/295 2792/4933/329 2794/4964/336 2761/4965/336
f 2761/4966/316 2794/4967/316 2793/4944/331 2760/4943/303
f 2784/4959/310 2766/4958/309 2767/4968/339 2785/4969/339
f 2785/4970/318 2767/4971/318 2765/4938/298 2783/4937/297
f 2787/4963/314 2778/4962/313 2779/4972/319 2788/4973/319
f 2788/4974/320 2779/4975/320 2777/4924/293 2786/4923/342
f 2790/4961/338 2772/4960/311 2773/4976/321 2791/4977/321
f 2791/4978/322 2773/4979/322 2771/4916/287 2789/4915/286
f 2768/4919/290 2784/4920/291 2785/4980/323 2770/4953/305
f 2770/4953/305 2785/4980/323 2783/4899/274 2769/4898/273
f 2780/4939/299 2787/4940/300 2788/4981/337 2782/4955/306
f 2782/4955/306 2788/4981/337 2786/4903/277 2781/4902/276
f 2774/4941/301 2790/4942/302 2791/4982/343 2776/4956/307
f 2776/4956/307 2791/4982/343 2789/4907/280 2775/4906/279
f 2762/4917/288 2793/4918/289 2794/4983/326 2764/4957/308
f 2764/4957/308 2794/4983/326 2792/4911/284 2763/4910/283
f 2745/4952/215 2754/4930/215 2751/4948/215 2759/4984/215 2761/4985/215 2760/4986/215
f 2796/4987/272 2819/4988/273 2833/4989/274 2805/4990/275
f 2800/4991/193 2831/4992/276 2836/4993/277 2806/4994/196
f 2798/4995/278 2825/4996/279 2839/4997/280 2807/4998/281
f 2802/4999/201 2813/5000/283 2842/5001/284 2808/5002/204
f 2797/5003/285 2807/5004/285 2839/5005/286 2821/5006/287
f 2812/5007/288 2796/4987/272 2805/4990/275 2843/5008/289
f 2818/5009/290 2800/4991/193 2806/4994/196 2834/5010/291
f 2799/5011/212 2806/5012/212 2836/5013/342 2827/5014/293
f 2799/5015/215 2827/5016/215 2829/5017/215 2828/5018/215 2797/5019/215 2804/5020/215
f 2801/5021/216 2808/5022/216 2842/5023/329 2809/5024/295
f 2795/5025/296 2805/5026/296 2833/5027/297 2815/5028/298
f 2830/5029/299 2798/4995/278 2807/4998/281 2837/5030/300
f 2824/5031/301 2802/4999/201 2808/5002/204 2840/5032/302
f 2810/5033/303 2843/5034/331 2805/5026/296 2795/5025/296
f 2804/5020/215 2797/5019/215 2821/5035/215 2823/5036/215 2822/5037/215 2801/5038/215
f 2815/5039/215 2817/5040/215 2816/5041/215 2799/5015/215 2804/5020/215 2795/5042/215
f 2800/4991/193 2818/5009/290 2820/5043/305 2819/4988/273 2796/4987/272 2803/5044/229
f 2830/5029/299 2832/5045/306 2831/4992/276 2800/4991/193 2803/5044/229 2798/4995/278
f 2798/4995/278 2803/5044/229 2802/4999/201 2824/5031/301 2826/5046/307 2825/4996/279
f 2803/5044/229 2796/4987/272 2812/5007/288 2814/5047/308 2813/5000/283 2802/4999/201
f 2816/5048/309 2834/5049/310 2806/5012/212 2799/5011/212
f 2822/5050/311 2840/5051/338 2808/5022/216 2801/5021/216
f 2828/5052/313 2837/5053/314 2807/5004/285 2797/5003/285
f 2809/5024/295 2842/5023/329 2844/5054/336 2811/5055/336
f 2811/5056/316 2844/5057/316 2843/5034/331 2810/5033/303
f 2834/5049/310 2816/5048/309 2817/5058/339 2835/5059/339
f 2835/5060/318 2817/5061/318 2815/5028/298 2833/5027/297
f 2837/5053/314 2828/5052/313 2829/5062/319 2838/5063/319
f 2838/5064/320 2829/5065/320 2827/5014/293 2836/5013/342
f 2840/5051/338 2822/5050/311 2823/5066/321 2841/5067/321
f 2841/5068/322 2823/5069/322 2821/5006/287 2839/5005/286
f 2818/5009/290 2834/5010/291 2835/5070/323 2820/5043/305
f 2820/5043/305 2835/5070/323 2833/4989/274 2819/4988/273
f 2830/5029/299 2837/5030/300 2838/5071/337 2832/5045/306
f 2832/5045/306 2838/5071/337 2836/4993/277 2831/4992/276
f 2824/5031/301 2840/5032/302 2841/5072/325 2826/5046/307
f 2826/5046/307 2841/5072/325 2839/4997/280 2825/4996/279
f 2812/5007/288 2843/5008/289 2844/5073/326 2814/5047/308
f 2814/5047/308 2844/5073/326 2842/5001/284 2813/5000/283
f 2795/5042/215 2804/5020/215 2801/5038/215 2809/5074/215 2811/5075/215 2810/5076/215
f 2846/5077/272 2869/5078/273 2883/5079/274 2855/5080/275
f 2850/5081/193 2881/5082/276 2886/5083/277 2856/5084/196
f 2848/5085/278 2875/5086/279 2889/5087/280 2857/5088/281
f 2852/5089/201 2863/5090/283 2892/5091/284 2858/5092/204
f 2847/5093/285 2857/5094/285 2889/5095/286 2871/5096/287
f 2862/5097/288 2846/5077/272 2855/5080/275 2893/5098/289
f 2868/5099/290 2850/5081/193 2856/5084/196 2884/5100/291
f 2849/5101/212 2856/5102/212 2886/5103/342 2877/5104/293
f 2849/5105/215 2877/5106/215 2879/5107/215 2878/5108/215 2847/5109/215 2854/5110/215
f 2851/5111/216 2858/5112/216 2892/5113/329 2859/5114/295
f 2845/5115/296 2855/5116/296 2883/5117/297 2865/5118/298
f 2880/5119/299 2848/5085/278 2857/5088/281 2887/5120/300
f 2874/5121/301 2852/5089/201 2858/5092/204 2890/5122/302
f 2860/5123/303 2893/5124/331 2855/5116/296 2845/5115/296
f 2854/5110/215 2847/5109/215 2871/5125/215 2873/5126/215 2872/5127/215 2851/5128/215
f 2865/5129/215 2867/5130/215 2866/5131/215 2849/5105/215 2854/5110/215 2845/5132/215
f 2850/5081/193 2868/5099/290 2870/5133/305 2869/5078/273 2846/5077/272 2853/5134/229
f 2880/5119/299 2882/5135/306 2881/5082/276 2850/5081/193 2853/5134/229 2848/5085/278
f 2848/5085/278 2853/5134/229 2852/5089/201 2874/5121/301 2876/5136/307 2875/5086/279
f 2853/5134/229 2846/5077/272 2862/5097/288 2864/5137/308 2863/5090/283 2852/5089/201
f 2866/5138/309 2884/5139/310 2856/5102/212 2849/5101/212
f 2872/5140/311 2890/5141/338 2858/5112/216 2851/5111/216
f 2878/5142/313 2887/5143/314 2857/5094/285 2847/5093/285
f 2859/5114/295 2892/5113/329 2894/5144/336 2861/5145/336
f 2861/5146/316 2894/5147/316 2893/5124/331 2860/5123/303
f 2884/5139/310 2866/5138/309 2867/5148/339 2885/5149/339
f 2885/5150/318 2867/5151/318 2865/5118/298 2883/5117/297
f 2887/5143/314 2878/5142/313 2879/5152/319 2888/5153/319
f 2888/5154/320 2879/5155/320 2877/5104/293 2886/5103/342
f 2890/5141/338 2872/5140/311 2873/5156/321 2891/5157/321
f 2891/5158/322 2873/5159/322 2871/5096/287 2889/5095/286
f 2868/5099/290 2884/5100/291 2885/5160/323 2870/5133/305
f 2870/5133/305 2885/5160/323 2883/5079/274 2869/5078/273
f 2880/5119/299 2887/5120/300 2888/5161/324 2882/5135/306
f 2882/5135/306 2888/5161/324 2886/5083/277 2881/5082/276
f 2874/5121/301 2890/5122/302 2891/5162/325 2876/5136/307
f 2876/5136/307 2891/5162/325 2889/5087/280 2875/5086/279
f 2862/5097/288 2893/5098/289 2894/5163/326 2864/5137/308
f 2864/5137/308 2894/5163/326 2892/5091/284 2863/5090/283
f 2845/5132/215 2854/5110/215 2851/5128/215 2859/5164/215 2861/5165/215 2860/5166/215
f 2896/5167/272 2919/5168/273 2933/5169/274 2905/5170/275
f 2900/5171/193 2931/5172/276 2936/5173/277 2906/5174/196
f 2898/5175/278 2925/5176/279 2939/5177/280 2907/5178/281
f 2902/5179/201 2913/5180/283 2942/5181/284 2908/5182/204
f 2897/5183/285 2907/5184/285 2939/5185/327 2921/5186/287
f 2912/5187/288 2896/5167/272 2905/5170/275 2943/5188/289
f 2918/5189/290 2900/5171/193 2906/5174/196 2934/5190/291
f 2899/5191/212 2906/5192/212 2936/5193/342 2927/5194/293
f 2899/5195/215 2927/5196/215 2929/5197/215 2928/5198/215 2897/5199/215 2904/5200/215
f 2901/5201/216 2908/5202/216 2942/5203/329 2909/5204/295
f 2895/5205/296 2905/5206/296 2933/5207/297 2915/5208/298
f 2930/5209/299 2898/5175/278 2907/5178/281 2937/5210/300
f 2924/5211/301 2902/5179/201 2908/5182/204 2940/5212/302
f 2910/5213/303 2943/5214/331 2905/5206/296 2895/5205/296
f 2904/5200/215 2897/5199/215 2921/5215/215 2923/5216/215 2922/5217/215 2901/5218/215
f 2915/5219/215 2917/5220/215 2916/5221/215 2899/5195/215 2904/5200/215 2895/5222/215
f 2900/5171/193 2918/5189/290 2920/5223/305 2919/5168/273 2896/5167/272 2903/5224/229
f 2930/5209/299 2932/5225/306 2931/5172/276 2900/5171/193 2903/5224/229 2898/5175/278
f 2898/5175/278 2903/5224/229 2902/5179/201 2924/5211/301 2926/5226/307 2925/5176/279
f 2903/5224/229 2896/5167/272 2912/5187/288 2914/5227/308 2913/5180/283 2902/5179/201
f 2916/5228/309 2934/5229/310 2906/5192/212 2899/5191/212
f 2922/5230/311 2940/5231/338 2908/5202/216 2901/5201/216
f 2928/5232/313 2937/5233/344 2907/5184/285 2897/5183/285
f 2909/5204/295 2942/5203/329 2944/5234/341 2911/5235/341
f 2911/5236/316 2944/5237/316 2943/5214/331 2910/5213/303
f 2934/5229/310 2916/5228/309 2917/5238/339 2935/5239/339
f 2935/5240/318 2917/5241/318 2915/5208/298 2933/5207/297
f 2937/5233/344 2928/5232/313 2929/5242/319 2938/5243/319
f 2938/5244/345 2929/5245/345 2927/5194/293 2936/5193/342
f 2940/5231/338 2922/5230/311 2923/5246/321 2941/5247/321
f 2941/5248/322 2923/5249/322 2921/5186/287 2939/5185/327
f 2918/5189/290 2934/5190/291 2935/5250/323 2920/5223/305
f 2920/5223/305 2935/5250/323 2933/5169/274 2919/5168/273
f 2930/5209/299 2937/5210/300 2938/5251/337 2932/5225/306
f 2932/5225/306 2938/5251/337 2936/5173/277 2931/5172/276
f 2924/5211/301 2940/5212/302 2941/5252/343 2926/5226/307
f 2926/5226/307 2941/5252/343 2939/5177/280 2925/5176/279
f 2912/5187/288 2943/5188/289 2944/5253/326 2914/5227/308
f 2914/5227/308 2944/5253/326 2942/5181/284 2913/5180/283
f 2895/5222/215 2904/5200/215 2901/5218/215 2909/5254/215 2911/5255/215 2910/5256/215
f 2946/5257/272 2969/5258/273 2983/5259/274 2955/5260/275
f 2950/5261/193 2981/5262/276 2986/5263/277 2956/5264/196
f 2948/5265/278 2975/5266/279 2989/5267/280 2957/5268/281
f 2952/5269/201 2963/5270/283 2992/5271/284 2958/5272/204
f 2947/5273/285 2957/5274/285 2989/5275/286 2971/5276/287
f 2962/5277/288 2946/5257/272 2955/5260/275 2993/5278/289
f 2968/5279/290 2950/5261/193 2956/5264/196 2984/5280/291
f 2949/5281/212 2956/5282/212 2986/5283/292 2977/5284/293
f 2949/5285/215 2977/5286/215 2979/5287/215 2978/5288/215 2947/5289/215 2954/5290/215
f 2951/5291/216 2958/5292/216 2992/5293/329 2959/5294/295
f 2945/5295/296 2955/5296/296 2983/5297/297 2965/5298/298
f 2980/5299/299 2948/5265/278 2957/5268/281 2987/5300/300
f 2974/5301/301 2952/5269/201 2958/5272/204 2990/5302/302
f 2960/5303/303 2993/5304/331 2955/5296/296 2945/5295/296
f 2954/5290/215 2947/5289/215 2971/5305/215 2973/5306/215 2972/5307/215 2951/5308/215
f 2965/5309/215 2967/5310/215 2966/5311/215 2949/5285/215 2954/5290/215 2945/5312/215
f 2950/5261/193 2968/5279/290 2970/5313/305 2969/5258/273 2946/5257/272 2953/5314/229
f 2980/5299/299 2982/5315/306 2981/5262/276 2950/5261/193 2953/5314/229 2948/5265/278
f 2948/5265/278 2953/5314/229 2952/5269/201 2974/5301/301 2976/5316/307 2975/5266/279
f 2953/5314/229 2946/5257/272 2962/5277/288 2964/5317/308 2963/5270/283 2952/5269/201
f 2966/5318/309 2984/5319/310 2956/5282/212 2949/5281/212
f 2972/5320/311 2990/5321/312 2958/5292/216 2951/5291/216
f 2978/5322/313 2987/5323/314 2957/5274/285 2947/5273/285
f 2959/5294/295 2992/5293/329 2994/5324/341 2961/5325/341
f 2961/5326/316 2994/5327/316 2993/5304/331 2960/5303/303
f 2984/5319/310 2966/5318/309 2967/5328/317 2985/5329/317
f 2985/5330/318 2967/5331/318 2965/5298/298 2983/5297/297
f 2987/5323/314 2978/5322/313 2979/5332/319 2988/5333/319
f 2988/5334/320 2979/5335/320 2977/5284/293 2986/5283/292
f 2990/5321/312 2972/5320/311 2973/5336/321 2991/5337/321
f 2991/5338/322 2973/5339/322 2971/5276/287 2989/5275/286
f 2968/5279/290 2984/5280/291 2985/5340/323 2970/5313/305
f 2970/5313/305 2985/5340/323 2983/5259/274 2969/5258/273
f 2980/5299/299 2987/5300/300 2988/5341/324 2982/5315/306
f 2982/5315/306 2988/5341/324 2986/5263/277 2981/5262/276
f 2974/5301/301 2990/5302/302 2991/5342/325 2976/5316/307
f 2976/5316/307 2991/5342/325 2989/5267/280 2975/5266/279
f 2962/5277/288 2993/5278/289 2994/5343/326 2964/5317/308
f 2964/5317/308 2994/5343/326 2992/5271/284 2963/5270/283
f 2945/5312/215 2954/5290/215 2951/5308/215 2959/5344/215 2961/5345/215 2960/5346/215
f 2996/5347/272 3019/5348/273 3033/5349/274 3005/5350/275
f 3000/5351/346 3031/5352/276 3036/5353/277 3006/5354/196
f 2998/5355/278 3025/5356/279 3039/5357/280 3007/5358/281
f 3002/5359/201 3013/5360/283 3042/5361/284 3008/5362/204
f 2997/5363/285 3007/5364/285 3039/5365/286 3021/5366/287
f 3012/5367/288 2996/5347/272 3005/5350/275 3043/5368/289
f 3018/5369/290 3000/5351/346 3006/5354/196 3034/5370/291
f 2999/5371/212 3006/5372/212 3036/5373/342 3027/5374/293
f 2999/5375/215 3027/5376/215 3029/5377/215 3028/5378/215 2997/5379/215 3004/5380/215
f 3001/5381/216 3008/5382/216 3042/5383/329 3009/5384/295
f 2995/5385/296 3005/5386/296 3033/5387/297 3015/5388/298
f 3030/5389/299 2998/5355/278 3007/5358/281 3037/5390/300
f 3024/5391/301 3002/5359/201 3008/5362/204 3040/5392/302
f 3010/5393/303 3043/5394/331 3005/5386/296 2995/5385/296
f 3004/5380/215 2997/5379/215 3021/5395/215 3023/5396/215 3022/5397/215 3001/5398/215
f 3015/5399/215 3017/5400/215 3016/5401/215 2999/5375/215 3004/5380/215 2995/5402/215
f 3000/5351/346 3018/5369/290 3020/5403/305 3019/5348/273 2996/5347/272 3003/5404/229
f 3030/5389/299 3032/5405/306 3031/5352/276 3000/5351/346 3003/5404/229 2998/5355/278
f 2998/5355/278 3003/5404/229 3002/5359/201 3024/5391/301 3026/5406/307 3025/5356/279
f 3003/5404/229 2996/5347/272 3012/5367/288 3014/5407/308 3013/5360/283 3002/5359/201
f 3016/5408/309 3034/5409/347 3006/5372/212 2999/5371/212
f 3022/5410/348 3040/5411/312 3008/5382/216 3001/5381/216
f 3028/5412/313 3037/5413/344 3007/5364/285 2997/5363/285
f 3009/5384/295 3042/5383/329 3044/5414/341 3011/5415/341
f 3011/5416/316 3044/5417/316 3043/5394/331 3010/5393/303
f 3034/5409/347 3016/5408/309 3017/5418/339 3035/5419/339
f 3035/5420/318 3017/5421/318 3015/5388/298 3033/5387/297
f 3037/5413/344 3028/5412/313 3029/5422/319 3038/5423/319
f 3038/5424/345 3029/5425/345 3027/5374/293 3036/5373/342
f 3040/5411/312 3022/5410/348 3023/5426/349 3041/5427/349
f 3041/5428/322 3023/5429/322 3021/5366/287 3039/5365/286
f 3018/5369/290 3034/5370/291 3035/5430/323 3020/5403/305
f 3020/5403/305 3035/5430/323 3033/5349/274 3019/5348/273
f 3030/5389/299 3037/5390/300 3038/5431/324 3032/5405/306
f 3032/5405/306 3038/5431/324 3036/5353/277 3031/5352/276
f 3024/5391/301 3040/5392/302 3041/5432/325 3026/5406/307
f 3026/5406/307 3041/5432/325 3039/5357/280 3025/5356/279
f 3012/5367/288 3043/5368/289 3044/5433/326 3014/5407/308
f 3014/5407/308 3044/5433/326 3042/5361/284 3013/5360/283
f 2995/5402/215 3004/5380/215 3001/5398/215 3009/5434/215 3011/5435/215 3010/5436/215
f 3046/5437/272 3069/5438/273 3083/5439/274 3055/5440/275
f 3050/5441/193 3081/5442/276 3086/5443/277 3056/5444/196
f 3048/5445/278 3075/5446/279 3089/5447/280 3057/5448/281
f 3052/5449/282 3063/5450/283 3092/5451/284 3058/5452/204
f 3047/5453/285 3057/5454/285 3089/5455/327 3071/5456/287
f 3062/5457/288 3046/5437/272 3055/5440/275 3093/5458/289
f 3068/5459/290 3050/5441/193 3056/5444/196 3084/5460/291
f 3049/5461/212 3056/5462/212 3086/5463/342 3077/5464/293
f 3049/5465/215 3077/5466/215 3079/5467/215 3078/5468/215 3047/5469/215 3054/5470/215
f 3051/5471/216 3058/5472/216 3092/5473/329 3059/5474/295
f 3045/5475/296 3055/5476/296 3083/5477/297 3065/5478/298
f 3080/5479/299 3048/5445/278 3057/5448/281 3087/5480/300
f 3074/5481/301 3052/5449/282 3058/5452/204 3090/5482/302
f 3060/5483/303 3093/5484/331 3055/5476/296 3045/5475/296
f 3054/5470/215 3047/5469/215 3071/5485/215 3073/5486/215 3072/5487/215 3051/5488/215
f 3065/5489/215 3067/5490/215 3066/5491/215 3049/5465/215 3054/5470/215 3045/5492/215
f 3050/5441/193 3068/5459/290 3070/5493/305 3069/5438/273 3046/5437/272 3053/5494/229
f 3080/5479/299 3082/5495/306 3081/5442/276 3050/5441/193 3053/5494/229 3048/5445/278
f 3048/5445/278 3053/5494/229 3052/5449/282 3074/5481/301 3076/5496/307 3075/5446/279
f 3053/5494/229 3046/5437/272 3062/5457/288 3064/5497/308 3063/5450/283 3052/5449/282
f 3066/5498/309 3084/5499/310 3056/5462/212 3049/5461/212
f 3072/5500/311 3090/5501/338 3058/5472/216 3051/5471/216
f 3078/5502/313 3087/5503/344 3057/5454/285 3047/5453/285
f 3059/5474/295 3092/5473/329 3094/5504/336 3061/5505/336
f 3061/5506/316 3094/5507/316 3093/5484/331 3060/5483/303
f 3084/5499/310 3066/5498/309 3067/5508/317 3085/5509/317
f 3085/5510/318 3067/5511/318 3065/5478/298 3083/5477/297
f 3087/5503/344 3078/5502/313 3079/5512/319 3088/5513/319
f 3088/5514/345 3079/5515/345 3077/5464/293 3086/5463/342
f 3090/5501/338 3072/5500/311 3073/5516/340 3091/5517/340
f 3091/5518/322 3073/5519/322 3071/5456/287 3089/5455/327
f 3068/5459/290 3084/5460/291 3085/5520/323 3070/5493/305
f 3070/5493/305 3085/5520/323 3083/5439/274 3069/5438/273
f 3080/5479/299 3087/5480/300 3088/5521/324 3082/5495/306
f 3082/5495/306 3088/5521/324 3086/5443/277 3081/5442/276
f 3074/5481/301 3090/5482/302 3091/5522/325 3076/5496/307
f 3076/5496/307 3091/5522/325 3089/5447/280 3075/5446/279
f 3062/5457/288 3093/5458/289 3094/5523/326 3064/5497/308
f 3064/5497/308 3094/5523/326 3092/5451/284 3063/5450/283
f 3045/5492/215 3054/5470/215 3051/5488/215 3059/5524/215 3061/5525/215 3060/5526/215
f 3096/5527/272 3119/5528/273 3133/5529/274 3105/5530/275
f 3100/5531/193 3131/5532/276 3136/5533/277 3106/5534/196
f 3098/5535/278 3125/5536/279 3139/5537/350 3107/5538/281
f 3102/5539/282 3113/5540/283 3142/5541/284 3108/5542/204
f 3097/5543/285 3107/5544/285 3139/5545/327 3121/5546/287
f 3112/5547/288 3096/5527/272 3105/5530/275 3143/5548/289
f 3118/5549/290 3100/5531/193 3106/5534/196 3134/5550/291
f 3099/5551/212 3106/5552/212 3136/5553/342 3127/5554/293
f 3099/5555/215 3127/5556/215 3129/5557/215 3128/5558/215 3097/5559/215 3104/5560/215
f 3101/5561/216 3108/5562/216 3142/5563/329 3109/5564/295
f 3095/5565/296 3105/5566/296 3133/5567/297 3115/5568/298
f 3130/5569/299 3098/5535/278 3107/5538/281 3137/5570/351
f 3124/5571/301 3102/5539/282 3108/5542/204 3140/5572/302
f 3110/5573/303 3143/5574/331 3105/5566/296 3095/5565/296
f 3104/5560/215 3097/5559/215 3121/5575/215 3123/5576/215 3122/5577/215 3101/5578/215
f 3115/5579/215 3117/5580/215 3116/5581/215 3099/5555/215 3104/5560/215 3095/5582/215
f 3100/5531/193 3118/5549/290 3120/5583/305 3119/5528/273 3096/5527/272 3103/5584/229
f 3130/5569/299 3132/5585/306 3131/5532/276 3100/5531/193 3103/5584/229 3098/5535/278
f 3098/5535/278 3103/5584/229 3102/5539/282 3124/5571/301 3126/5586/307 3125/5536/279
f 3103/5584/229 3096/5527/272 3112/5547/288 3114/5587/308 3113/5540/283 3102/5539/282
f 3116/5588/309 3134/5589/310 3106/5552/212 3099/5551/212
f 3122/5590/311 3140/5591/312 3108/5562/216 3101/5561/216
f 3128/5592/313 3137/5593/344 3107/5544/285 3097/5543/285
f 3109/5564/295 3142/5563/329 3144/5594/336 3111/5595/336
f 3111/5596/316 3144/5597/316 3143/5574/331 3110/5573/303
f 3134/5589/310 3116/5588/309 3117/5598/317 3135/5599/317
f 3135/5600/318 3117/5601/318 3115/5568/298 3133/5567/297
f 3137/5593/344 3128/5592/313 3129/5602/319 3138/5603/319
f 3138/5604/345 3129/5605/345 3127/5554/293 3136/5553/342
f 3140/5591/312 3122/5590/311 3123/5606/321 3141/5607/321
f 3141/5608/322 3123/5609/322 3121/5546/287 3139/5545/327
f 3118/5549/290 3134/5550/291 3135/5610/323 3120/5583/305
f 3120/5583/305 3135/5610/323 3133/5529/274 3119/5528/273
f 3130/5569/299 3137/5570/351 3138/5611/324 3132/5585/306
f 3132/5585/306 3138/5611/324 3136/5533/277 3131/5532/276
f 3124/5571/301 3140/5572/302 3141/5612/325 3126/5586/307
f 3126/5586/307 3141/5612/325 3139/5537/350 3125/5536/279
f 3112/5547/288 3143/5548/289 3144/5613/326 3114/5587/308
f 3114/5587/308 3144/5613/326 3142/5541/284 3113/5540/283
f 3095/5582/215 3104/5560/215 3101/5578/215 3109/5614/215 3111/5615/215 3110/5616/215
f 3146/5617/272 3169/5618/273 3183/5619/274 3155/5620/275
f 3150/5621/193 3181/5622/276 3186/5623/277 3156/5624/196
f 3148/5625/278 3175/5626/279 3189/5627/280 3157/5628/281
f 3152/5629/282 3163/5630/283 3192/5631/284 3158/5632/204
f 3147/5633/285 3157/5634/285 3189/5635/286 3171/5636/287
f 3162/5637/288 3146/5617/272 3155/5620/275 3193/5638/289
f 3168/5639/290 3150/5621/193 3156/5624/196 3184/5640/291
f 3149/5641/212 3156/5642/212 3186/5643/292 3177/5644/293
f 3149/5645/215 3177/5646/215 3179/5647/215 3178/5648/215 3147/5649/215 3154/5650/215
f 3151/5651/216 3158/5652/216 3192/5653/329 3159/5654/330
f 3145/5655/296 3155/5656/296 3183/5657/297 3165/5658/298
f 3180/5659/299 3148/5625/278 3157/5628/281 3187/5660/300
f 3174/5661/301 3152/5629/282 3158/5632/204 3190/5662/302
f 3160/5663/303 3193/5664/331 3155/5656/296 3145/5655/296
f 3154/5650/215 3147/5649/215 3171/5665/215 3173/5666/215 3172/5667/215 3151/5668/215
f 3165/5669/215 3167/5670/215 3166/5671/215 3149/5645/215 3154/5650/215 3145/5672/215
f 3150/5621/193 3168/5639/290 3170/5673/305 3169/5618/273 3146/5617/272 3153/5674/229
f 3180/5659/299 3182/5675/306 3181/5622/276 3150/5621/193 3153/5674/229 3148/5625/278
f 3148/5625/278 3153/5674/229 3152/5629/282 3174/5661/301 3176/5676/307 3175/5626/279
f 3153/5674/229 3146/5617/272 3162/5637/288 3164/5677/308 3163/5630/283 3152/5629/282
f 3166/5678/309 3184/5679/310 3156/5642/212 3149/5641/212
f 3172/5680/348 3190/5681/312 3158/5652/216 3151/5651/216
f 3178/5682/313 3187/5683/314 3157/5634/285 3147/5633/285
f 3159/5654/330 3192/5653/329 3194/5684/333 3161/5685/333
f 3161/5686/316 3194/5687/316 3193/5664/331 3160/5663/303
f 3184/5679/310 3166/5678/309 3167/5688/317 3185/5689/317
f 3185/5690/318 3167/5691/318 3165/5658/298 3183/5657/297
f 3187/5683/314 3178/5682/313 3179/5692/319 3188/5693/319
f 3188/5694/320 3179/5695/320 3177/5644/293 3186/5643/292
f 3190/5681/312 3172/5680/348 3173/5696/352 3191/5697/352
f 3191/5698/322 3173/5699/322 3171/5636/287 3189/5635/286
f 3168/5639/290 3184/5640/291 3185/5700/323 3170/5673/305
f 3170/5673/305 3185/5700/323 3183/5619/274 3169/5618/273
f 3180/5659/299 3187/5660/300 3188/5701/324 3182/5675/306
f 3182/5675/306 3188/5701/324 3186/5623/277 3181/5622/276
f 3174/5661/301 3190/5662/302 3191/5702/325 3176/5676/307
f 3176/5676/307 3191/5702/325 3189/5627/280 3175/5626/279
f 3162/5637/288 3193/5638/289 3194/5703/326 3164/5677/308
f 3164/5677/308 3194/5703/326 3192/5631/284 3163/5630/283
f 3145/5672/215 3154/5650/215 3151/5668/215 3159/5704/215 3161/5705/215 3160/5706/215
f 3196/5707/272 3219/5708/273 3233/5709/274 3205/5710/275
f 3200/5711/193 3231/5712/276 3236/5713/277 3206/5714/196
f 3198/5715/278 3225/5716/279 3239/5717/280 3207/5718/281
f 3202/5719/201 3213/5720/283 3242/5721/284 3208/5722/204
f 3197/5723/285 3207/5724/285 3239/5725/286 3221/5726/287
f 3212/5727/288 3196/5707/272 3205/5710/275 3243/5728/289
f 3218/5729/290 3200/5711/193 3206/5714/196 3234/5730/291
f 3199/5731/212 3206/5732/212 3236/5733/342 3227/5734/293
f 3199/5735/215 3227/5736/215 3229/5737/215 3228/5738/215 3197/5739/215 3204/5740/215
f 3201/5741/216 3208/5742/216 3242/5743/329 3209/5744/295
f 3195/5745/296 3205/5746/296 3233/5747/297 3215/5748/298
f 3230/5749/299 3198/5715/278 3207/5718/281 3237/5750/300
f 3224/5751/301 3202/5719/201 3208/5722/204 3240/5752/302
f 3210/5753/303 3243/5754/331 3205/5746/296 3195/5745/296
f 3204/5740/215 3197/5739/215 3221/5755/215 3223/5756/215 3222/5757/215 3201/5758/215
f 3215/5759/215 3217/5760/215 3216/5761/215 3199/5735/215 3204/5740/215 3195/5762/215
f 3200/5711/193 3218/5729/290 3220/5763/305 3219/5708/273 3196/5707/272 3203/5764/229
f 3230/5749/299 3232/5765/306 3231/5712/276 3200/5711/193 3203/5764/229 3198/5715/278
f 3198/5715/278 3203/5764/229 3202/5719/201 3224/5751/301 3226/5766/307 3225/5716/279
f 3203/5764/229 3196/5707/272 3212/5727/288 3214/5767/308 3213/5720/283 3202/5719/201
f 3216/5768/309 3234/5769/310 3206/5732/212 3199/5731/212
f 3222/5770/311 3240/5771/312 3208/5742/216 3201/5741/216
f 3228/5772/313 3237/5773/344 3207/5724/285 3197/5723/285
f 3209/5744/295 3242/5743/329 3244/5774/341 3211/5775/341
f 3211/5776/316 3244/5777/316 3243/5754/331 3210/5753/303
f 3234/5769/310 3216/5768/309 3217/5778/339 3235/5779/339
f 3235/5780/318 3217/5781/318 3215/5748/298 3233/5747/297
f 3237/5773/344 3228/5772/313 3229/5782/319 3238/5783/319
f 3238/5784/345 3229/5785/345 3227/5734/293 3236/5733/342
f 3240/5771/312 3222/5770/311 3223/5786/321 3241/5787/321
f 3241/5788/322 3223/5789/322 3221/5726/287 3239/5725/286
f 3218/5729/290 3234/5730/291 3235/5790/323 3220/5763/305
f 3220/5763/305 3235/5790/323 3233/5709/274 3219/5708/273
f 3230/5749/299 3237/5750/300 3238/5791/324 3232/5765/306
f 3232/5765/306 3238/5791/324 3236/5713/277 3231/5712/276
f 3224/5751/301 3240/5752/302 3241/5792/325 3226/5766/307
f 3226/5766/307 3241/5792/325 3239/5717/280 3225/5716/279
f 3212/5727/288 3243/5728/289 3244/5793/353 3214/5767/308
f 3214/5767/308 3244/5793/353 3242/5721/284 3213/5720/283
f 3195/5762/215 3204/5740/215 3201/5758/215 3209/5794/215 3211/5795/215 3210/5796/215
f 3246/5797/189 3269/5798/190 3283/5799/191 3255/5800/192
f 3250/5801/193 3281/5802/194 3286/5803/195 3256/5804/196
f 3248/5805/197 3275/5806/198 3289/5807/199 3257/5808/200
f 3252/5809/201 3263/5810/202 3292/5811/203 3258/5812/204
f 3247/5813/205 3257/5814/205 3289/5815/206 3271/5816/207
f 3262/5817/208 3246/5797/189 3255/5800/192 3293/5818/209
f 3268/5819/210 3250/5801/193 3256/5804/196 3284/5820/211
f 3249/5821/212 3256/5822/212 3286/5823/213 3277/5824/214
f 3249/5825/215 3277/5826/215 3279/5827/215 3278/5828/215 3247/5829/215 3254/5830/215
f 3251/5831/216 3258/5832/216 3292/5833/217 3259/5834/218
f 3245/5835/219 3255/5836/219 3283/5837/220 3265/5838/221
f 3280/5839/222 3248/5805/197 3257/5808/200 3287/5840/223
f 3274/5841/224 3252/5809/201 3258/5812/204 3290/5842/225
f 3260/5843/226 3293/5844/227 3255/5836/219 3245/5835/219
f 3254/5830/215 3247/5829/215 3271/5845/215 3273/5846/215 3272/5847/215 3251/5848/215
f 3265/5849/215 3267/5850/215 3266/5851/215 3249/5825/215 3254/5830/215 3245/5852/215
f 3250/5801/193 3268/5819/210 3270/5853/228 3269/5798/190 3246/5797/189 3253/5854/229
f 3280/5839/222 3282/5855/230 3281/5802/194 3250/5801/193 3253/5854/229 3248/5805/197
f 3248/5805/197 3253/5854/229 3252/5809/201 3274/5841/224 3276/5856/231 3275/5806/198
f 3253/5854/229 3246/5797/189 3262/5817/208 3264/5857/232 3263/5810/202 3252/5809/201
f 3266/5858/233 3284/5859/256 3256/5822/212 3249/5821/212
f 3272/5860/235 3290/5861/236 3258/5832/216 3251/5831/216
f 3278/5862/237 3287/5863/238 3257/5814/205 3247/5813/205
f 3259/5834/218 3292/5833/217 3294/5864/239 3261/5865/239
f 3261/5866/240 3294/5867/240 3293/5844/227 3260/5843/226
f 3284/5859/256 3266/5858/233 3267/5868/259 3285/5869/259
f 3285/5870/242 3267/5871/242 3265/5838/221 3283/5837/220
f 3287/5863/238 3278/5862/237 3279/5872/243 3288/5873/243
f 3288/5874/244 3279/5875/244 3277/5824/214 3286/5823/213
f 3290/5861/236 3272/5860/235 3273/5876/261 3291/5877/261
f 3291/5878/246 3273/5879/246 3271/5816/207 3289/5815/206
f 3268/5819/210 3284/5820/211 3285/5880/247 3270/5853/228
f 3270/5853/228 3285/5880/247 3283/5799/191 3269/5798/190
f 3280/5839/222 3287/5840/223 3288/5881/248 3282/5855/230
f 3282/5855/230 3288/5881/248 3286/5803/195 3281/5802/194
f 3274/5841/224 3290/5842/225 3291/5882/249 3276/5856/231
f 3276/5856/231 3291/5882/249 3289/5807/199 3275/5806/198
f 3262/5817/208 3293/5818/209 3294/5883/250 3264/5857/232
f 3264/5857/232 3294/5883/250 3292/5811/203 3263/5810/202
f 3245/5852/215 3254/5830/215 3251/5848/215 3259/5884/215 3261/5885/215 3260/5886/215
f 3296/5887/189 3319/5888/190 3333/5889/191 3305/5890/192
f 3300/5891/193 3331/5892/194 3336/5893/195 3306/5894/196
f 3298/5895/197 3325/5896/198 3339/5897/199 3307/5898/200
f 3302/5899/201 3313/5900/202 3342/5901/203 3308/5902/204
f 3297/5903/205 3307/5904/205 3339/5905/206 3321/5906/207
f 3312/5907/208 3296/5887/189 3305/5890/192 3343/5908/209
f 3318/5909/210 3300/5891/193 3306/5894/196 3334/5910/211
f 3299/5911/212 3306/5912/212 3336/5913/213 3327/5914/214
f 3299/5915/215 3327/5916/215 3329/5917/215 3328/5918/215 3297/5919/215 3304/5920/215
f 3301/5921/216 3308/5922/216 3342/5923/253 3309/5924/218
f 3295/5925/219 3305/5926/219 3333/5927/220 3315/5928/221
f 3330/5929/222 3298/5895/197 3307/5898/200 3337/5930/223
f 3324/5931/224 3302/5899/201 3308/5902/204 3340/5932/225
f 3310/5933/226 3343/5934/227 3305/5926/219 3295/5925/219
f 3304/5920/215 3297/5919/215 3321/5935/215 3323/5936/215 3322/5937/215 3301/5938/215
f 3315/5939/215 3317/5940/215 3316/5941/215 3299/5915/215 3304/5920/215 3295/5942/215
f 3300/5891/193 3318/5909/210 3320/5943/228 3319/5888/190 3296/5887/189 3303/5944/229
f 3330/5929/222 3332/5945/230 3331/5892/194 3300/5891/193 3303/5944/229 3298/5895/197
f 3298/5895/197 3303/5944/229 3302/5899/201 3324/5931/224 3326/5946/231 3325/5896/198
f 3303/5944/229 3296/5887/189 3312/5907/208 3314/5947/232 3313/5900/202 3302/5899/201
f 3316/5948/233 3334/5949/234 3306/5912/212 3299/5911/212
f 3322/5950/235 3340/5951/236 3308/5922/216 3301/5921/216
f 3328/5952/237 3337/5953/238 3307/5904/205 3297/5903/205
f 3309/5924/218 3342/5923/253 3344/5954/258 3311/5955/258
f 3311/5956/240 3344/5957/240 3343/5934/227 3310/5933/226
f 3334/5949/234 3316/5948/233 3317/5958/241 3335/5959/241
f 3335/5960/242 3317/5961/242 3315/5928/221 3333/5927/220
f 3337/5953/238 3328/5952/237 3329/5962/243 3338/5963/243
f 3338/5964/244 3329/5965/244 3327/5914/214 3336/5913/213
f 3340/5951/236 3322/5950/235 3323/5966/245 3341/5967/245
f 3341/5968/246 3323/5969/246 3321/5906/207 3339/5905/206
f 3318/5909/210 3334/5910/211 3335/5970/247 3320/5943/228
f 3320/5943/228 3335/5970/247 3333/5889/191 3319/5888/190
f 3330/5929/222 3337/5930/223 3338/5971/248 3332/5945/230
f 3332/5945/230 3338/5971/248 3336/5893/195 3331/5892/194
f 3324/5931/224 3340/5932/225 3341/5972/249 3326/5946/231
f 3326/5946/231 3341/5972/249 3339/5897/199 3325/5896/198
f 3312/5907/208 3343/5908/209 3344/5973/250 3314/5947/232
f 3314/5947/232 3344/5973/250 3342/5901/203 3313/5900/202
f 3295/5942/215 3304/5920/215 3301/5938/215 3309/5974/215 3311/5975/215 3310/5976/215
f 3346/5977/189 3369/5978/190 3383/5979/191 3355/5980/192
f 3350/5981/193 3381/5982/194 3386/5983/195 3356/5984/196
f 3348/5985/197 3375/5986/198 3389/5987/199 3357/5988/200
f 3352/5989/201 3363/5990/202 3392/5991/203 3358/5992/204
f 3347/5993/205 3357/5994/205 3389/5995/206 3371/5996/207
f 3362/5997/208 3346/5977/189 3355/5980/192 3393/5998/209
f 3368/5999/210 3350/5981/193 3356/5984/196 3384/6000/211
f 3349/6001/212 3356/6002/212 3386/6003/252 3377/6004/214
f 3349/6005/215 3377/6006/215 3379/6007/215 3378/6008/215 3347/6009/215 3354/6010/215
f 3351/6011/216 3358/6012/216 3392/6013/253 3359/6014/218
f 3345/6015/219 3355/6016/219 3383/6017/220 3365/6018/221
f 3380/6019/222 3348/5985/197 3357/5988/200 3387/6020/223
f 3374/6021/224 3352/5989/201 3358/5992/204 3390/6022/225
f 3360/6023/226 3393/6024/255 3355/6016/219 3345/6015/219
f 3354/6010/215 3347/6009/215 3371/6025/215 3373/6026/215 3372/6027/215 3351/6028/215
f 3365/6029/215 3367/6030/215 3366/6031/215 3349/6005/215 3354/6010/215 3345/6032/215
f 3350/5981/193 3368/5999/210 3370/6033/228 3369/5978/190 3346/5977/189 3353/6034/229
f 3380/6019/222 3382/6035/230 3381/5982/194 3350/5981/193 3353/6034/229 3348/5985/197
f 3348/5985/197 3353/6034/229 3352/5989/201 3374/6021/224 3376/6036/231 3375/5986/198
f 3353/6034/229 3346/5977/189 3362/5997/208 3364/6037/232 3363/5990/202 3352/5989/201
f 3366/6038/233 3384/6039/234 3356/6002/212 3349/6001/212
f 3372/6040/235 3390/6041/257 3358/6012/216 3351/6011/216
f 3378/6042/237 3387/6043/238 3357/5994/205 3347/5993/205
f 3359/6014/218 3392/6013/253 3394/6044/258 3361/6045/258
f 3361/6046/240 3394/6047/240 3393/6024/255 3360/6023/226
f 3384/6039/234 3366/6038/233 3367/6048/271 3385/6049/271
f 3385/6050/242 3367/6051/242 3365/6018/221 3383/6017/220
f 3387/6043/238 3378/6042/237 3379/6052/243 3388/6053/243
f 3388/6054/244 3379/6055/244 3377/6004/214 3386/6003/252
f 3390/6041/257 3372/6040/235 3373/6056/245 3391/6057/245
f 3391/6058/246 3373/6059/246 3371/5996/207 3389/5995/206
f 3368/5999/210 3384/6000/211 3385/6060/247 3370/6033/228
f 3370/6033/228 3385/6060/247 3383/5979/191 3369/5978/190
f 3380/6019/222 3387/6020/223 3388/6061/248 3382/6035/230
f 3382/6035/230 3388/6061/248 3386/5983/195 3381/5982/194
f 3374/6021/224 3390/6022/225 3391/6062/249 3376/6036/231
f 3376/6036/231 3391/6062/249 3389/5987/199 3375/5986/198
f 3362/5997/208 3393/5998/209 3394/6063/250 3364/6037/232
f 3364/6037/232 3394/6063/250 3392/5991/203 3363/5990/202
f 3345/6032/215 3354/6010/215 3351/6028/215 3359/6064/215 3361/6065/215 3360/6066/215
f 3396/6067/189 3419/6068/190 3433/6069/191 3405/6070/192
f 3400/6071/193 3431/6072/194 3436/6073/195 3406/6074/196
f 3398/6075/197 3425/6076/198 3439/6077/199 3407/6078/200
f 3402/6079/201 3413/6080/202 3442/6081/203 3408/6082/204
f 3397/6083/205 3407/6084/205 3439/6085/206 3421/6086/207
f 3412/6087/208 3396/6067/189 3405/6070/192 3443/6088/209
f 3418/6089/210 3400/6071/193 3406/6074/196 3434/6090/211
f 3399/6091/212 3406/6092/212 3436/6093/213 3427/6094/214
f 3399/6095/215 3427/6096/215 3429/6097/215 3428/6098/215 3397/6099/215 3404/6100/215
f 3401/6101/216 3408/6102/216 3442/6103/217 3409/6104/218
f 3395/6105/219 3405/6106/219 3433/6107/220 3415/6108/221
f 3430/6109/222 3398/6075/197 3407/6078/200 3437/6110/223
f 3424/6111/224 3402/6079/201 3408/6082/204 3440/6112/225
f 3410/6113/226 3443/6114/227 3405/6106/219 3395/6105/219
f 3404/6100/215 3397/6099/215 3421/6115/215 3423/6116/215 3422/6117/215 3401/6118/215
f 3415/6119/215 3417/6120/215 3416/6121/215 3399/6095/215 3404/6100/215 3395/6122/215
f 3400/6071/193 3418/6089/210 3420/6123/228 3419/6068/190 3396/6067/189 3403/6124/229
f 3430/6109/222 3432/6125/230 3431/6072/194 3400/6071/193 3403/6124/229 3398/6075/197
f 3398/6075/197 3403/6124/229 3402/6079/201 3424/6111/224 3426/6126/231 3425/6076/198
f 3403/6124/229 3396/6067/189 3412/6087/208 3414/6127/232 3413/6080/202 3402/6079/201
f 3416/6128/233 3434/6129/234 3406/6092/212 3399/6091/212
f 3422/6130/235 3440/6131/236 3408/6102/216 3401/6101/216
f 3428/6132/237 3437/6133/238 3407/6084/205 3397/6083/205
f 3409/6104/218 3442/6103/217 3444/6134/260 3411/6135/260
f 3411/6136/240 3444/6137/240 3443/6114/227 3410/6113/226
f 3434/6129/234 3416/6128/233 3417/6138/271 3435/6139/271
f 3435/6140/242 3417/6141/242 3415/6108/221 3433/6107/220
f 3437/6133/238 3428/6132/237 3429/6142/243 3438/6143/243
f 3438/6144/244 3429/6145/244 3427/6094/214 3436/6093/213
f 3440/6131/236 3422/6130/235 3423/6146/245 3441/6147/245
f 3441/6148/246 3423/6149/246 3421/6086/207 3439/6085/206
f 3418/6089/210 3434/6090/211 3435/6150/247 3420/6123/228
f 3420/6123/228 3435/6150/247 3433/6069/191 3419/6068/190
f 3430/6109/222 3437/6110/223 3438/6151/248 3432/6125/230
f 3432/6125/230 3438/6151/248 3436/6073/195 3431/6072/194
f 3424/6111/224 3440/6112/225 3441/6152/249 3426/6126/231
f 3426/6126/231 3441/6152/249 3439/6077/199 3425/6076/198
f 3412/6087/208 3443/6088/209 3444/6153/250 3414/6127/232
f 3414/6127/232 3444/6153/250 3442/6081/203 3413/6080/202
f 3395/6122/215 3404/6100/215 3401/6118/215 3409/6154/215 3411/6155/215 3410/6156/215
f 3446/6157/189 3469/6158/190 3483/6159/191 3455/6160/192
f 3450/6161/193 3481/6162/194 3486/6163/195 3456/6164/196
f 3448/6165/197 3475/6166/198 3489/6167/199 3457/6168/200
f 3452/6169/201 3463/6170/202 3492/6171/203 3458/6172/204
f 3447/6173/205 3457/6174/205 3489/6175/206 3471/6176/207
f 3462/6177/208 3446/6157/189 3455/6160/192 3493/6178/209
f 3468/6179/210 3450/6161/193 3456/6164/196 3484/6180/211
f 3449/6181/212 3456/6182/212 3486/6183/213 3477/6184/214
f 3449/6185/215 3477/6186/215 3479/6187/215 3478/6188/215 3447/6189/215 3454/6190/215
f 3451/6191/216 3458/6192/216 3492/6193/217 3459/6194/218
f 3445/6195/219 3455/6196/219 3483/6197/220 3465/6198/221
f 3480/6199/222 3448/6165/197 3457/6168/200 3487/6200/223
f 3474/6201/224 3452/6169/201 3458/6172/204 3490/6202/225
f 3460/6203/226 3493/6204/227 3455/6196/219 3445/6195/219
f 3454/6190/215 3447/6189/215 3471/6205/215 3473/6206/215 3472/6207/215 3451/6208/215
f 3465/6209/215 3467/6210/215 3466/6211/215 3449/6185/215 3454/6190/215 3445/6212/215
f 3450/6161/193 3468/6179/210 3470/6213/228 3469/6158/190 3446/6157/189 3453/6214/229
f 3480/6199/222 3482/6215/230 3481/6162/194 3450/6161/193 3453/6214/229 3448/6165/197
f 3448/6165/197 3453/6214/229 3452/6169/201 3474/6201/224 3476/6216/231 3475/6166/198
f 3453/6214/229 3446/6157/189 3462/6177/208 3464/6217/232 3463/6170/202 3452/6169/201
f 3466/6218/233 3484/6219/234 3456/6182/212 3449/6181/212
f 3472/6220/235 3490/6221/236 3458/6192/216 3451/6191/216
f 3478/6222/237 3487/6223/238 3457/6174/205 3447/6173/205
f 3459/6194/218 3492/6193/217 3494/6224/239 3461/6225/239
f 3461/6226/240 3494/6227/240 3493/6204/227 3460/6203/226
f 3484/6219/234 3466/6218/233 3467/6228/259 3485/6229/259
f 3485/6230/242 3467/6231/242 3465/6198/221 3483/6197/220
f 3487/6223/238 3478/6222/237 3479/6232/243 3488/6233/243
f 3488/6234/244 3479/6235/244 3477/6184/214 3486/6183/213
f 3490/6221/236 3472/6220/235 3473/6236/245 3491/6237/245
f 3491/6238/246 3473/6239/246 3471/6176/207 3489/6175/206
f 3468/6179/210 3484/6180/211 3485/6240/247 3470/6213/228
f 3470/6213/228 3485/6240/247 3483/6159/191 3469/6158/190
f 3480/6199/222 3487/6200/223 3488/6241/248 3482/6215/230
f 3482/6215/230 3488/6241/248 3486/6163/195 3481/6162/194
f 3474/6201/224 3490/6202/225 3491/6242/249 3476/6216/231
f 3476/6216/231 3491/6242/249 3489/6167/199 3475/6166/198
f 3462/6177/208 3493/6178/209 3494/6243/250 3464/6217/232
f 3464/6217/232 3494/6243/250 3492/6171/203 3463/6170/202
f 3445/6212/215 3454/6190/215 3451/6208/215 3459/6244/215 3461/6245/215 3460/6246/215
f 3496/6247/189 3519/6248/190 3533/6249/191 3505/6250/192
f 3500/6251/193 3531/6252/194 3536/6253/195 3506/6254/196
f 3498/6255/197 3525/6256/198 3539/6257/199 3507/6258/200
f 3502/6259/201 3513/6260/202 3542/6261/203 3508/6262/204
f 3497/6263/205 3507/6264/205 3539/6265/206 3521/6266/207
f 3512/6267/208 3496/6247/189 3505/6250/192 3543/6268/209
f 3518/6269/210 3500/6251/193 3506/6254/196 3534/6270/211
f 3499/6271/212 3506/6272/212 3536/6273/252 3527/6274/214
f 3499/6275/215 3527/6276/215 3529/6277/215 3528/6278/215 3497/6279/215 3504/6280/215
f 3501/6281/216 3508/6282/216 3542/6283/253 3509/6284/218
f 3495/6285/219 3505/6286/219 3533/6287/220 3515/6288/221
f 3530/6289/222 3498/6255/197 3507/6258/200 3537/6290/223
f 3524/6291/224 3502/6259/201 3508/6262/204 3540/6292/225
f 3510/6293/226 3543/6294/227 3505/6286/219 3495/6285/219
f 3504/6280/215 3497/6279/215 3521/6295/215 3523/6296/215 3522/6297/215 3501/6298/215
f 3515/6299/215 3517/6300/215 3516/6301/215 3499/6275/215 3504/6280/215 3495/6302/215
f 3500/6251/193 3518/6269/210 3520/6303/228 3519/6248/190 3496/6247/189 3503/6304/229
f 3530/6289/222 3532/6305/230 3531/6252/194 3500/6251/193 3503/6304/229 3498/6255/197
f 3498/6255/197 3503/6304/229 3502/6259/201 3524/6291/224 3526/6306/231 3525/6256/198
f 3503/6304/229 3496/6247/189 3512/6267/208 3514/6307/232 3513/6260/202 3502/6259/201
f 3516/6308/233 3534/6309/234 3506/6272/212 3499/6271/212
f 3522/6310/235 3540/6311/257 3508/6282/216 3501/6281/216
f 3528/6312/237 3537/6313/354 3507/6264/205 3497/6263/205
f 3509/6284/218 3542/6283/253 3544/6314/260 3511/6315/260
f 3511/6316/240 3544/6317/240 3543/6294/227 3510/6293/226
f 3534/6309/234 3516/6308/233 3517/6318/271 3535/6319/271
f 3535/6320/242 3517/6321/242 3515/6288/221 3533/6287/220
f 3537/6313/354 3528/6312/237 3529/6322/243 3538/6323/243
f 3538/6324/244 3529/6325/244 3527/6274/214 3536/6273/252
f 3540/6311/257 3522/6310/235 3523/6326/245 3541/6327/245
f 3541/6328/246 3523/6329/246 3521/6266/207 3539/6265/206
f 3518/6269/210 3534/6270/211 3535/6330/247 3520/6303/228
f 3520/6303/228 3535/6330/247 3533/6249/191 3519/6248/190
f 3530/6289/222 3537/6290/223 3538/6331/248 3532/6305/230
f 3532/6305/230 3538/6331/248 3536/6253/195 3531/6252/194
f 3524/6291/224 3540/6292/225 3541/6332/249 3526/6306/231
f 3526/6306/231 3541/6332/249 3539/6257/199 3525/6256/198
f 3512/6267/208 3543/6268/209 3544/6333/250 3514/6307/232
f 3514/6307/232 3544/6333/250 3542/6261/203 3513/6260/202
f 3495/6302/215 3504/6280/215 3501/6298/215 3509/6334/215 3511/6335/215 3510/6336/215
f 3546/6337/189 3569/6338/190 3583/6339/191 3555/6340/192
f 3550/6341/193 3581/6342/194 3586/6343/195 3556/6344/196
f 3548/6345/197 3575/6346/198 3589/6347/199 3557/6348/200
f 3552/6349/201 3563/6350/202 3592/6351/203 3558/6352/204
f 3547/6353/205 3557/6354/205 3589/6355/206 3571/6356/207
f 3562/6357/208 3546/6337/189 3555/6340/192 3593/6358/209
f 3568/6359/210 3550/6341/193 3556/6344/196 3584/6360/211
f 3549/6361/212 3556/6362/212 3586/6363/213 3577/6364/214
f 3549/6365/215 3577/6366/215 3579/6367/215 3578/6368/215 3547/6369/215 3554/6370/215
f 3551/6371/216 3558/6372/216 3592/6373/217 3559/6374/218
f 3545/6375/219 3555/6376/219 3583/6377/220 3565/6378/221
f 3580/6379/222 3548/6345/197 3557/6348/200 3587/6380/223
f 3574/6381/224 3552/6349/201 3558/6352/204 3590/6382/225
f 3560/6383/226 3593/6384/227 3555/6376/219 3545/6375/219
f 3554/6370/215 3547/6369/215 3571/6385/215 3573/6386/215 3572/6387/215 3551/6388/215
f 3565/6389/215 3567/6390/215 3566/6391/215 3549/6365/215 3554/6370/215 3545/6392/215
f 3550/6341/193 3568/6359/210 3570/6393/228 3569/6338/190 3546/6337/189 3553/6394/229
f 3580/6379/222 3582/6395/230 3581/6342/194 3550/6341/193 3553/6394/229 3548/6345/197
f 3548/6345/197 3553/6394/229 3552/6349/201 3574/6381/224 3576/6396/231 3575/6346/198
f 3553/6394/229 3546/6337/189 3562/6357/208 3564/6397/232 3563/6350/202 3552/6349/201
f 3566/6398/233 3584/6399/256 3556/6362/212 3549/6361/212
f 3572/6400/235 3590/6401/236 3558/6372/216 3551/6371/216
f 3578/6402/237 3587/6403/238 3557/6354/205 3547/6353/205
f 3559/6374/218 3592/6373/217 3594/6404/239 3561/6405/239
f 3561/6406/240 3594/6407/240 3593/6384/227 3560/6383/226
f 3584/6399/256 3566/6398/233 3567/6408/251 3585/6409/251
f 3585/6410/242 3567/6411/242 3565/6378/221 3583/6377/220
f 3587/6403/238 3578/6402/237 3579/6412/243 3588/6413/243
f 3588/6414/244 3579/6415/244 3577/6364/214 3586/6363/213
f 3590/6401/236 3572/6400/235 3573/6416/245 3591/6417/245
f 3591/6418/246 3573/6419/246 3571/6356/207 3589/6355/206
f 3568/6359/210 3584/6360/211 3585/6420/247 3570/6393/228
f 3570/6393/228 3585/6420/247 3583/6339/191 3569/6338/190
f 3580/6379/222 3587/6380/223 3588/6421/248 3582/6395/230
f 3582/6395/230 3588/6421/248 3586/6343/195 3581/6342/194
f 3574/6381/224 3590/6382/225 3591/6422/249 3576/6396/231
f 3576/6396/231 3591/6422/249 3589/6347/199 3575/6346/198
f 3562/6357/208 3593/6358/209 3594/6423/250 3564/6397/232
f 3564/6397/232 3594/6423/250 3592/6351/203 3563/6350/202
f 3545/6392/215 3554/6370/215 3551/6388/215 3559/6424/215 3561/6425/215 3560/6426/215
f 3596/6427/189 3619/6428/190 3633/6429/191 3605/6430/192
f 3600/6431/193 3631/6432/194 3636/6433/195 3606/6434/196
f 3598/6435/197 3625/6436/198 3639/6437/199 3607/6438/200
f 3602/6439/201 3613/6440/202 3642/6441/262 3608/6442/204
f 3597/6443/205 3607/6444/205 3639/6445/206 3621/6446/207
f 3612/6447/208 3596/6427/189 3605/6430/192 3643/6448/209
f 3618/6449/210 3600/6431/193 3606/6434/196 3634/6450/211
f 3599/6451/212 3606/6452/212 3636/6453/252 3627/6454/355
f 3599/6455/215 3627/6456/215 3629/6457/215 3628/6458/215 3597/6459/215 3604/6460/215
f 3601/6461/216 3608/6462/216 3642/6463/217 3609/6464/218
f 3595/6465/219 3605/6466/219 3633/6467/254 3615/6468/221
f 3630/6469/222 3598/6435/197 3607/6438/200 3637/6470/223
f 3624/6471/224 3602/6439/201 3608/6442/204 3640/6472/225
f 3610/6473/226 3643/6474/227 3605/6466/219 3595/6465/219
f 3604/6460/215 3597/6459/215 3621/6475/215 3623/6476/215 3622/6477/215 3601/6478/215
f 3615/6479/215 3617/6480/215 3616/6481/215 3599/6455/215 3604/6460/215 3595/6482/215
f 3600/6431/193 3618/6449/210 3620/6483/228 3619/6428/190 3596/6427/189 3603/6484/229
f 3630/6469/222 3632/6485/230 3631/6432/194 3600/6431/193 3603/6484/229 3598/6435/197
f 3598/6435/197 3603/6484/229 3602/6439/201 3624/6471/224 3626/6486/231 3625/6436/198
f 3603/6484/229 3596/6427/189 3612/6447/208 3614/6487/232 3613/6440/202 3602/6439/201
f 3616/6488/233 3634/6489/256 3606/6452/212 3599/6451/212
f 3622/6490/235 3640/6491/257 3608/6462/216 3601/6461/216
f 3628/6492/237 3637/6493/356 3607/6444/205 3597/6443/205
f 3609/6464/218 3642/6463/217 3644/6494/264 3611/6495/264
f 3611/6496/240 3644/6497/240 3643/6474/227 3610/6473/226
f 3634/6489/256 3616/6488/233 3617/6498/357 3635/6499/357
f 3635/6500/242 3617/6501/242 3615/6468/221 3633/6467/254
f 3637/6493/356 3628/6492/237 3629/6502/243 3638/6503/243
f 3638/6504/358 3629/6505/358 3627/6454/355 3636/6453/252
f 3640/6491/257 3622/6490/235 3623/6506/245 3641/6507/245
f 3641/6508/246 3623/6509/246 3621/6446/207 3639/6445/206
f 3618/6449/210 3634/6450/211 3635/6510/247 3620/6483/228
f 3620/6483/228 3635/6510/247 3633/6429/191 3619/6428/190
f 3630/6469/222 3637/6470/223 3638/6511/248 3632/6485/230
f 3632/6485/230 3638/6511/248 3636/6433/195 3631/6432/194
f 3624/6471/224 3640/6472/225 3641/6512/249 3626/6486/231
f 3626/6486/231 3641/6512/249 3639/6437/199 3625/6436/198
f 3612/6447/208 3643/6448/209 3644/6513/250 3614/6487/232
f 3614/6487/232 3644/6513/250 3642/6441/262 3613/6440/202
f 3595/6482/215 3604/6460/215 3601/6478/215 3609/6514/215 3611/6515/215 3610/6516/215
f 3646/6517/189 3669/6518/190 3683/6519/191 3655/6520/192
f 3650/6521/193 3681/6522/194 3686/6523/195 3656/6524/196
f 3648/6525/197 3675/6526/198 3689/6527/199 3657/6528/200
f 3652/6529/201 3663/6530/202 3692/6531/203 3658/6532/204
f 3647/6533/205 3657/6534/205 3689/6535/206 3671/6536/207
f 3662/6537/208 3646/6517/189 3655/6520/192 3693/6538/209
f 3668/6539/210 3650/6521/193 3656/6524/196 3684/6540/211
f 3649/6541/212 3656/6542/212 3686/6543/252 3677/6544/214
f 3649/6545/215 3677/6546/215 3679/6547/215 3678/6548/215 3647/6549/215 3654/6550/215
f 3651/6551/216 3658/6552/216 3692/6553/217 3659/6554/218
f 3645/6555/219 3655/6556/219 3683/6557/254 3665/6558/221
f 3680/6559/222 3648/6525/197 3657/6528/200 3687/6560/223
f 3674/6561/224 3652/6529/201 3658/6532/204 3690/6562/225
f 3660/6563/270 3693/6564/255 3655/6556/219 3645/6555/219
f 3654/6550/215 3647/6549/215 3671/6565/215 3673/6566/215 3672/6567/215 3651/6568/215
f 3665/6569/215 3667/6570/215 3666/6571/215 3649/6545/215 3654/6550/215 3645/6572/215
f 3650/6521/193 3668/6539/210 3670/6573/228 3669/6518/190 3646/6517/189 3653/6574/229
f 3680/6559/222 3682/6575/230 3681/6522/194 3650/6521/193 3653/6574/229 3648/6525/197
f 3648/6525/197 3653/6574/229 3652/6529/201 3674/6561/224 3676/6576/231 3675/6526/198
f 3653/6574/229 3646/6517/189 3662/6537/208 3664/6577/232 3663/6530/202 3652/6529/201
f 3666/6578/233 3684/6579/256 3656/6542/212 3649/6541/212
f 3672/6580/359 3690/6581/257 3658/6552/216 3651/6551/216
f 3678/6582/237 3687/6583/360 3657/6534/205 3647/6533/205
f 3659/6554/218 3692/6553/217 3694/6584/239 3661/6585/239
f 3661/6586/361 3694/6587/361 3693/6564/255 3660/6563/270
f 3684/6579/256 3666/6578/233 3667/6588/251 3685/6589/251
f 3685/6590/242 3667/6591/242 3665/6558/221 3683/6557/254
f 3687/6583/360 3678/6582/237 3679/6592/243 3688/6593/243
f 3688/6594/244 3679/6595/244 3677/6544/214 3686/6543/252
f 3690/6581/257 3672/6580/359 3673/6596/362 3691/6597/362
f 3691/6598/246 3673/6599/246 3671/6536/207 3689/6535/206
f 3668/6539/210 3684/6540/211 3685/6600/247 3670/6573/228
f 3670/6573/228 3685/6600/247 3683/6519/191 3669/6518/190
f 3680/6559/222 3687/6560/223 3688/6601/248 3682/6575/230
f 3682/6575/230 3688/6601/248 3686/6523/195 3681/6522/194
f 3674/6561/224 3690/6562/225 3691/6602/249 3676/6576/231
f 3676/6576/231 3691/6602/249 3689/6527/199 3675/6526/198
f 3662/6537/208 3693/6538/209 3694/6603/250 3664/6577/232
f 3664/6577/232 3694/6603/250 3692/6531/203 3663/6530/202
f 3645/6572/215 3654/6550/215 3651/6568/215 3659/6604/215 3661/6605/215 3660/6606/215
f 3696/6607/189 3719/6608/190 3733/6609/191 3705/6610/192
f 3700/6611/193 3731/6612/194 3736/6613/195 3706/6614/196
f 3698/6615/197 3725/6616/198 3739/6617/199 3707/6618/200
f 3702/6619/201 3713/6620/202 3742/6621/203 3708/6622/204
f 3697/6623/205 3707/6624/205 3739/6625/206 3721/6626/207
f 3712/6627/208 3696/6607/189 3705/6610/192 3743/6628/209
f 3718/6629/210 3700/6611/193 3706/6614/196 3734/6630/211
f 3699/6631/212 3706/6632/212 3736/6633/213 3727/6634/214
f 3699/6635/215 3727/6636/215 3729/6637/215 3728/6638/215 3697/6639/215 3704/6640/215
f 3701/6641/216 3708/6642/216 3742/6643/253 3709/6644/218
f 3695/6645/219 3705/6646/219 3733/6647/220 3715/6648/221
f 3730/6649/222 3698/6615/197 3707/6618/200 3737/6650/363
f 3724/6651/224 3702/6619/201 3708/6622/204 3740/6652/225
f 3710/6653/270 3743/6654/255 3705/6646/219 3695/6645/219
f 3704/6640/215 3697/6639/215 3721/6655/215 3723/6656/215 3722/6657/215 3701/6658/215
f 3715/6659/215 3717/6660/215 3716/6661/215 3699/6635/215 3704/6640/215 3695/6662/215
f 3700/6611/193 3718/6629/210 3720/6663/228 3719/6608/190 3696/6607/189 3703/6664/229
f 3730/6649/222 3732/6665/230 3731/6612/194 3700/6611/193 3703/6664/229 3698/6615/197
f 3698/6615/197 3703/6664/229 3702/6619/201 3724/6651/224 3726/6666/231 3725/6616/198
f 3703/6664/229 3696/6607/189 3712/6627/208 3714/6667/232 3713/6620/202 3702/6619/201
f 3716/6668/233 3734/6669/234 3706/6632/212 3699/6631/212
f 3722/6670/235 3740/6671/236 3708/6642/216 3701/6641/216
f 3728/6672/237 3737/6673/238 3707/6624/205 3697/6623/205
f 3709/6644/218 3742/6643/253 3744/6674/260 3711/6675/260
f 3711/6676/361 3744/6677/361 3743/6654/255 3710/6653/270
f 3734/6669/234 3716/6668/233 3717/6678/241 3735/6679/241
f 3735/6680/242 3717/6681/242 3715/6648/221 3733/6647/220
f 3737/6673/238 3728/6672/237 3729/6682/243 3738/6683/243
f 3738/6684/364 3729/6685/364 3727/6634/214 3736/6633/213
f 3740/6671/236 3722/6670/235 3723/6686/245 3741/6687/245
f 3741/6688/246 3723/6689/246 3721/6626/207 3739/6625/206
f 3718/6629/210 3734/6630/211 3735/6690/247 3720/6663/228
f 3720/6663/228 3735/6690/247 3733/6609/191 3719/6608/190
f 3730/6649/222 3737/6650/363 3738/6691/248 3732/6665/230
f 3732/6665/230 3738/6691/248 3736/6613/195 3731/6612/194
f 3724/6651/224 3740/6652/225 3741/6692/249 3726/6666/231
f 3726/6666/231 3741/6692/249 3739/6617/199 3725/6616/198
f 3712/6627/208 3743/6628/209 3744/6693/250 3714/6667/232
f 3714/6667/232 3744/6693/250 3742/6621/203 3713/6620/202
f 3695/6662/215 3704/6640/215 3701/6658/215 3709/6694/215 3711/6695/215 3710/6696/215
f 3746/6697/189 3769/6698/190 3783/6699/191 3755/6700/192
f 3750/6701/193 3781/6702/194 3786/6703/195 3756/6704/196
f 3748/6705/197 3775/6706/198 3789/6707/199 3757/6708/200
f 3752/6709/201 3763/6710/202 3792/6711/203 3758/6712/204
f 3747/6713/205 3757/6714/205 3789/6715/206 3771/6716/207
f 3762/6717/208 3746/6697/189 3755/6700/192 3793/6718/209
f 3768/6719/210 3750/6701/193 3756/6704/196 3784/6720/211
f 3749/6721/212 3756/6722/212 3786/6723/252 3777/6724/214
f 3749/6725/215 3777/6726/215 3779/6727/215 3778/6728/215 3747/6729/215 3754/6730/215
f 3751/6731/216 3758/6732/216 3792/6733/253 3759/6734/218
f 3745/6735/219 3755/6736/219 3783/6737/220 3765/6738/221
f 3780/6739/222 3748/6705/197 3757/6708/200 3787/6740/223
f 3774/6741/224 3752/6709/201 3758/6712/204 3790/6742/225
f 3760/6743/226 3793/6744/255 3755/6736/219 3745/6735/219
f 3754/6730/215 3747/6729/215 3771/6745/215 3773/6746/215 3772/6747/215 3751/6748/215
f 3765/6749/215 3767/6750/215 3766/6751/215 3749/6725/215 3754/6730/215 3745/6752/215
f 3750/6701/193 3768/6719/210 3770/6753/228 3769/6698/190 3746/6697/189 3753/6754/229
f 3780/6739/222 3782/6755/230 3781/6702/194 3750/6701/193 3753/6754/229 3748/6705/197
f 3748/6705/197 3753/6754/229 3752/6709/201 3774/6741/224 3776/6756/231 3775/6706/198
f 3753/6754/229 3746/6697/189 3762/6717/208 3764/6757/232 3763/6710/202 3752/6709/201
f 3766/6758/233 3784/6759/234 3756/6722/212 3749/6721/212
f 3772/6760/235 3790/6761/257 3758/6732/216 3751/6731/216
f 3778/6762/237 3787/6763/238 3757/6714/205 3747/6713/205
f 3759/6734/218 3792/6733/253 3794/6764/260 3761/6765/260
f 3761/6766/240 3794/6767/240 3793/6744/255 3760/6743/226
f 3784/6759/234 3766/6758/233 3767/6768/241 3785/6769/241
f 3785/6770/242 3767/6771/242 3765/6738/221 3783/6737/220
f 3787/6763/238 3778/6762/237 3779/6772/243 3788/6773/243
f 3788/6774/244 3779/6775/244 3777/6724/214 3786/6723/252
f 3790/6761/257 3772/6760/235 3773/6776/245 3791/6777/245
f 3791/6778/246 3773/6779/246 3771/6716/207 3789/6715/206
f 3768/6719/210 3784/6720/211 3785/6780/247 3770/6753/228
f 3770/6753/228 3785/6780/247 3783/6699/191 3769/6698/190
f 3780/6739/222 3787/6740/223 3788/6781/248 3782/6755/230
f 3782/6755/230 3788/6781/248 3786/6703/195 3781/6702/194
f 3774/6741/224 3790/6742/225 3791/6782/249 3776/6756/231
f 3776/6756/231 3791/6782/249 3789/6707/199 3775/6706/198
f 3762/6717/208 3793/6718/209 3794/6783/250 3764/6757/232
f 3764/6757/232 3794/6783/250 3792/6711/203 3763/6710/202
f 3745/6752/215 3754/6730/215 3751/6748/215 3759/6784/215 3761/6785/215 3760/6786/215
f 3796/6787/189 3819/6788/190 3833/6789/191 3805/6790/192
f 3800/6791/193 3831/6792/194 3836/6793/195 3806/6794/196
f 3798/6795/197 3825/6796/198 3839/6797/199 3807/6798/200
f 3802/6799/201 3813/6800/202 3842/6801/203 3808/6802/204
f 3797/6803/205 3807/6804/205 3839/6805/206 3821/6806/207
f 3812/6807/208 3796/6787/189 3805/6790/192 3843/6808/209
f 3818/6809/210 3800/6791/193 3806/6794/196 3834/6810/211
f 3799/6811/212 3806/6812/212 3836/6813/213 3827/6814/214
f 3799/6815/215 3827/6816/215 3829/6817/215 3828/6818/215 3797/6819/215 3804/6820/215
f 3801/6821/216 3808/6822/216 3842/6823/253 3809/6824/218
f 3795/6825/219 3805/6826/219 3833/6827/220 3815/6828/221
f 3830/6829/222 3798/6795/197 3807/6798/200 3837/6830/223
f 3824/6831/224 3802/6799/201 3808/6802/204 3840/6832/225
f 3810/6833/226 3843/6834/227 3805/6826/219 3795/6825/219
f 3804/6820/215 3797/6819/215 3821/6835/215 3823/6836/215 3822/6837/215 3801/6838/215
f 3815/6839/215 3817/6840/215 3816/6841/215 3799/6815/215 3804/6820/215 3795/6842/215
f 3800/6791/193 3818/6809/210 3820/6843/228 3819/6788/190 3796/6787/189 3803/6844/229
f 3830/6829/222 3832/6845/230 3831/6792/194 3800/6791/193 3803/6844/229 3798/6795/197
f 3798/6795/197 3803/6844/229 3802/6799/201 3824/6831/224 3826/6846/231 3825/6796/198
f 3803/6844/229 3796/6787/189 3812/6807/208 3814/6847/232 3813/6800/202 3802/6799/201
f 3816/6848/233 3834/6849/256 3806/6812/212 3799/6811/212
f 3822/6850/235 3840/6851/257 3808/6822/216 3801/6821/216
f 3828/6852/237 3837/6853/238 3807/6804/205 3797/6803/205
f 3809/6824/218 3842/6823/253 3844/6854/260 3811/6855/260
f 3811/6856/240 3844/6857/240 3843/6834/227 3810/6833/226
f 3834/6849/256 3816/6848/233 3817/6858/251 3835/6859/251
f 3835/6860/242 3817/6861/242 3815/6828/221 3833/6827/220
f 3837/6853/238 3828/6852/237 3829/6862/243 3838/6863/243
f 3838/6864/244 3829/6865/244 3827/6814/214 3836/6813/213
f 3840/6851/257 3822/6850/235 3823/6866/245 3841/6867/245
f 3841/6868/246 3823/6869/246 3821/6806/207 3839/6805/206
f 3818/6809/210 3834/6810/211 3835/6870/247 3820/6843/228
f 3820/6843/228 3835/6870/247 3833/6789/191 3819/6788/190
f 3830/6829/222 3837/6830/223 3838/6871/248 3832/6845/230
f 3832/6845/230 3838/6871/248 3836/6793/195 3831/6792/194
f 3824/6831/224 3840/6832/225 3841/6872/249 3826/6846/231
f 3826/6846/231 3841/6872/249 3839/6797/199 3825/6796/198
f 3812/6807/208 3843/6808/209 3844/6873/250 3814/6847/232
f 3814/6847/232 3844/6873/250 3842/6801/203 3813/6800/202
f 3795/6842/215 3804/6820/215 3801/6838/215 3809/6874/215 3811/6875/215 3810/6876/215
f 3846/6877/189 3869/6878/190 3883/6879/191 3855/6880/192
f 3850/6881/193 3881/6882/194 3886/6883/195 3856/6884/196
f 3848/6885/197 3875/6886/198 3889/6887/199 3857/6888/200
f 3852/6889/201 3863/6890/202 3892/6891/262 3858/6892/204
f 3847/6893/205 3857/6894/205 3889/6895/206 3871/6896/207
f 3862/6897/208 3846/6877/189 3855/6880/192 3893/6898/209
f 3868/6899/210 3850/6881/193 3856/6884/196 3884/6900/263
f 3849/6901/212 3856/6902/212 3886/6903/252 3877/6904/214
f 3849/6905/215 3877/6906/215 3879/6907/215 3878/6908/215 3847/6909/215 3854/6910/215
f 3851/6911/216 3858/6912/216 3892/6913/253 3859/6914/218
f 3845/6915/219 3855/6916/219 3883/6917/220 3865/6918/221
f 3880/6919/222 3848/6885/197 3857/6888/200 3887/6920/223
f 3874/6921/224 3852/6889/201 3858/6892/204 3890/6922/225
f 3860/6923/226 3893/6924/227 3855/6916/219 3845/6915/219
f 3854/6910/215 3847/6909/215 3871/6925/215 3873/6926/215 3872/6927/215 3851/6928/215
f 3865/6929/215 3867/6930/215 3866/6931/215 3849/6905/215 3854/6910/215 3845/6932/215
f 3850/6881/193 3868/6899/210 3870/6933/228 3869/6878/190 3846/6877/189 3853/6934/229
f 3880/6919/222 3882/6935/230 3881/6882/194 3850/6881/193 3853/6934/229 3848/6885/197
f 3848/6885/197 3853/6934/229 3852/6889/201 3874/6921/224 3876/6936/231 3875/6886/198
f 3853/6934/229 3846/6877/189 3862/6897/208 3864/6937/232 3863/6890/202 3852/6889/201
f 3866/6938/233 3884/6939/234 3856/6902/212 3849/6901/212
f 3872/6940/235 3890/6941/257 3858/6912/216 3851/6911/216
f 3878/6942/237 3887/6943/238 3857/6894/205 3847/6893/205
f 3859/6914/218 3892/6913/253 3894/6944/258 3861/6945/258
f 3861/6946/240 3894/6947/240 3893/6924/227 3860/6923/226
f 3884/6939/234 3866/6938/233 3867/6948/241 3885/6949/241
f 3885/6950/242 3867/6951/242 3865/6918/221 3883/6917/220
f 3887/6943/238 3878/6942/237 3879/6952/243 3888/6953/243
f 3888/6954/244 3879/6955/244 3877/6904/214 3886/6903/252
f 3890/6941/257 3872/6940/235 3873/6956/245 3891/6957/245
f 3891/6958/246 3873/6959/246 3871/6896/207 3889/6895/206
f 3868/6899/210 3884/6900/263 3885/6960/247 3870/6933/228
f 3870/6933/228 3885/6960/247 3883/6879/191 3869/6878/190
f 3880/6919/222 3887/6920/223 3888/6961/248 3882/6935/230
f 3882/6935/230 3888/6961/248 3886/6883/195 3881/6882/194
f 3874/6921/224 3890/6922/225 3891/6962/249 3876/6936/231
f 3876/6936/231 3891/6962/249 3889/6887/199 3875/6886/198
f 3862/6897/208 3893/6898/209 3894/6963/250 3864/6937/232
f 3864/6937/232 3894/6963/250 3892/6891/262 3863/6890/202
f 3845/6932/215 3854/6910/215 3851/6928/215 3859/6964/215 3861/6965/215 3860/6966/215
f 3896/6967/189 3919/6968/190 3933/6969/191 3905/6970/192
f 3900/6971/193 3931/6972/194 3936/6973/195 3906/6974/196
f 3898/6975/197 3925/6976/198 3939/6977/199 3907/6978/200
f 3902/6979/201 3913/6980/202 3942/6981/203 3908/6982/204
f 3897/6983/205 3907/6984/205 3939/6985/206 3921/6986/207
f 3912/6987/208 3896/6967/189 3905/6970/192 3943/6988/209
f 3918/6989/210 3900/6971/193 3906/6974/196 3934/6990/211
f 3899/6991/212 3906/6992/212 3936/6993/252 3927/6994/214
f 3899/6995/215 3927/6996/215 3929/6997/215 3928/6998/215 3897/6999/215 3904/7000/215
f 3901/7001/216 3908/7002/216 3942/7003/253 3909/7004/218
f 3895/7005/219 3905/7006/219 3933/7007/220 3915/7008/221
f 3930/7009/222 3898/6975/197 3907/6978/200 3937/7010/223
f 3924/7011/224 3902/6979/201 3908/6982/204 3940/7012/265
f 3910/7013/226 3943/7014/255 3905/7006/219 3895/7005/219
f 3904/7000/215 3897/6999/215 3921/7015/215 3923/7016/215 3922/7017/215 3901/7018/215
f 3915/7019/215 3917/7020/215 3916/7021/215 3899/6995/215 3904/7000/215 3895/7022/215
f 3900/6971/193 3918/6989/210 3920/7023/228 3919/6968/190 3896/6967/189 3903/7024/229
f 3930/7009/222 3932/7025/230 3931/6972/194 3900/6971/193 3903/7024/229 3898/6975/197
f 3898/6975/197 3903/7024/229 3902/6979/201 3924/7011/224 3926/7026/231 3925/6976/198
f 3903/7024/229 3896/6967/189 3912/6987/208 3914/7027/232 3913/6980/202 3902/6979/201
f 3916/7028/365 3934/7029/234 3906/6992/212 3899/6991/212
f 3922/7030/235 3940/7031/236 3908/7002/216 3901/7001/216
f 3928/7032/237 3937/7033/238 3907/6984/205 3897/6983/205
f 3909/7004/218 3942/7003/253 3944/7034/258 3911/7035/258
f 3911/7036/240 3944/7037/240 3943/7014/255 3910/7013/226
f 3934/7029/234 3916/7028/365 3917/7038/241 3935/7039/241
f 3935/7040/242 3917/7041/242 3915/7008/221 3933/7007/220
f 3937/7033/238 3928/7032/237 3929/7042/243 3938/7043/243
f 3938/7044/244 3929/7045/244 3927/6994/214 3936/6993/252
f 3940/7031/236 3922/7030/235 3923/7046/261 3941/7047/261
f 3941/7048/246 3923/7049/246 3921/6986/207 3939/6985/206
f 3918/6989/210 3934/6990/211 3935/7050/247 3920/7023/228
f 3920/7023/228 3935/7050/247 3933/6969/191 3919/6968/190
f 3930/7009/222 3937/7010/223 3938/7051/248 3932/7025/230
f 3932/7025/230 3938/7051/248 3936/6973/195 3931/6972/194
f 3924/7011/224 3940/7012/265 3941/7052/249 3926/7026/231
f 3926/7026/231 3941/7052/249 3939/6977/199 3925/6976/198
f 3912/6987/208 3943/6988/209 3944/7053/250 3914/7027/232
f 3914/7027/232 3944/7053/250 3942/6981/203 3913/6980/202
f 3895/7022/215 3904/7000/215 3901/7018/215 3909/7054/215 3911/7055/215 3910/7056/215
f 3946/7057/366 3969/7058/367 3983/7059/368 3955/7060/369
f 3950/7061/370 3981/7062/371 3986/7063/372 3956/7064/373
f 3948/7065/374 3975/7066/375 3989/7067/376 3957/7068/377
f 3952/7069/378 3963/7070/379 3992/7071/380 3958/7072/381
f 3947/7073/382 3957/7074/382 3989/7075/383 3971/7076/384
f 3962/7077/385 3946/7057/366 3955/7060/369 3993/7078/386
f 3968/7079/387 3950/7061/370 3956/7064/373 3984/7080/388
f 3949/7081/389 3956/7082/389 3986/7083/390 3977/7084/391
f 3949/7085/215 3977/7086/215 3979/7087/215 3978/7088/215 3947/7089/215 3954/7090/215
f 3951/7091/392 3958/7092/392 3992/7093/393 3959/7094/394
f 3945/7095/219 3955/7096/219 3983/7097/395 3965/7098/396
f 3980/7099/397 3948/7065/374 3957/7068/377 3987/7100/398
f 3974/7101/399 3952/7069/378 3958/7072/381 3990/7102/400
f 3960/7103/401 3993/7104/402 3955/7096/219 3945/7095/219
f 3954/7090/215 3947/7089/215 3971/7105/215 3973/7106/215 3972/7107/215 3951/7108/215
f 3965/7109/215 3967/7110/215 3966/7111/215 3949/7085/215 3954/7090/215 3945/7112/215
f 3950/7061/370 3968/7079/387 3970/7113/403 3969/7058/367 3946/7057/366 3953/7114/229
f 3980/7099/397 3982/7115/404 3981/7062/371 3950/7061/370 3953/7114/229 3948/7065/374
f 3948/7065/374 3953/7114/229 3952/7069/378 3974/7101/399 3976/7116/405 3975/7066/375
f 3953/7114/229 3946/7057/366 3962/7077/385 3964/7117/406 3963/7070/379 3952/7069/378
f 3966/7118/407 3984/7119/408 3956/7082/389 3949/7081/389
f 3972/7120/409 3990/7121/410 3958/7092/392 3951/7091/392
f 3978/7122/411 3987/7123/412 3957/7074/382 3947/7073/382
f 3959/7094/394 3992/7093/393 3994/7124/413 3961/7125/413
f 3961/7126/414 3994/7127/414 3993/7104/402 3960/7103/401
f 3984/7119/408 3966/7118/407 3967/7128/415 3985/7129/415
f 3985/7130/416 3967/7131/416 3965/7098/396 3983/7097/395
f 3987/7123/412 3978/7122/411 3979/7132/417 3988/7133/417
f 3988/7134/418 3979/7135/418 3977/7084/391 3986/7083/390
f 3990/7121/410 3972/7120/409 3973/7136/419 3991/7137/419
f 3991/7138/420 3973/7139/420 3971/7076/384 3989/7075/383
f 3968/7079/387 3984/7080/388 3985/7140/421 3970/7113/403
f 3970/7113/403 3985/7140/421 3983/7059/368 3969/7058/367
f 3980/7099/397 3987/7100/398 3988/7141/422 3982/7115/404
f 3982/7115/404 3988/7141/422 3986/7063/372 3981/7062/371
f 3974/7101/399 3990/7102/400 3991/7142/423 3976/7116/405
f 3976/7116/405 3991/7142/423 3989/7067/376 3975/7066/375
f 3962/7077/385 3993/7078/386 3994/7143/424 3964/7117/406
f 3964/7117/406 3994/7143/424 3992/7071/380 3963/7070/379
f 3945/7112/215 3954/7090/215 3951/7108/215 3959/7144/215 3961/7145/215 3960/7146/215
f 3996/7147/366 4019/7148/425 4033/7149/426 4005/7150/369
f 4000/7151/427 4031/7152/428 4036/7153/429 4006/7154/430
f 3998/7155/374 4025/7156/431 4039/7157/432 4007/7158/377
f 4002/7159/433 4013/7160/434 4042/7161/435 4008/7162/436
f 3997/7163/205 4007/7164/205 4039/7165/437 4021/7166/438
f 4012/7167/439 3996/7147/366 4005/7150/369 4043/7168/440
f 4018/7169/441 4000/7151/427 4006/7154/430 4034/7170/442
f 3999/7171/443 4006/7172/443 4036/7173/444 4027/7174/444
f 3999/7175/215 4027/7176/215 4029/7177/215 4028/7178/215 3997/7179/215 4004/7180/215
f 4001/7181/445 4008/7182/445 4042/7183/446 4009/7184/446
f 3995/7185/219 4005/7186/219 4033/7187/447 4015/7188/448
f 4030/7189/449 3998/7155/374 4007/7158/377 4037/7190/450
f 4024/7191/451 4002/7159/433 4008/7162/436 4040/7192/452
f 4010/7193/453 4043/7194/454 4005/7186/219 3995/7185/219
f 4004/7180/215 3997/7179/215 4021/7195/215 4023/7196/215 4022/7197/215 4001/7198/215
f 4015/7199/215 4017/7200/215 4016/7201/215 3999/7175/215 4004/7180/215 3995/7202/215
f 4000/7151/427 4018/7169/441 4020/7203/455 4019/7148/425 3996/7147/366 4003/7204/229
f 4030/7189/449 4032/7205/456 4031/7152/428 4000/7151/427 4003/7204/229 3998/7155/374
f 3998/7155/374 4003/7204/229 4002/7159/433 4024/7191/451 4026/7206/457 4025/7156/431
f 4003/7204/229 3996/7147/366 4012/7167/439 4014/7207/458 4013/7160/434 4002/7159/433
f 4016/7208/459 4034/7209/459 4006/7172/443 3999/7171/443
f 4022/7210/460 4040/7211/460 4008/7182/445 4001/7181/445
f 4028/7212/461 4037/7213/462 4007/7164/205 3997/7163/205
f 4009/7214/463 4042/7215/463 4044/7216/463 4011/7217/463
f 4011/7217/464 4044/7216/464 4043/7194/454 4010/7193/453
f 4034/7218/465 4016/7219/465 4017/7220/465 4035/7221/465
f 4035/7221/466 4017/7220/466 4015/7188/448 4033/7187/447
f 4037/7213/462 4028/7212/461 4029/7222/467 4038/7223/467
f 4038/7223/468 4029/7222/468 4027/7224/468 4036/7225/468
f 4040/7226/469 4022/7227/469 4023/7228/469 4041/7229/469
f 4041/7229/470 4023/7228/470 4021/7166/438 4039/7165/437
f 4018/7169/441 4034/7170/442 4035/7230/471 4020/7203/455
f 4020/7203/455 4035/7230/471 4033/7149/426 4019/7148/425
f 4030/7189/449 4037/7190/450 4038/7231/472 4032/7205/456
f 4032/7205/456 4038/7231/472 4036/7153/429 4031/7152/428
f 4024/7191/451 4040/7192/452 4041/7232/473 4026/7206/457
f 4026/7206/457 4041/7232/473 4039/7157/432 4025/7156/431
f 4012/7167/439 4043/7168/440 4044/7233/474 4014/7207/458
f 4014/7207/458 4044/7233/474 4042/7161/435 4013/7160/434
f 3995/7202/215 4004/7180/215 4001/7198/215 4009/7234/215 4011/7235/215 4010/7236/215
f 4046/7237/366 4069/7238/475 4083/7239/476 4055/7240/369
f 4050/7241/477 4081/7242/478 4086/7243/479 4056/7244/480
f 4048/7245/374 4075/7246/481 4089/7247/482 4057/7248/377
f 4052/7249/483 4063/7250/484 4092/7251/485 4058/7252/486
f 4047/7253/382 4057/7254/382 4089/7255/487 4071/7256/488
f 4062/7257/489 4046/7237/366 4055/7240/369 4093/7258/490
f 4068/7259/491 4050/7241/477 4056/7244/480 4084/7260/492
f 4049/7261/493 4056/7262/493 4086/7263/494 4077/7264/494
f 4049/7265/215 4077/7266/215 4079/7267/215 4078/7268/215 4047/7269/215 4054/7270/215
f 4051/7271/495 4058/7272/495 4092/7273/496 4059/7274/496
f 4045/7275/219 4055/7276/219 4083/7277/497 4065/7278/498
f 4080/7279/499 4048/7245/374 4057/7248/377 4087/7280/500
f 4074/7281/501 4052/7249/483 4058/7252/486 4090/7282/502
f 4060/7283/503 4093/7284/504 4055/7276/219 4045/7275/219
f 4054/7270/215 4047/7269/215 4071/7285/215 4073/7286/215 4072/7287/215 4051/7288/215
f 4065/7289/215 4067/7290/215 4066/7291/215 4049/7265/215 4054/7270/215 4045/7292/215
f 4050/7241/477 4068/7259/491 4070/7293/505 4069/7238/475 4046/7237/366 4053/7294/229
f 4080/7279/499 4082/7295/506 4081/7242/478 4050/7241/477 4053/7294/229 4048/7245/374
f 4048/7245/374 4053/7294/229 4052/7249/483 4074/7281/501 4076/7296/507 4075/7246/481
f 4053/7294/229 4046/7237/366 4062/7257/489 4064/7297/508 4063/7250/484 4052/7249/483
f 4066/7298/509 4084/7299/509 4056/7262/493 4049/7261/493
f 4072/7300/510 4090/7301/510 4058/7272/495 4051/7271/495
f 4078/7302/511 4087/7303/512 4057/7254/382 4047/7253/382
f 4059/7274/513 4092/7273/513 4094/7304/513 4061/7305/513
f 4061/7306/514 4094/7307/514 4093/7284/504 4060/7283/503
f 4084/7299/515 4066/7298/515 4067/7308/515 4085/7309/515
f 4085/7310/516 4067/7311/516 4065/7278/498 4083/7277/497
f 4087/7303/512 4078/7302/511 4079/7312/517 4088/7313/517
f 4088/7314/518 4079/7315/518 4077/7264/518 4086/7263/518
f 4090/7301/519 4072/7300/519 4073/7316/519 4091/7317/519
f 4091/7318/520 4073/7319/520 4071/7256/488 4089/7255/487
f 4068/7259/491 4084/7260/492 4085/7320/521 4070/7293/505
f 4070/7293/505 4085/7320/521 4083/7239/476 4069/7238/475
f 4080/7279/499 4087/7280/500 4088/7321/522 4082/7295/506
f 4082/7295/506 4088/7321/522 4086/7243/479 4081/7242/478
f 4074/7281/501 4090/7282/502 4091/7322/523 4076/7296/507
f 4076/7296/507 4091/7322/523 4089/7247/482 4075/7246/481
f 4062/7257/489 4093/7258/490 4094/7323/524 4064/7297/508
f 4064/7297/508 4094/7323/524 4092/7251/485 4063/7250/484
f 4045/7292/215 4054/7270/215 4051/7288/215 4059/7324/215 4061/7325/215 4060/7326/215
f 4096/7327/366 4119/7328/525 4133/7329/526 4105/7330/369
f 4100/7331/527 4131/7332/528 4136/7333/529 4106/7334/530
f 4098/7335/374 4125/7336/531 4139/7337/532 4107/7338/377
f 4102/7339/533 4113/7340/534 4142/7341/535 4108/7342/536
f 4097/7343/382 4107/7344/382 4139/7345/537 4121/7346/538
f 4112/7347/539 4096/7327/366 4105/7330/369 4143/7348/540
f 4118/7349/541 4100/7331/527 4106/7334/530 4134/7350/542
f 4099/7351/543 4106/7352/543 4136/7353/544 4127/7354/544
f 4099/7355/215 4127/7356/215 4129/7357/215 4128/7358/215 4097/7359/215 4104/7360/215
f 4101/7361/545 4108/7362/545 4142/7363/546 4109/7364/546
f 4095/7365/219 4105/7366/219 4133/7367/547 4115/7368/548
f 4130/7369/549 4098/7335/374 4107/7338/377 4137/7370/550
f 4124/7371/551 4102/7339/533 4108/7342/536 4140/7372/552
f 4110/7373/553 4143/7374/554 4105/7366/219 4095/7365/219
f 4104/7360/215 4097/7359/215 4121/7375/215 4123/7376/215 4122/7377/215 4101/7378/215
f 4115/7379/215 4117/7380/215 4116/7381/215 4099/7355/215 4104/7360/215 4095/7382/215
f 4100/7331/527 4118/7349/541 4120/7383/555 4119/7328/525 4096/7327/366 4103/7384/229
f 4130/7369/549 4132/7385/556 4131/7332/528 4100/7331/527 4103/7384/229 4098/7335/374
f 4098/7335/374 4103/7384/229 4102/7339/533 4124/7371/551 4126/7386/557 4125/7336/531
f 4103/7384/229 4096/7327/366 4112/7347/539 4114/7387/558 4113/7340/534 4102/7339/533
f 4116/7388/559 4134/7389/559 4106/7352/543 4099/7351/543
f 4122/7390/560 4140/7391/560 4108/7362/545 4101/7361/545
f 4128/7392/561 4137/7393/562 4107/7344/382 4097/7343/382
f 4109/7364/563 4142/7363/563 4144/7394/563 4111/7395/563
f 4111/7396/564 4144/7397/564 4143/7374/554 4110/7373/553
f 4134/7389/565 4116/7388/565 4117/7398/565 4135/7399/565
f 4135/7400/566 4117/7401/566 4115/7368/548 4133/7367/547
f 4137/7393/562 4128/7392/561 4129/7402/567 4138/7403/567
f 4138/7404/568 4129/7405/568 4127/7354/568 4136/7353/568
f 4140/7391/569 4122/7390/569 4123/7406/569 4141/7407/569
f 4141/7408/570 4123/7409/570 4121/7346/538 4139/7345/537
f 4118/7349/541 4134/7350/542 4135/7410/571 4120/7383/555
f 4120/7383/555 4135/7410/571 4133/7329/526 4119/7328/525
f 4130/7369/549 4137/7370/550 4138/7411/572 4132/7385/556
f 4132/7385/556 4138/7411/572 4136/7333/529 4131/7332/528
f 4124/7371/551 4140/7372/552 4141/7412/573 4126/7386/557
f 4126/7386/557 4141/7412/573 4139/7337/532 4125/7336/531
f 4112/7347/539 4143/7348/540 4144/7413/574 4114/7387/558
f 4114/7387/558 4144/7413/574 4142/7341/535 4113/7340/534
f 4095/7382/215 4104/7360/215 4101/7378/215 4109/7414/215 4111/7415/215 4110/7416/215
f 4146/7417/575 4169/7418/576 4183/7419/577 4155/7420/578
f 4150/7421/579 4181/7422/580 4186/7423/581 4156/7424/582
f 4148/7425/583 4175/7426/584 4189/7427/585 4157/7428/586
f 4152/7429/587 4163/7430/588 4192/7431/589 4158/7432/590
f 4147/7433/591 4157/7434/591 4189/7435/592 4171/7436/593
f 4162/7437/594 4146/7417/575 4155/7420/578 4193/7438/595
f 4168/7439/596 4150/7421/579 4156/7424/582 4184/7440/597
f 4149/7441/598 4156/7442/598 4186/7443/599 4177/7444/599
f 4149/7445/215 4177/7446/215 4179/7447/215 4178/7448/215 4147/7449/215 4154/7450/215
f 4151/7451/600 4158/7452/600 4192/7453/601 4159/7454/601
f 4145/7455/602 4155/7456/602 4183/7457/603 4165/7458/604
f 4180/7459/605 4148/7425/583 4157/7428/586 4187/7460/606
f 4174/7461/607 4152/7429/587 4158/7432/590 4190/7462/608
f 4160/7463/609 4193/7464/610 4155/7456/602 4145/7455/602
f 4154/7450/215 4147/7449/215 4171/7465/215 4173/7466/215 4172/7467/215 4151/7468/215
f 4165/7469/215 4167/7470/215 4166/7471/215 4149/7445/215 4154/7450/215 4145/7472/215
f 4150/7421/579 4168/7439/596 4170/7473/611 4169/7418/576 4146/7417/575 4153/7474/229
f 4180/7459/605 4182/7475/612 4181/7422/580 4150/7421/579 4153/7474/229 4148/7425/583
f 4148/7425/583 4153/7474/229 4152/7429/587 4174/7461/607 4176/7476/613 4175/7426/584
f 4153/7474/229 4146/7417/575 4162/7437/594 4164/7477/614 4163/7430/588 4152/7429/587
f 4166/7478/615 4184/7479/615 4156/7442/598 4149/7441/598
f 4172/7480/616 4190/7481/616 4158/7452/600 4151/7451/600
f 4178/7482/617 4187/7483/618 4157/7434/591 4147/7433/591
f 4159/7484/619 4192/7485/619 4194/7486/620 4161/7487/621
f 4161/7487/621 4194/7486/620 4193/7464/610 4160/7463/609
f 4184/7488/622 4166/7489/622 4167/7490/623 4185/7491/624
f 4185/7491/624 4167/7490/623 4165/7458/604 4183/7457/603
f 4187/7483/618 4178/7482/617 4179/7492/625 4188/7493/626
f 4188/7493/626 4179/7492/625 4177/7494/627 4186/7495/627
f 4190/7496/628 4172/7497/628 4173/7498/629 4191/7499/630
f 4191/7499/630 4173/7498/629 4171/7436/593 4189/7435/592
f 4168/7439/596 4184/7440/597 4185/7500/631 4170/7473/611
f 4170/7473/611 4185/7500/631 4183/7419/577 4169/7418/576
f 4180/7459/605 4187/7460/606 4188/7501/632 4182/7475/612
f 4182/7475/612 4188/7501/632 4186/7423/581 4181/7422/580
f 4174/7461/607 4190/7462/608 4191/7502/633 4176/7476/613
f 4176/7476/613 4191/7502/633 4189/7427/585 4175/7426/584
f 4162/7437/594 4193/7438/595 4194/7503/634 4164/7477/614
f 4164/7477/614 4194/7503/634 4192/7431/589 4163/7430/588
f 4145/7472/215 4154/7450/215 4151/7468/215 4159/7504/215 4161/7505/215 4160/7506/215
f 4196/7507/366 4219/7508/525 4233/7509/526 4205/7510/369
f 4200/7511/527 4231/7512/528 4236/7513/529 4206/7514/530
f 4198/7515/374 4225/7516/531 4239/7517/532 4207/7518/377
f 4202/7519/533 4213/7520/534 4242/7521/535 4208/7522/536
f 4197/7523/382 4207/7524/382 4239/7525/537 4221/7526/538
f 4212/7527/539 4196/7507/366 4205/7510/369 4243/7528/540
f 4218/7529/541 4200/7511/527 4206/7514/530 4234/7530/542
f 4199/7531/543 4206/7532/543 4236/7533/544 4227/7534/544
f 4199/7535/215 4227/7536/215 4229/7537/215 4228/7538/215 4197/7539/215 4204/7540/215
f 4201/7541/545 4208/7542/545 4242/7543/546 4209/7544/546
f 4195/7545/219 4205/7546/219 4233/7547/635 4215/7548/548
f 4230/7549/549 4198/7515/374 4207/7518/377 4237/7550/550
f 4224/7551/551 4202/7519/533 4208/7522/536 4240/7552/552
f 4210/7553/553 4243/7554/554 4205/7546/219 4195/7545/219
f 4204/7540/215 4197/7539/215 4221/7555/215 4223/7556/215 4222/7557/215 4201/7558/215
f 4215/7559/215 4217/7560/215 4216/7561/215 4199/7535/215 4204/7540/215 4195/7562/215
f 4200/7511/527 4218/7529/541 4220/7563/555 4219/7508/525 4196/7507/366 4203/7564/229
f 4230/7549/549 4232/7565/556 4231/7512/528 4200/7511/527 4203/7564/229 4198/7515/374
f 4198/7515/374 4203/7564/229 4202/7519/533 4224/7551/551 4226/7566/557 4225/7516/531
f 4203/7564/229 4196/7507/366 4212/7527/539 4214/7567/558 4213/7520/534 4202/7519/533
f 4216/7568/559 4234/7569/559 4206/7532/543 4199/7531/543
f 4222/7570/560 4240/7571/560 4208/7542/545 4201/7541/545
f 4228/7572/561 4237/7573/562 4207/7524/382 4197/7523/382
f 4209/7544/636 4242/7543/636 4244/7574/636 4211/7575/636
f 4211/7576/637 4244/7577/637 4243/7554/554 4210/7553/553
f 4234/7569/565 4216/7568/565 4217/7578/565 4235/7579/565
f 4235/7580/638 4217/7581/638 4215/7548/548 4233/7547/635
f 4237/7573/562 4228/7572/561 4229/7582/567 4238/7583/567
f 4238/7584/639 4229/7585/639 4227/7534/639 4236/7533/639
f 4240/7571/569 4222/7570/569 4223/7586/569 4241/7587/569
f 4241/7588/570 4223/7589/570 4221/7526/538 4239/7525/537
f 4218/7529/541 4234/7530/542 4235/7590/571 4220/7563/555
f 4220/7563/555 4235/7590/571 4233/7509/526 4219/7508/525
f 4230/7549/549 4237/7550/550 4238/7591/572 4232/7565/556
f 4232/7565/556 4238/7591/572 4236/7513/529 4231/7512/528
f 4224/7551/551 4240/7552/552 4241/7592/640 4226/7566/557
f 4226/7566/557 4241/7592/640 4239/7517/532 4225/7516/531
f 4212/7527/539 4243/7528/540 4244/7593/574 4214/7567/558
f 4214/7567/558 4244/7593/574 4242/7521/535 4213/7520/534
f 4195/7562/215 4204/7540/215 4201/7558/215 4209/7594/215 4211/7595/215 4210/7596/215
f 4246/7597/366 4269/7598/641 4283/7599/642 4255/7600/369
f 4250/7601/643 4281/7602/644 4286/7603/645 4256/7604/646
f 4248/7605/374 4275/7606/647 4289/7607/648 4257/7608/377
f 4252/7609/649 4263/7610/650 4292/7611/651 4258/7612/652
f 4247/7613/591 4257/7614/591 4289/7615/653 4271/7616/654
f 4262/7617/655 4246/7597/366 4255/7600/369 4293/7618/656
f 4268/7619/657 4250/7601/643 4256/7604/646 4284/7620/658
f 4249/7621/659 4256/7622/659 4286/7623/660 4277/7624/660
f 4249/7625/215 4277/7626/215 4279/7627/215 4278/7628/215 4247/7629/215 4254/7630/215
f 4251/7631/661 4258/7632/661 4292/7633/662 4259/7634/662
f 4245/7635/602 4255/7636/602 4283/7637/663 4265/7638/664
f 4280/7639/665 4248/7605/374 4257/7608/377 4287/7640/666
f 4274/7641/667 4252/7609/649 4258/7612/652 4290/7642/668
f 4260/7643/669 4293/7644/670 4255/7636/602 4245/7635/602
f 4254/7630/215 4247/7629/215 4271/7645/215 4273/7646/215 4272/7647/215 4251/7648/215
f 4265/7649/215 4267/7650/215 4266/7651/215 4249/7625/215 4254/7630/215 4245/7652/215
f 4250/7601/643 4268/7619/657 4270/7653/671 4269/7598/641 4246/7597/366 4253/7654/229
f 4280/7639/665 4282/7655/672 4281/7602/644 4250/7601/643 4253/7654/229 4248/7605/374
f 4248/7605/374 4253/7654/229 4252/7609/649 4274/7641/667 4276/7656/673 4275/7606/647
f 4253/7654/229 4246/7597/366 4262/7617/655 4264/7657/674 4263/7610/650 4252/7609/649
f 4266/7658/675 4284/7659/675 4256/7622/659 4249/7621/659
f 4272/7660/676 4290/7661/676 4258/7632/661 4251/7631/661
f 4278/7662/677 4287/7663/678 4257/7614/591 4247/7613/591
f 4259/7664/679 4292/7665/679 4294/7666/679 4261/7667/679
f 4261/7667/680 4294/7666/680 4293/7644/670 4260/7643/669
f 4284/7668/681 4266/7669/681 4267/7670/681 4285/7671/681
f 4285/7671/682 4267/7670/682 4265/7638/664 4283/7637/663
f 4287/7663/678 4278/7662/677 4279/7672/683 4288/7673/683
f 4288/7673/684 4279/7672/684 4277/7674/684 4286/7675/684
f 4290/7676/685 4272/7677/685 4273/7678/685 4291/7679/685
f 4291/7679/686 4273/7678/686 4271/7616/654 4289/7615/653
f 4268/7619/657 4284/7620/658 4285/7680/687 4270/7653/671
f 4270/7653/671 4285/7680/687 4283/7599/642 4269/7598/641
f 4280/7639/665 4287/7640/666 4288/7681/688 4282/7655/672
f 4282/7655/672 4288/7681/688 4286/7603/645 4281/7602/644
f 4274/7641/667 4290/7642/668 4291/7682/689 4276/7656/673
f 4276/7656/673 4291/7682/689 4289/7607/648 4275/7606/647
f 4262/7617/655 4293/7618/656 4294/7683/690 4264/7657/674
f 4264/7657/674 4294/7683/690 4292/7611/651 4263/7610/650
f 4245/7652/215 4254/7630/215 4251/7648/215 4259/7684/215 4261/7685/215 4260/7686/215
f 4296/7687/366 4319/7688/475 4333/7689/476 4305/7690/369
f 4300/7691/477 4331/7692/478 4336/7693/479 4306/7694/480
f 4298/7695/374 4325/7696/481 4339/7697/482 4307/7698/377
f 4302/7699/483 4313/7700/484 4342/7701/485 4308/7702/486
f 4297/7703/382 4307/7704/382 4339/7705/487 4321/7706/488
f 4312/7707/489 4296/7687/366 4305/7690/369 4343/7708/490
f 4318/7709/491 4300/7691/477 4306/7694/480 4334/7710/492
f 4299/7711/493 4306/7712/493 4336/7713/494 4327/7714/494
f 4299/7715/215 4327/7716/215 4329/7717/215 4328/7718/215 4297/7719/215 4304/7720/215
f 4301/7721/495 4308/7722/495 4342/7723/496 4309/7724/496
f 4295/7725/219 4305/7726/219 4333/7727/497 4315/7728/498
f 4330/7729/499 4298/7695/374 4307/7698/377 4337/7730/500
f 4324/7731/501 4302/7699/483 4308/7702/486 4340/7732/502
f 4310/7733/691 4343/7734/504 4305/7726/219 4295/7725/219
f 4304/7720/215 4297/7719/215 4321/7735/215 4323/7736/215 4322/7737/215 4301/7738/215
f 4315/7739/215 4317/7740/215 4316/7741/215 4299/7715/215 4304/7720/215 4295/7742/215
f 4300/7691/477 4318/7709/491 4320/7743/505 4319/7688/475 4296/7687/366 4303/7744/229
f 4330/7729/499 4332/7745/506 4331/7692/478 4300/7691/477 4303/7744/229 4298/7695/374
f 4298/7695/374 4303/7744/229 4302/7699/483 4324/7731/501 4326/7746/507 4325/7696/481
f 4303/7744/229 4296/7687/366 4312/7707/489 4314/7747/508 4313/7700/484 4302/7699/483
f 4316/7748/509 4334/7749/509 4306/7712/493 4299/7711/493
f 4322/7750/510 4340/7751/510 4308/7722/495 4301/7721/495
f 4328/7752/511 4337/7753/512 4307/7704/382 4297/7703/382
f 4309/7724/692 4342/7723/692 4344/7754/692 4311/7755/692
f 4311/7756/693 4344/7757/693 4343/7734/504 4310/7733/691
f 4334/7749/515 4316/7748/515 4317/7758/515 4335/7759/515
f 4335/7760/516 4317/7761/516 4315/7728/498 4333/7727/497
f 4337/7753/512 4328/7752/511 4329/7762/517 4338/7763/517
f 4338/7764/518 4329/7765/518 4327/7714/518 4336/7713/518
f 4340/7751/694 4322/7750/694 4323/7766/694 4341/7767/694
f 4341/7768/695 4323/7769/695 4321/7706/488 4339/7705/487
f 4318/7709/491 4334/7710/492 4335/7770/521 4320/7743/505
f 4320/7743/505 4335/7770/521 4333/7689/476 4319/7688/475
f 4330/7729/499 4337/7730/500 4338/7771/522 4332/7745/506
f 4332/7745/506 4338/7771/522 4336/7693/479 4331/7692/478
f 4324/7731/501 4340/7732/502 4341/7772/523 4326/7746/507
f 4326/7746/507 4341/7772/523 4339/7697/482 4325/7696/481
f 4312/7707/489 4343/7708/490 4344/7773/524 4314/7747/508
f 4314/7747/508 4344/7773/524 4342/7701/485 4313/7700/484
f 4295/7742/215 4304/7720/215 4301/7738/215 4309/7774/215 4311/7775/215 4310/7776/215
f 4346/7777/366 4369/7778/696 4383/7779/697 4355/7780/369
f 4350/7781/698 4381/7782/699 4386/7783/700 4356/7784/701
f 4348/7785/374 4375/7786/702 4389/7787/703 4357/7788/377
f 4352/7789/704 4363/7790/705 4392/7791/706 4358/7792/707
f 4347/7793/382 4357/7794/382 4389/7795/708 4371/7796/709
f 4362/7797/710 4346/7777/366 4355/7780/369 4393/7798/711
f 4368/7799/712 4350/7781/698 4356/7784/701 4384/7800/713
f 4349/7801/714 4356/7802/714 4386/7803/715 4377/7804/715
f 4349/7805/215 4377/7806/215 4379/7807/215 4378/7808/215 4347/7809/215 4354/7810/215
f 4351/7811/716 4358/7812/716 4392/7813/717 4359/7814/717
f 4345/7815/219 4355/7816/219 4383/7817/718 4365/7818/719
f 4380/7819/720 4348/7785/374 4357/7788/377 4387/7820/721
f 4374/7821/722 4352/7789/704 4358/7792/707 4390/7822/723
f 4360/7823/724 4393/7824/725 4355/7816/219 4345/7815/219
f 4354/7810/215 4347/7809/215 4371/7825/215 4373/7826/215 4372/7827/215 4351/7828/215
f 4365/7829/215 4367/7830/215 4366/7831/215 4349/7805/215 4354/7810/215 4345/7832/215
f 4350/7781/698 4368/7799/712 4370/7833/726 4369/7778/696 4346/7777/366 4353/7834/229
f 4380/7819/720 4382/7835/727 4381/7782/699 4350/7781/698 4353/7834/229 4348/7785/374
f 4348/7785/374 4353/7834/229 4352/7789/704 4374/7821/722 4376/7836/728 4375/7786/702
f 4353/7834/229 4346/7777/366 4362/7797/710 4364/7837/729 4363/7790/705 4352/7789/704
f 4366/7838/730 4384/7839/730 4356/7802/714 4349/7801/714
f 4372/7840/731 4390/7841/731 4358/7812/716 4351/7811/716
f 4378/7842/732 4387/7843/733 4357/7794/382 4347/7793/382
f 4359/7814/734 4392/7813/734 4394/7844/734 4361/7845/734
f 4361/7846/735 4394/7847/735 4393/7824/725 4360/7823/724
f 4384/7839/736 4366/7838/736 4367/7848/736 4385/7849/736
f 4385/7850/737 4367/7851/737 4365/7818/719 4383/7817/718
f 4387/7843/733 4378/7842/732 4379/7852/738 4388/7853/738
f 4388/7853/739 4379/7852/739 4377/7854/739 4386/7855/739
f 4390/7856/740 4372/7857/740 4373/7858/740 4391/7859/740
f 4391/7859/741 4373/7858/741 4371/7796/709 4389/7795/708
f 4368/7799/712 4384/7800/713 4385/7860/742 4370/7833/726
f 4370/7833/726 4385/7860/742 4383/7779/697 4369/7778/696
f 4380/7819/720 4387/7820/721 4388/7861/743 4382/7835/727
f 4382/7835/727 4388/7861/743 4386/7783/700 4381/7782/699
f 4374/7821/722 4390/7822/723 4391/7862/744 4376/7836/728
f 4376/7836/728 4391/7862/744 4389/7787/703 4375/7786/702
f 4362/7797/710 4393/7798/711 4394/7863/745 4364/7837/729
f 4364/7837/729 4394/7863/745 4392/7791/706 4363/7790/705
f 4345/7832/215 4354/7810/215 4351/7828/215 4359/7864/215 4361/7865/215 4360/7866/215
f 4396/7867/366 4419/7868/746 4433/7869/747 4405/7870/369
f 4400/7871/748 4431/7872/749 4436/7873/750 4406/7874/751
f 4398/7875/374 4425/7876/752 4439/7877/753 4407/7878/377
f 4402/7879/754 4413/7880/755 4442/7881/756 4408/7882/757
f 4397/7883/382 4407/7884/382 4439/7885/758 4421/7886/759
f 4412/7887/760 4396/7867/366 4405/7870/369 4443/7888/761
f 4418/7889/762 4400/7871/748 4406/7874/751 4434/7890/763
f 4399/7891/764 4406/7892/764 4436/7893/765 4427/7894/766
f 4399/7895/215 4427/7896/215 4429/7897/215 4428/7898/215 4397/7899/215 4404/7900/215
f 4401/7901/767 4408/7902/767 4442/7903/768 4409/7904/769
f 4395/7905/219 4405/7906/219 4433/7907/770 4415/7908/771
f 4430/7909/772 4398/7875/374 4407/7878/377 4437/7910/773
f 4424/7911/774 4402/7879/754 4408/7882/757 4440/7912/775
f 4410/7913/776 4443/7914/777 4405/7906/219 4395/7905/219
f 4404/7900/215 4397/7899/215 4421/7915/215 4423/7916/215 4422/7917/215 4401/7918/215
f 4415/7919/215 4417/7920/215 4416/7921/215 4399/7895/215 4404/7900/215 4395/7922/215
f 4400/7871/748 4418/7889/762 4420/7923/778 4419/7868/746 4396/7867/366 4403/7924/229
f 4430/7909/772 4432/7925/779 4431/7872/749 4400/7871/748 4403/7924/229 4398/7875/374
f 4398/7875/374 4403/7924/229 4402/7879/754 4424/7911/774 4426/7926/780 4425/7876/752
f 4403/7924/229 4396/7867/366 4412/7887/760 4414/7927/781 4413/7880/755 4402/7879/754
f 4416/7928/782 4434/7929/783 4406/7892/764 4399/7891/764
f 4422/7930/784 4440/7931/785 4408/7902/767 4401/7901/767
f 4428/7932/786 4437/7933/787 4407/7884/382 4397/7883/382
f 4409/7904/769 4442/7903/768 4444/7934/788 4411/7935/788
f 4411/7936/789 4444/7937/789 4443/7914/777 4410/7913/776
f 4434/7929/783 4416/7928/782 4417/7938/790 4435/7939/790
f 4435/7940/791 4417/7941/791 4415/7908/771 4433/7907/770
f 4437/7933/787 4428/7932/786 4429/7942/792 4438/7943/792
f 4438/7944/793 4429/7945/793 4427/7894/766 4436/7893/765
f 4440/7931/785 4422/7930/784 4423/7946/794 4441/7947/794
f 4441/7948/795 4423/7949/795 4421/7886/759 4439/7885/758
f 4418/7889/762 4434/7890/763 4435/7950/796 4420/7923/778
f 4420/7923/778 4435/7950/796 4433/7869/747 4419/7868/746
f 4430/7909/772 4437/7910/773 4438/7951/797 4432/7925/779
f 4432/7925/779 4438/7951/797 4436/7873/750 4431/7872/749
f 4424/7911/774 4440/7912/775 4441/7952/798 4426/7926/780
f 4426/7926/780 4441/7952/798 4439/7877/753 4425/7876/752
f 4412/7887/760 4443/7888/761 4444/7953/799 4414/7927/781
f 4414/7927/781 4444/7953/799 4442/7881/756 4413/7880/755
f 4395/7922/215 4404/7900/215 4401/7918/215 4409/7954/215 4411/7955/215 4410/7956/215
