# 3ds Max Wavefront OBJ Exporter v0.97b - (c)2007 guruware
# File Created: 12.09.2015 16:38:53

mtllib 3d-symth1.mtl

#
# object Layer0_001
#

v  -5761.4155 447.0400 1748.1860
v  -5761.4155 447.0400 49.5364
v  -5574.6323 447.0400 49.5364
v  -5574.6323 447.0400 1157.0330
v  -5469.1284 447.0400 1748.1860
v  -5469.1284 447.0400 1157.0330
v  -4592.2690 447.0400 1748.1860
v  -4592.2690 447.0400 49.5364
v  -4405.4854 447.0400 49.5364
v  -4405.4854 447.0400 1157.0330
v  -4299.9819 447.0400 1748.1860
v  -4299.9819 447.0400 1157.0330
v  -4779.0522 447.0400 1157.0330
v  -4779.0522 447.0400 49.5364
v  -4884.5552 447.0400 1157.0330
v  -4884.5552 447.0400 1748.1860
v  -5428.4888 447.0400 1157.0330
v  -5428.4888 447.0400 49.5364
v  -5249.9136 447.0400 49.5364
v  -5249.9136 447.0400 1157.0330
v  -5176.8423 447.0400 1748.1860
v  -5176.8423 447.0400 1157.0330
v  -5103.7705 447.0400 1157.0330
v  -5103.7705 447.0400 49.5364
v  -4925.1953 447.0400 49.5364
v  -4925.1953 447.0400 1157.0330
v  -4259.3423 447.0400 1157.0330
v  -4259.3423 447.0400 49.5364
v  -4048.3350 447.0400 49.5364
v  -4048.3350 447.0400 1157.0330
v  -4007.6953 447.0400 1748.1860
v  -4007.6953 447.0400 1157.0330
v  -3902.1921 447.0400 1157.0330
v  -3902.1921 447.0400 49.5364
v  -3715.4084 447.0400 49.5364
v  -3715.4084 447.0400 1748.1860
v  -2733.0449 447.0400 1157.0330
v  -2733.0449 447.0400 49.5364
v  -2546.2617 447.0400 49.5364
v  -2546.2617 447.0400 1748.1860
v  -2838.5483 447.0400 1157.0330
v  -2838.5483 447.0400 1748.1860
v  -3057.7632 447.0400 1157.0330
v  -3057.7632 447.0400 49.5364
v  -2879.1880 447.0400 49.5364
v  -2879.1880 447.0400 1157.0330
v  -3130.8354 447.0400 1157.0330
v  -3130.8354 447.0400 1748.1860
v  -3528.6255 447.0400 1157.0330
v  -3423.1216 447.0400 1748.1860
v  -3528.6255 447.0400 49.5364
v  -3423.1216 447.0400 1157.0330
v  -1856.1846 447.0400 1157.0330
v  -1856.1846 447.0400 49.5364
v  -1669.4014 447.0400 49.5364
v  -1669.4014 447.0400 1748.1860
v  -1961.6880 447.0400 1748.1860
v  -1961.6880 447.0400 1157.0330
v  -3382.4819 447.0400 1157.0330
v  -3382.4819 447.0400 49.5364
v  -3203.9067 447.0400 49.5364
v  -3203.9067 447.0400 1157.0330
v  -2213.3350 447.0400 1157.0330
v  -2213.3350 447.0400 49.5364
v  -2002.3281 447.0400 49.5364
v  -2002.3281 447.0400 1157.0330
v  -2253.9746 447.0400 1748.1860
v  -2253.9746 447.0400 1157.0330
v  -2359.4785 447.0400 49.5364
v  -2359.4785 447.0400 1157.0330
v  -1336.4746 447.0400 1157.0330
v  -1336.4746 447.0400 49.5364
v  -1157.8999 447.0400 49.5364
v  -1157.8999 447.0400 1157.0330
v  -1084.8286 447.0400 1748.1860
v  -1377.1147 447.0400 1748.1860
v  -1377.1147 447.0400 1157.0330
v  -1084.8286 447.0400 1157.0330
v  -1011.7559 447.0400 1157.0330
v  -1011.7559 447.0400 49.5364
v  -833.1816 447.0400 49.5364
v  -833.1816 447.0400 1157.0330
v  -792.5415 447.0400 1748.1860
v  -792.5415 447.0400 1157.0330
v  -1482.6182 447.0400 1157.0330
v  -1482.6182 447.0400 49.5364
v  -687.0381 447.0400 1157.0330
v  -687.0381 447.0400 49.5364
v  -500.2549 447.0400 49.5364
v  -500.2549 447.0400 1748.1860
v  -6053.7021 447.0400 1748.1860
v  -6053.7021 447.0400 49.5364
v  -6035.8569 447.0400 49.5364
v  -6053.7021 273.4590 49.5364
v  -6053.7021 334.4190 1201.9838
v  7099.2002 334.4190 1201.9838
v  7099.2002 273.4590 49.5364
v  -6053.7021 375.0590 1201.9838
v  7099.2002 375.0590 1201.9838
v  7099.2002 426.7200 1748.1860
v  -6053.7021 426.7200 1748.1860
v  7099.2002 447.0400 1748.1860
v  -207.9678 447.0400 1748.1860
v  84.3188 447.0400 1748.1860
v  376.6055 447.0400 1748.1860
v  668.8926 447.0400 1748.1860
v  961.1797 447.0400 1748.1860
v  1253.4648 447.0400 1748.1860
v  1545.7520 447.0400 1748.1860
v  1838.0391 447.0400 1748.1860
v  2130.3262 447.0400 1748.1860
v  2422.6123 447.0400 1748.1860
v  2714.8994 447.0400 1748.1860
v  3007.1865 447.0400 1748.1860
v  3299.4727 447.0400 1748.1860
v  3591.7598 447.0400 1748.1860
v  3884.0459 447.0400 1748.1860
v  4176.3330 447.0400 1748.1860
v  4468.6191 447.0400 1748.1860
v  4760.9063 447.0400 1748.1860
v  5053.1934 447.0400 1748.1860
v  5345.4795 447.0400 1748.1860
v  5637.7656 447.0400 1748.1860
v  5930.0537 447.0400 1748.1860
v  6222.3398 447.0400 1748.1860
v  6514.6270 447.0400 1748.1860
v  6806.9131 447.0400 1748.1860
v  -313.4717 447.0400 1157.0330
v  -313.4717 447.0400 49.5364
v  -207.9678 447.0400 1157.0330
v  -167.3276 447.0400 1157.0330
v  -167.3276 447.0400 49.5364
v  43.6787 447.0400 49.5364
v  43.6787 447.0400 1157.0330
v  84.3188 447.0400 1157.0330
v  189.8223 447.0400 1157.0330
v  189.8223 447.0400 49.5364
v  376.6055 447.0400 49.5364
v  563.3887 447.0400 49.5364
v  563.3887 447.0400 1157.0330
v  668.8926 447.0400 1157.0330
v  709.5322 447.0400 1157.0330
v  709.5322 447.0400 49.5364
v  888.1074 447.0400 49.5364
v  888.1074 447.0400 1157.0330
v  961.1797 447.0400 1157.0330
v  1034.2510 447.0400 1157.0330
v  1034.2510 447.0400 49.5364
v  1212.8262 447.0400 49.5364
v  1212.8262 447.0400 1157.0330
v  1253.4648 447.0400 1157.0330
v  1358.9688 447.0400 1157.0330
v  1358.9688 447.0400 49.5364
v  1545.7520 447.0400 49.5364
v  1732.5361 447.0400 49.5364
v  1732.5361 447.0400 1157.0330
v  1838.0391 447.0400 1157.0330
v  1878.6787 447.0400 1157.0330
v  1878.6787 447.0400 49.5364
v  2089.6855 447.0400 49.5364
v  2089.6855 447.0400 1157.0330
v  2130.3262 447.0400 1157.0330
v  2422.6123 447.0400 49.5364
v  2609.3955 447.0400 49.5364
v  2609.3955 447.0400 1157.0330
v  2714.8994 447.0400 1157.0330
v  2235.8291 447.0400 1157.0330
v  2235.8291 447.0400 49.5364
v  2755.5391 447.0400 1157.0330
v  2755.5391 447.0400 49.5364
v  2934.1143 447.0400 49.5364
v  2934.1143 447.0400 1157.0330
v  3007.1865 447.0400 1157.0330
v  3080.2578 447.0400 1157.0330
v  3080.2578 447.0400 49.5364
v  3258.8330 447.0400 49.5364
v  3258.8330 447.0400 1157.0330
v  3299.4727 447.0400 1157.0330
v  3404.9756 447.0400 1157.0330
v  3404.9756 447.0400 49.5364
v  3591.7598 447.0400 49.5364
v  5970.6924 447.0400 1157.0330
v  5970.6924 447.0400 49.5364
v  6181.7002 447.0400 49.5364
v  6181.7002 447.0400 1157.0330
v  5930.0537 447.0400 1157.0330
v  6222.3398 447.0400 1157.0330
v  6847.5537 447.0400 1157.0330
v  6847.5537 447.0400 49.5364
v  7099.2002 447.0400 49.5364
v  6806.9131 447.0400 1157.0330
v  3778.5430 447.0400 49.5364
v  3778.5430 447.0400 1157.0330
v  3884.0459 447.0400 1157.0330
v  3924.6855 447.0400 1157.0330
v  3924.6855 447.0400 49.5364
v  4135.6924 447.0400 49.5364
v  4135.6924 447.0400 1157.0330
v  4176.3330 447.0400 1157.0330
v  4281.8359 447.0400 1157.0330
v  4281.8359 447.0400 49.5364
v  4468.6191 447.0400 49.5364
v  4655.4023 447.0400 49.5364
v  4655.4023 447.0400 1157.0330
v  4760.9063 447.0400 1157.0330
v  4801.5459 447.0400 1157.0330
v  4801.5459 447.0400 49.5364
v  4980.1211 447.0400 49.5364
v  4980.1211 447.0400 1157.0330
v  5053.1934 447.0400 1157.0330
v  5126.2646 447.0400 1157.0330
v  5126.2646 447.0400 49.5364
v  5304.8408 447.0400 49.5364
v  5304.8408 447.0400 1157.0330
v  5345.4795 447.0400 1157.0330
v  5450.9834 447.0400 1157.0330
v  5450.9834 447.0400 49.5364
v  5637.7656 447.0400 49.5364
v  5824.5498 447.0400 49.5364
v  5824.5498 447.0400 1157.0330
v  6327.8428 447.0400 1157.0330
v  6327.8428 447.0400 49.5364
v  6514.6270 447.0400 49.5364
v  6701.4092 447.0400 49.5364
v  6701.4092 447.0400 1157.0330
v  -5452.8726 609.6000 1092.0088
v  -5452.8726 609.6000 49.5364
v  -5550.2485 609.6000 1092.0088
v  -5550.2485 609.6000 49.5364
v  -4803.4360 609.6000 1092.0088
v  -4803.4360 609.6000 49.5364
v  -4900.8110 609.6000 1092.0088
v  -4900.8110 609.6000 49.5364
v  -5128.1543 609.6000 1092.0088
v  -5128.1543 609.6000 49.5364
v  -5225.5298 609.6000 1092.0088
v  -5225.5298 609.6000 49.5364
v  -4381.1011 609.6000 1092.0088
v  -4381.1011 609.6000 49.5364
v  -4283.7261 609.6000 1092.0088
v  -4283.7261 609.6000 49.5364
v  -3926.5759 609.6000 1092.0088
v  -3926.5759 609.6000 49.5364
v  -4023.9512 609.6000 1092.0088
v  -4023.9512 609.6000 49.5364
v  -1977.9443 609.6000 1092.0088
v  -1977.9443 609.6000 49.5364
v  -1880.5688 609.6000 49.5364
v  -1880.5688 609.6000 1092.0088
v  -3406.8657 609.6000 1092.0088
v  -3406.8657 609.6000 49.5364
v  -2854.8042 609.6000 1092.0088
v  -2854.8042 609.6000 49.5364
v  -3504.2412 609.6000 1092.0088
v  -3504.2412 609.6000 49.5364
v  -3179.5225 609.6000 1092.0088
v  -3179.5225 609.6000 49.5364
v  -3082.1475 609.6000 49.5364
v  -3082.1475 609.6000 1092.0088
v  -2757.4292 609.6000 1092.0088
v  -2757.4292 609.6000 49.5364
v  -2237.7188 609.6000 1092.0088
v  -2237.7188 609.6000 49.5364
v  -2335.0942 609.6000 1092.0088
v  -2335.0942 609.6000 49.5364
v  -808.7974 609.6000 1092.0088
v  -808.7974 609.6000 49.5364
v  -711.4219 609.6000 49.5364
v  -711.4219 609.6000 1092.0088
v  -1458.2344 609.6000 1092.0088
v  -1458.2344 609.6000 49.5364
v  -1360.8589 609.6000 49.5364
v  -1360.8589 609.6000 1092.0088
v  -1133.5161 609.6000 1092.0088
v  -1133.5161 609.6000 49.5364
v  -289.0869 609.6000 1092.0088
v  -289.0869 609.6000 49.5364
v  -191.7114 609.6000 49.5364
v  -191.7114 609.6000 1092.0088
v  -1036.1406 609.6000 49.5364
v  -1036.1406 609.6000 1092.0088
v  68.0625 609.6000 1092.0088
v  165.4380 609.6000 1092.0088
v  165.4380 609.6000 49.5364
v  68.0625 609.6000 49.5364
v  1334.5850 609.6000 1092.0088
v  1334.5850 609.6000 49.5364
v  1756.9199 609.6000 1092.0088
v  1756.9199 609.6000 49.5364
v  587.7725 609.6000 1092.0088
v  685.1484 609.6000 1092.0088
v  1237.2100 609.6000 1092.0088
v  1237.2100 609.6000 49.5364
v  685.1484 609.6000 49.5364
v  1854.2949 609.6000 1092.0088
v  1854.2949 609.6000 49.5364
v  1009.8672 609.6000 1092.0088
v  1009.8672 609.6000 49.5364
v  2211.4443 609.6000 1092.0088
v  2211.4443 609.6000 49.5364
v  2114.0703 609.6000 1092.0088
v  2114.0703 609.6000 49.5364
v  587.7725 609.6000 49.5364
v  912.4912 609.6000 1092.0088
v  912.4912 609.6000 49.5364
v  3283.2168 609.6000 1092.0088
v  3283.2168 609.6000 49.5364
v  3380.5918 609.6000 49.5364
v  3380.5918 609.6000 1092.0088
v  2958.4980 609.6000 1092.0088
v  3055.8740 609.6000 1092.0088
v  3055.8740 609.6000 49.5364
v  4257.4521 609.6000 1092.0088
v  4257.4521 609.6000 49.5364
v  2633.7803 609.6000 1092.0088
v  2731.1553 609.6000 1092.0088
v  2731.1553 609.6000 49.5364
v  2958.4980 609.6000 49.5364
v  2633.7803 609.6000 49.5364
v  3802.9268 609.6000 1092.0088
v  3802.9268 609.6000 49.5364
v  3900.3018 609.6000 1092.0088
v  3900.3018 609.6000 49.5364
v  4160.0771 609.6000 1092.0088
v  4160.0771 609.6000 49.5364
v  5426.5986 609.6000 1092.0088
v  5426.5986 609.6000 49.5364
v  4777.1621 609.6000 1092.0088
v  4777.1621 609.6000 49.5364
v  6303.4590 609.6000 1092.0088
v  6303.4590 609.6000 49.5364
v  5848.9346 609.6000 1092.0088
v  5848.9346 609.6000 49.5364
v  5101.8809 609.6000 1092.0088
v  5101.8809 609.6000 49.5364
v  4679.7871 609.6000 1092.0088
v  4679.7871 609.6000 49.5364
v  5329.2236 609.6000 1092.0088
v  5329.2236 609.6000 49.5364
v  5004.5049 609.6000 1092.0088
v  5004.5049 609.6000 49.5364
v  5946.3096 609.6000 1092.0088
v  5946.3096 609.6000 49.5364
v  6206.0830 609.6000 1092.0088
v  6206.0830 609.6000 49.5364
v  6823.1689 609.6000 1092.0088
v  6823.1689 609.6000 49.5364
v  6725.7939 609.6000 1092.0088
v  6725.7939 609.6000 49.5364
v  -6053.7021 0.0000 1589.5745
v  -6381.2969 0.0000 -1797.0564
v  7221.1201 0.0000 -1797.0564
v  7099.2002 0.0000 1589.5745
v  7099.2002 0.0000 1797.0564
v  7508.4209 0.0000 1797.0564
v  7768.9238 0.0000 -1797.0564
v  7574.4941 0.0000 1541.2932
v  7656.1387 0.0000 1019.3199
v  7699.4102 0.0000 574.3792
v  7762.3525 0.0000 -72.8074
v  7768.9238 0.0000 -397.8608
v  -6053.7021 0.0000 1797.0564
v  -7508.4209 0.0000 1797.0564
v  -7574.4941 0.0000 1541.2932
v  -7656.1387 0.0000 1019.3199
v  -7699.4111 0.0000 574.3792
v  -7762.3525 0.0000 -72.8074
v  -7768.9233 0.0000 -397.8608
v  -7768.9233 0.0000 -1797.0564
v  -6053.7021 251.4872 49.5364
v  -6053.7021 251.4872 1781.7327
v  7099.2002 251.4872 1781.7327
v  7099.2002 251.4872 49.5364
v  -7699.4111 667.1733 574.3792
v  -7762.3525 700.0962 -72.8074
v  7699.4102 667.1733 574.3792
v  7762.3525 700.0962 -72.8074
v  7221.1201 711.2000 -1553.2163
v  7768.9238 711.2000 -1553.2163
v  -7768.9233 711.2000 -397.8608
v  7656.1387 620.8893 1019.3199
v  7768.9238 711.2000 -397.8608
v  -7768.9233 711.2000 -1553.2163
v  -7508.4209 518.3997 1797.0564
v  -7574.4941 557.0943 1541.2932
v  -6053.7021 518.3997 1797.0564
v  -6053.7021 557.0943 1541.2932
v  -6053.7021 620.8893 1019.3199
v  -6053.7021 667.1733 574.3792
v  -6053.7021 693.8724 49.5364
v  7508.4209 518.3997 1797.0564
v  7099.2002 518.3997 1797.0564
v  7574.4941 557.0943 1541.2932
v  -7656.1387 620.8893 1019.3199
v  7099.2002 693.8724 49.5364
v  7099.2002 557.0943 1541.2932
v  7099.2002 620.8893 1019.3199
v  7099.2002 667.1733 574.3792
v  -7312.5127 386.0800 -1664.6860
v  -7316.4956 386.0800 -1642.7847
v  -7311.7207 386.0800 -1584.6301
v  -6873.5869 386.0800 -1664.6860
v  -7292.0576 386.0800 -1529.6929
v  -7258.8452 386.0800 -1481.7168
v  -7214.3472 386.0800 -1443.9712
v  -7161.5962 386.0800 -1419.0286
v  -7104.1875 386.0800 -1408.5889
v  -7046.0327 386.0800 -1413.3638
v  -6991.0952 386.0800 -1433.0271
v  -6943.1191 386.0800 -1466.2397
v  -6905.3735 386.0800 -1510.7373
v  -6880.4312 386.0800 -1563.4880
v  -6869.9917 386.0800 -1620.8970
v  -7161.5962 711.2000 -1419.0286
v  -7104.1875 711.2000 -1408.5889
v  -7214.3472 711.2000 -1443.9712
v  -7258.8452 711.2000 -1481.7168
v  -7292.0576 711.2000 -1529.6929
v  -7311.7207 619.5767 -1584.6301
v  -7316.4956 449.9586 -1642.7847
v  -6869.9917 513.7979 -1620.8970
v  -6880.4312 681.2406 -1563.4880
v  -6905.3735 711.2000 -1510.7373
v  -6885.2881 711.2000 -1553.2163
v  -6943.1191 711.2000 -1466.2397
v  -6991.0952 711.2000 -1433.0271
v  -7046.0327 711.2000 -1413.3638
v  -7300.4771 711.2000 -1553.2163
v  -6381.2969 711.2000 -1553.2163
v  -7083.8184 615.6606 788.0610
v  -7083.8184 635.9604 837.0690
v  -6575.8184 635.9604 837.0690
v  -6575.8184 615.6606 788.0610
v  -7083.8184 583.3683 745.9768
v  -6575.8184 583.3683 745.9768
v  -6779.0186 639.9635 867.4753
v  -6779.0186 642.8843 889.6610
v  -6575.8184 642.8843 889.6610
v  -6880.6187 639.9635 867.4753
v  -6880.6187 642.8843 889.6610
v  -7083.8184 642.8843 889.6610
v  -6575.8184 541.2843 713.6847
v  -7083.8184 541.2843 713.6847
v  -7083.8184 640.3472 908.9323
v  -7083.8184 635.9604 942.2531
v  -6880.6187 635.9604 942.2531
v  -7083.8184 615.6606 991.2610
v  -7083.8184 583.3683 1033.3452
v  -6575.8184 583.3683 1033.3452
v  -6575.8184 615.6606 991.2610
v  -7083.8184 541.2843 1065.6375
v  -6575.8184 541.2843 1065.6375
v  -7083.8184 497.9482 1083.5878
v  -6575.8184 493.0177 1085.6301
v  -6575.8184 529.1456 708.6566
v  -6575.8184 635.9604 942.2531
v  -6575.8184 640.3472 908.9323
v  -7083.8184 533.6997 710.5430
v  -6880.6187 802.9071 882.5163
v  -6779.0186 802.9071 882.5163
v  -6779.0186 802.9071 935.3483
v  -6779.0186 632.2972 951.0970
v  -6779.0186 635.9604 942.2531
v  -6880.6187 802.9071 935.3483
v  -6880.6187 632.2972 951.0970
v  7221.1201 711.2000 -397.8608
v  7221.1201 700.0962 -72.8074
v  7221.1201 693.8724 49.5364
v  -7390.0063 631.2757 919.4720
v  -7390.5845 632.4010 908.6541
v  -7388.2676 630.1633 930.1662
v  -7385.3872 629.0765 940.6136
v  -7381.3994 628.0279 950.6944
v  -7376.3496 627.0295 960.2925
v  -7370.2954 626.0927 969.2979
v  -7307.2856 620.8893 1019.3199
v  -7389.9951 633.5263 897.8365
v  -7388.2451 634.6385 887.1439
v  -7385.3540 635.7251 876.6989
v  -7381.3555 636.7734 866.6217
v  -7376.2954 637.7714 857.0280
v  -7370.2319 638.7075 848.0282
v  -7294.7988 644.9249 788.2593
v  -7212.5942 650.1429 738.0969
v  -7124.8481 654.2836 698.2914
v  -7032.8735 657.2850 669.4381
v  -6938.0459 659.1022 651.9690
v  -6841.7842 659.7080 646.1451
v  -6745.5283 659.0933 652.0540
v  -6650.7192 657.2675 669.6067
v  -6558.7744 654.2576 698.5411
v  -6471.0698 650.1088 738.4241
v  -6388.9175 644.8832 788.6591
v  -6313.5469 638.6590 848.4943
v  -6307.4927 637.7222 857.4996
v  -6302.4429 636.7239 867.0978
v  -6298.4551 635.6752 877.1785
v  -6295.5747 634.5884 887.6260
v  -6293.8354 633.4760 898.3202
v  -6293.2573 632.3507 909.1381
v  -6293.8472 631.2254 919.9556
v  -6295.5972 630.1131 930.6483
v  -6298.4883 629.0266 941.0931
v  -6302.4868 627.9784 951.1703
v  -6307.5469 626.9804 960.7640
v  -6313.6099 626.0442 969.7640
v  -6376.1538 620.8893 1019.3199
v  -7294.9263 619.6920 1029.1162
v  -7212.7827 613.5629 1079.2645
v  -7125.0845 608.6968 1119.0787
v  -7033.1445 605.1666 1147.9633
v  -6938.3384 603.0250 1165.4858
v  -6842.0835 602.3041 1171.3844
v  -6745.8208 603.0146 1165.5706
v  -6650.9902 605.1461 1148.1316
v  -6559.0107 608.6664 1119.3281
v  -6471.2578 613.5229 1079.5911
v  -6389.0449 619.6432 1029.5151
v  -7325.4609 681.4218 294.2882
v  -7122.2612 681.4218 294.2882
v  -7109.5215 681.5453 291.8586
v  -6906.3218 681.5453 291.8586
v  -6906.3218 685.6747 210.6837
v  -6381.2969 693.8724 49.5364
v  -6381.2969 700.0962 -72.8074
v  -7109.5215 685.6747 210.6837
v  -7122.2612 685.5511 213.1130
v  -7325.4609 685.5511 213.1130
v  -6381.2969 711.2000 -397.8608
v  -7459.2773 711.2000 -489.7739
v  -6707.4375 711.2000 -489.7739
v  -6707.4375 711.2000 -1119.6938
v  -7459.2773 711.2000 -1119.6938
v  -7325.4609 705.8449 214.1455
v  -7325.4609 701.7155 295.3204
v  -7122.2612 701.7155 295.3204
v  -7122.2612 705.8449 214.1455
v  -7109.5215 705.9685 211.7159
v  -7109.5215 701.8391 292.8911
v  -6906.3218 701.8391 292.8911
v  -6906.3218 705.9685 211.7159
v  -6707.4375 670.5600 -489.7739
v  -7459.2773 670.5600 -489.7739
v  -817.9038 371.0533 -1669.8381
v  -1028.8018 363.0346 -1672.5872
v  -1016.8589 371.7033 -1669.6152
v  -827.8535 372.2924 -1669.4133
v  -1007.6953 383.0005 -1665.7419
v  -837.1250 375.9253 -1668.1677
v  -845.0874 381.7044 -1666.1865
v  -851.1963 389.2359 -1663.6040
v  -1001.9341 396.1564 -1661.2312
v  -855.0371 398.0065 -1660.5969
v  -999.9692 410.2744 -1656.3909
v  -856.3472 407.4185 -1657.3699
v  -855.0371 416.8305 -1654.1431
v  -1001.9341 424.3925 -1651.5505
v  -851.1963 425.6011 -1651.1357
v  -1007.6953 437.5483 -1647.0400
v  -845.0874 433.1326 -1648.5537
v  -837.1250 438.9117 -1646.5725
v  -1016.8589 448.8456 -1643.1665
v  -827.8535 442.5446 -1645.3269
v  -817.9038 443.7837 -1644.9021
v  -684.2744 456.6978 -1640.4744
v  -807.9536 442.5446 -1645.3269
v  -798.6816 438.9117 -1646.5725
v  -790.7202 433.1326 -1648.5537
v  -784.6108 425.6011 -1651.1357
v  -684.2744 418.2546 -1653.6545
v  -780.7700 416.8305 -1654.1431
v  -562.3540 418.2546 -1653.6545
v  -779.4604 407.4185 -1657.3699
v  -780.7700 398.0065 -1660.5969
v  -784.6108 389.2359 -1663.6040
v  -790.7202 381.7044 -1666.1865
v  -798.6816 375.9253 -1668.1677
v  -807.9536 372.2924 -1669.4133
v  -1042.7095 357.5853 -1674.4556
v  -1057.6348 355.7266 -1675.0928
v  -3085.9321 308.2879 -1691.3577
v  -5840.7979 307.1459 -1691.7493
v  -6347.6797 340.2570 -1680.3967
v  -6347.6797 455.5868 -1640.8550
v  -6083.5200 455.5868 -1640.8550
v  -5474.1343 455.6849 -1640.8218
v  -5460.2261 461.1342 -1638.9531
v  -5445.3018 462.9930 -1638.3159
v  -3996.6433 463.5730 -1638.1172
v  -1057.6348 464.8223 -1637.6885
v  -1042.7095 462.9636 -1638.3262
v  -1028.8018 457.5143 -1640.1941
v  -562.3540 456.6978 -1640.4744
v  -623.3140 456.6978 -1640.4744
v  -1072.5596 462.9636 -1638.3262
v  -1329.8535 462.1833 -1638.5935
v  -3981.7185 461.7144 -1638.7544
v  -1344.7783 460.3246 -1639.2307
v  -1690.5908 459.6262 -1639.4702
v  -2320.5112 459.6262 -1639.4702
v  -3967.8108 456.2650 -1640.6226
v  -3360.5771 456.1255 -1640.6707
v  -3085.9321 453.7488 -1641.4851
v  -3066.0327 451.2707 -1642.3352
v  -3047.4888 444.0048 -1644.8262
v  -3031.5654 432.4466 -1648.7891
v  -3019.3467 417.3836 -1653.9534
v  -3011.6655 399.8424 -1659.9675
v  -2296.1270 382.7397 -1665.8313
v  -3009.0459 381.0184 -1666.4214
v  -1714.9751 382.7397 -1665.8313
v  -1379.7930 380.3615 -1666.6470
v  -1370.6294 369.0643 -1670.5198
v  -3011.6655 362.1944 -1672.8755
v  -1358.6860 360.3957 -1673.4922
v  -1344.7783 354.9463 -1675.3606
v  -1329.8535 353.0876 -1675.9978
v  -3019.3467 344.6532 -1678.8894
v  -3031.5654 329.5902 -1684.0540
v  -3047.4888 318.0320 -1688.0168
v  -3066.0327 310.7662 -1690.5078
v  -1314.9292 354.9463 -1675.3606
v  -1301.0215 360.3957 -1673.4922
v  -1072.5596 357.5853 -1674.4556
v  -1086.4673 363.0346 -1672.5872
v  -1289.0786 369.0643 -1670.5198
v  -1098.4097 371.7033 -1669.6152
v  -1279.9146 380.3615 -1666.6470
v  -1107.5737 383.0005 -1665.7419
v  -1274.1538 393.5175 -1662.1362
v  -1113.3345 396.1564 -1661.2312
v  -1272.1890 407.6355 -1657.2954
v  -1115.2993 410.2744 -1656.3909
v  -1274.1538 421.7535 -1652.4551
v  -1113.3345 424.3925 -1651.5505
v  -1279.9146 434.9094 -1647.9446
v  -1107.5737 437.5483 -1647.0400
v  -1289.0786 446.2066 -1644.0710
v  -1098.4097 448.8456 -1643.1665
v  -1301.0215 454.8753 -1641.0991
v  -1086.4673 457.5143 -1640.1941
v  -1314.9292 460.3246 -1639.2307
v  -1385.5537 393.5175 -1662.1362
v  -1387.5190 407.6355 -1657.2954
v  -1385.5537 421.7535 -1652.4551
v  -1379.7930 434.9094 -1647.9446
v  -1370.6294 446.2066 -1644.0710
v  -1358.6860 454.8753 -1641.0991
v  -3340.6772 453.6473 -1641.5200
v  -3105.8315 451.2707 -1642.3352
v  -3322.1338 446.3815 -1644.0115
v  -3124.3755 444.0048 -1644.8262
v  -3306.2100 434.8233 -1647.9739
v  -3140.2988 432.4466 -1648.7891
v  -3293.9912 419.7603 -1653.1384
v  -3152.5176 417.3836 -1653.9534
v  -3286.3101 402.2191 -1659.1528
v  -3160.1987 399.8424 -1659.9675
v  -3283.6904 383.3951 -1665.6067
v  -3162.8184 381.0184 -1666.4214
v  -3286.3101 364.5710 -1672.0605
v  -3160.1987 362.1944 -1672.8755
v  -3293.9912 347.0298 -1678.0750
v  -3152.5176 344.6532 -1678.8894
v  -3306.2100 331.9669 -1683.2393
v  -3140.2988 329.5902 -1684.0540
v  -3322.1338 320.4086 -1687.2019
v  -3124.3755 318.0320 -1688.0168
v  -3340.6772 313.1428 -1689.6931
v  -3105.8315 310.7662 -1690.5078
v  -3360.5771 310.6646 -1690.5427
v  -3621.4629 308.6700 -1691.2268
v  -5820.8979 309.6241 -1690.8997
v  -3641.3623 311.1483 -1690.3767
v  -5802.3545 316.8899 -1688.4082
v  -3659.9060 318.4141 -1687.8860
v  -5786.4312 328.4482 -1684.4453
v  -3675.8296 329.9723 -1683.9229
v  -5774.2124 343.5111 -1679.2810
v  -3688.0486 345.0352 -1678.7585
v  -5239.8354 352.5147 -1676.1943
v  -5445.3018 353.8972 -1675.7202
v  -5766.5313 361.0523 -1673.2671
v  -5460.2261 355.7559 -1675.0828
v  -5474.1343 361.2053 -1673.2146
v  -5763.9111 379.8764 -1666.8132
v  -5486.0767 369.8740 -1670.2424
v  -5495.2407 381.1712 -1666.3689
v  -5766.5313 398.7004 -1660.3594
v  -5501.0015 394.3271 -1661.8584
v  -5502.9663 408.4451 -1657.0181
v  -5774.2124 416.2416 -1654.3450
v  -5501.0015 422.5631 -1652.1775
v  -5786.4312 431.3046 -1649.1804
v  -5495.2407 435.7190 -1647.6670
v  -5802.3545 442.8628 -1645.2175
v  -5486.0767 447.0163 -1643.7937
v  -5820.8979 450.1286 -1642.7266
v  -5840.7979 452.6068 -1641.8770
v  -5860.6978 450.1286 -1642.7266
v  -5879.2412 442.8628 -1645.2175
v  -5895.1646 431.3046 -1649.1804
v  -5907.3833 416.2416 -1654.3450
v  -5915.0645 398.7004 -1660.3594
v  -5917.6841 379.8764 -1666.8132
v  -5915.0645 361.0523 -1673.2671
v  -5907.3833 343.5111 -1679.2810
v  -6083.5200 340.2570 -1680.3967
v  -5895.1646 328.4482 -1684.4453
v  -5879.2412 316.8899 -1688.4082
v  -5860.6978 309.6241 -1690.8997
v  -5254.7603 354.3734 -1675.5569
v  -5430.3765 355.7559 -1675.0828
v  -5268.6680 359.8228 -1673.6887
v  -5416.4692 361.2053 -1673.2146
v  -5280.6108 368.4914 -1670.7163
v  -5404.5264 369.8740 -1670.2424
v  -5289.7749 379.7886 -1666.8430
v  -5395.3628 381.1712 -1666.3689
v  -5295.5356 392.9445 -1662.3323
v  -5389.6016 394.3271 -1661.8584
v  -5297.5005 407.0626 -1657.4919
v  -5387.6367 408.4451 -1657.0181
v  -5295.5356 421.1806 -1652.6516
v  -5389.6016 422.5631 -1652.1775
v  -5289.7749 434.3365 -1648.1411
v  -5395.3628 435.7190 -1647.6670
v  -5280.6108 445.6337 -1644.2676
v  -5404.5264 447.0163 -1643.7937
v  -5268.6680 454.3024 -1641.2957
v  -5416.4692 455.6849 -1640.8218
v  -5254.7603 459.7517 -1639.4272
v  -5430.3765 461.1342 -1638.9531
v  -5239.8354 461.6104 -1638.7900
v  -4948.0493 462.7424 -1638.4016
v  -4728.7251 461.8558 -1638.7058
v  -4011.5684 461.7144 -1638.7544
v  -4514.0054 460.9054 -1639.0315
v  -4713.8003 459.9972 -1639.3430
v  -4528.9297 459.0467 -1639.6689
v  -4699.8931 454.5478 -1641.2117
v  -4542.8374 453.5974 -1641.5371
v  -4687.9497 445.8791 -1644.1836
v  -4554.7803 444.9286 -1644.5095
v  -4678.7856 434.5819 -1648.0569
v  -4563.9443 433.6314 -1648.3828
v  -4673.0249 421.4260 -1652.5674
v  -4569.7051 420.4755 -1652.8936
v  -4671.0601 407.3080 -1657.4080
v  -4571.6699 406.3575 -1657.7339
v  -4673.0249 393.1899 -1662.2483
v  -4569.7051 392.2395 -1662.5742
v  -4678.7856 380.0341 -1666.7588
v  -4563.9443 379.0836 -1667.0847
v  -4687.9497 368.7368 -1670.6323
v  -4554.7803 367.7864 -1670.9583
v  -4699.8931 360.0681 -1673.6045
v  -4542.8374 359.1177 -1673.9302
v  -4713.8003 354.6188 -1675.4727
v  -4528.9297 353.6684 -1675.7986
v  -4728.7251 352.7601 -1676.1099
v  -4514.0054 351.8097 -1676.4358
v  -4289.8677 351.6351 -1676.4958
v  -4304.7930 353.4938 -1675.8584
v  -4499.0806 353.6684 -1675.7986
v  -4318.7007 358.9431 -1673.9902
v  -4485.1724 359.1177 -1673.9302
v  -4330.6431 367.6118 -1671.0178
v  -4473.2300 367.7864 -1670.9583
v  -4339.8071 378.9090 -1667.1448
v  -4464.0659 379.0836 -1667.0847
v  -4345.5679 392.0649 -1662.6340
v  -4458.3052 392.2395 -1662.5742
v  -4347.5327 406.1830 -1657.7935
v  -4456.3403 406.3575 -1657.7339
v  -4345.5679 420.3010 -1652.9531
v  -4458.3052 420.4755 -1652.8936
v  -4339.8071 433.4569 -1648.4426
v  -4464.0659 433.6314 -1648.3828
v  -4330.6431 444.7541 -1644.5691
v  -4473.2300 444.9286 -1644.5095
v  -4318.7007 453.4228 -1641.5972
v  -4485.1724 453.5974 -1641.5371
v  -4304.7930 458.8721 -1639.7288
v  -4499.0806 459.0467 -1639.6689
v  -4289.8677 460.7308 -1639.0916
v  -4274.9434 458.8721 -1639.7288
v  -4025.4761 456.2650 -1640.6226
v  -4261.0356 453.4228 -1641.5972
v  -4037.4187 447.5963 -1643.5947
v  -4249.0933 444.7541 -1644.5691
v  -4046.5828 436.2991 -1647.4683
v  -4239.9287 433.4569 -1648.4426
v  -4052.3433 423.1432 -1651.9788
v  -4234.1685 420.3010 -1652.9531
v  -4054.3083 409.0252 -1656.8191
v  -4232.2036 406.1830 -1657.7935
v  -4052.3433 394.9071 -1661.6597
v  -4234.1685 392.0649 -1662.6340
v  -4046.5828 381.7512 -1666.1702
v  -4239.9287 378.9090 -1667.1448
v  -4037.4187 370.4540 -1670.0435
v  -4249.0933 367.6118 -1671.0178
v  -4025.4761 361.7853 -1673.0159
v  -4261.0356 358.9431 -1673.9902
v  -4011.5684 356.3360 -1674.8840
v  -3996.6433 354.4773 -1675.5212
v  -4274.9434 353.4938 -1675.8584
v  -3695.7295 362.5764 -1672.7446
v  -3981.7185 356.3360 -1674.8840
v  -3967.8108 361.7853 -1673.0159
v  -3955.8682 370.4540 -1670.0435
v  -3698.3491 381.4005 -1666.2903
v  -3946.7041 381.7512 -1666.1702
v  -3695.7295 400.2245 -1659.8364
v  -3940.9436 394.9071 -1661.6597
v  -3938.9785 409.0252 -1656.8191
v  -3688.0486 417.7657 -1653.8225
v  -3940.9436 423.1432 -1651.9788
v  -3675.8296 432.8287 -1648.6580
v  -3946.7041 436.2991 -1647.4683
v  -3659.9060 444.3869 -1644.6951
v  -3955.8682 447.5963 -1643.5947
v  -3641.3623 451.6527 -1642.2041
v  -3621.4629 454.1310 -1641.3542
v  -3380.4766 453.6473 -1641.5200
v  -3601.5630 451.6527 -1642.2041
v  -3399.0205 446.3815 -1644.0115
v  -3583.0195 444.3869 -1644.6951
v  -3414.9438 434.8233 -1647.9739
v  -3567.0957 432.8287 -1648.6580
v  -3427.1626 419.7603 -1653.1384
v  -3554.8770 417.7657 -1653.8225
v  -3434.8438 402.2191 -1659.1528
v  -3547.1963 400.2245 -1659.8364
v  -3437.4634 383.3951 -1665.6067
v  -3544.5762 381.4005 -1666.2903
v  -3434.8438 364.5710 -1672.0605
v  -3547.1963 362.5764 -1672.7446
v  -3427.1626 347.0298 -1678.0750
v  -3554.8770 345.0352 -1678.7585
v  -3414.9438 331.9669 -1683.2393
v  -3567.0957 329.9723 -1683.9229
v  -3399.0205 320.4086 -1687.2019
v  -3583.0195 318.4141 -1687.8860
v  -3380.4766 313.1428 -1689.6931
v  -3601.5630 311.1483 -1690.3767
v  -5224.9106 354.3734 -1675.5569
v  -4948.0493 353.6468 -1675.8059
v  -4962.9741 355.5054 -1675.1687
v  -5211.0029 359.8228 -1673.6887
v  -4976.8823 360.9548 -1673.3003
v  -5199.0601 368.4914 -1670.7163
v  -4988.8247 369.6235 -1670.3284
v  -5189.8960 379.7886 -1666.8430
v  -4997.9888 380.9207 -1666.4551
v  -5184.1353 392.9445 -1662.3323
v  -5003.7495 394.0766 -1661.9443
v  -5182.1704 407.0626 -1657.4919
v  -5005.7144 408.1946 -1657.1040
v  -5184.1353 421.1806 -1652.6516
v  -5003.7495 422.3126 -1652.2637
v  -5189.8960 434.3365 -1648.1411
v  -4997.9888 435.4685 -1647.7532
v  -5199.0601 445.6337 -1644.2676
v  -4988.8247 446.7657 -1643.8796
v  -5211.0029 454.3024 -1641.2957
v  -4976.8823 455.4344 -1640.9072
v  -5224.9106 459.7517 -1639.4272
v  -4962.9741 460.8838 -1639.0393
v  -4743.6499 354.6188 -1675.4727
v  -4933.1245 355.5054 -1675.1687
v  -4757.5571 360.0681 -1673.6045
v  -4919.2173 360.9548 -1673.3003
v  -4769.5005 368.7368 -1670.6323
v  -4907.2739 369.6235 -1670.3284
v  -4778.6646 380.0341 -1666.7588
v  -4898.1104 380.9207 -1666.4551
v  -4784.4253 393.1899 -1662.2483
v  -4892.3496 394.0766 -1661.9443
v  -4786.3901 407.3080 -1657.4080
v  -4890.3843 408.1946 -1657.1040
v  -4784.4253 421.4260 -1652.5674
v  -4892.3496 422.3126 -1652.2637
v  -4778.6646 434.5819 -1648.0569
v  -4898.1104 435.4685 -1647.7532
v  -4769.5005 445.8791 -1644.1836
v  -4907.2739 446.7657 -1643.8796
v  -4757.5571 454.5478 -1641.2117
v  -4919.2173 455.4344 -1640.9072
v  -4743.6499 459.9972 -1639.3430
v  -4933.1245 460.8838 -1639.0393
v  -623.3140 418.2546 -1653.6545
v  -562.3540 411.6644 -1634.4333
v  -623.3140 411.6644 -1634.4333
v  -623.3140 450.1076 -1621.2527
v  -562.3540 450.1076 -1621.2527
v  -807.9536 365.7021 -1650.1917
v  -817.9038 364.4630 -1650.6165
v  -827.8535 365.7021 -1650.1917
v  -837.1250 369.3350 -1648.9460
v  -798.6816 369.3350 -1648.9460
v  -845.0874 375.1141 -1646.9648
v  -790.7202 375.1141 -1646.9648
v  -851.1963 382.6456 -1644.3823
v  -784.6108 382.6456 -1644.3823
v  -855.0371 391.4162 -1641.3755
v  -780.7700 391.4162 -1641.3755
v  -856.3472 400.8282 -1638.1482
v  -779.4604 400.8282 -1638.1482
v  -855.0371 410.2403 -1634.9214
v  -780.7700 410.2403 -1634.9214
v  -851.1963 419.0109 -1631.9146
v  -784.6108 419.0109 -1631.9146
v  -845.0874 426.5423 -1629.3320
v  -790.7202 426.5423 -1629.3320
v  -837.1250 432.3214 -1627.3508
v  -798.6816 432.3214 -1627.3508
v  -827.8535 435.9543 -1626.1052
v  -807.9536 435.9543 -1626.1052
v  -817.9038 437.1935 -1625.6804
v  -1042.7095 350.9950 -1655.2339
v  -1057.6348 349.1363 -1655.8711
v  -1072.5596 350.9950 -1655.2339
v  -1086.4673 356.4443 -1653.3660
v  -1028.8018 356.4443 -1653.3660
v  -1098.4097 365.1130 -1650.3936
v  -1016.8589 365.1130 -1650.3936
v  -1107.5737 376.4102 -1646.5203
v  -1007.6953 376.4102 -1646.5203
v  -1113.3345 389.5661 -1642.0095
v  -1001.9341 389.5661 -1642.0095
v  -1115.2993 403.6842 -1637.1692
v  -999.9692 403.6842 -1637.1692
v  -1113.3345 417.8022 -1632.3289
v  -1001.9341 417.8022 -1632.3289
v  -1107.5737 430.9581 -1627.8181
v  -1007.6953 430.9581 -1627.8181
v  -1098.4097 442.2553 -1623.9448
v  -1016.8589 442.2553 -1623.9448
v  -1086.4673 450.9240 -1620.9729
v  -1028.8018 450.9240 -1620.9729
v  -1072.5596 456.3734 -1619.1045
v  -1042.7095 456.3734 -1619.1045
v  -1057.6348 458.2320 -1618.4673
v  -1314.9292 348.3560 -1656.1389
v  -1329.8535 346.4973 -1656.7761
v  -1344.7783 348.3560 -1656.1389
v  -1358.6860 353.8054 -1654.2705
v  -1301.0215 353.8054 -1654.2705
v  -1370.6294 362.4740 -1651.2986
v  -1289.0786 362.4740 -1651.2986
v  -1379.7930 373.7713 -1647.4250
v  -1279.9146 373.7713 -1647.4250
v  -1385.5537 386.9272 -1642.9146
v  -1274.1538 386.9272 -1642.9146
v  -1387.5190 401.0452 -1638.0742
v  -1272.1890 401.0452 -1638.0742
v  -1385.5537 415.1632 -1633.2334
v  -1274.1538 415.1632 -1633.2334
v  -1379.7930 428.3191 -1628.7229
v  -1279.9146 428.3191 -1628.7229
v  -1370.6294 439.6163 -1624.8499
v  -1289.0786 439.6163 -1624.8499
v  -1358.6860 448.2850 -1621.8774
v  -1301.0215 448.2850 -1621.8774
v  -1344.7783 453.7344 -1620.0090
v  -1314.9292 453.7344 -1620.0090
v  -1329.8535 455.5931 -1619.3718
v  -3604.1089 312.2289 -1664.2292
v  -3621.4629 310.0677 -1664.9702
v  -3638.8164 312.2289 -1664.2292
v  -3654.9871 318.5650 -1662.0569
v  -3587.9385 318.5650 -1662.0569
v  -3668.8733 328.6443 -1658.6008
v  -3574.0518 328.6443 -1658.6008
v  -3679.5286 341.7799 -1654.0972
v  -3563.3970 341.7799 -1654.0972
v  -3686.2268 357.0767 -1648.8525
v  -3556.6987 357.0767 -1648.8525
v  -3688.5112 373.4922 -1643.2246
v  -3554.4141 373.4922 -1643.2246
v  -3686.2268 389.9076 -1637.5962
v  -3556.6987 389.9076 -1637.5962
v  -3679.5286 405.2044 -1632.3516
v  -3563.3970 405.2044 -1632.3516
v  -3668.8733 418.3401 -1627.8481
v  -3574.0518 418.3401 -1627.8481
v  -3654.9871 428.4194 -1624.3926
v  -3587.9385 428.4194 -1624.3926
v  -3638.8164 434.7555 -1622.2202
v  -3604.1089 434.7555 -1622.2202
v  -3621.4629 436.9166 -1621.4790
v  -3343.2236 314.2234 -1663.5452
v  -3360.5771 312.0623 -1664.2861
v  -3377.9307 314.2234 -1663.5452
v  -3394.1016 320.5595 -1661.3728
v  -3327.0527 320.5595 -1661.3728
v  -3407.9878 330.6389 -1657.9172
v  -3313.1665 330.6389 -1657.9172
v  -3418.6431 343.7745 -1653.4136
v  -3302.5112 343.7745 -1653.4136
v  -3425.3413 359.0713 -1648.1689
v  -3295.8130 359.0713 -1648.1689
v  -3427.6255 375.4868 -1642.5405
v  -3293.5283 375.4868 -1642.5405
v  -3425.3413 391.9022 -1636.9126
v  -3295.8130 391.9022 -1636.9126
v  -3418.6431 407.1990 -1631.6680
v  -3302.5112 407.1990 -1631.6680
v  -3407.9878 420.3346 -1627.1643
v  -3313.1665 420.3346 -1627.1643
v  -3394.1016 430.4139 -1623.7085
v  -3327.0527 430.4139 -1623.7085
v  -3377.9307 436.7501 -1621.5361
v  -3343.2236 436.7501 -1621.5361
v  -3360.5771 438.9112 -1620.7949
v  -3068.5786 311.8467 -1664.3601
v  -3085.9321 309.6856 -1665.1013
v  -3103.2856 311.8467 -1664.3601
v  -3119.4565 318.1829 -1662.1877
v  -3052.4077 318.1829 -1662.1877
v  -3133.3428 328.2622 -1658.7319
v  -3038.5215 328.2622 -1658.7319
v  -3143.9980 341.3979 -1654.2283
v  -3027.8662 341.3979 -1654.2283
v  -3150.6963 356.6946 -1648.9836
v  -3021.1680 356.6946 -1648.9836
v  -3152.9810 373.1101 -1643.3557
v  -3018.8838 373.1101 -1643.3557
v  -3150.6963 389.5255 -1637.7273
v  -3021.1680 389.5255 -1637.7273
v  -3143.9980 404.8223 -1632.4827
v  -3027.8662 404.8223 -1632.4827
v  -3133.3428 417.9579 -1627.9790
v  -3038.5215 417.9579 -1627.9790
v  -3119.4565 428.0373 -1624.5234
v  -3052.4077 428.0373 -1624.5234
v  -3103.2856 434.3734 -1622.3511
v  -3068.5786 434.3734 -1622.3511
v  -3085.9321 436.5345 -1621.6101
v  -3601.5630 297.9677 -1651.9338
v  -3621.4629 295.4895 -1652.7834
v  -3641.3623 297.9677 -1651.9338
v  -3659.9060 305.2336 -1649.4424
v  -3621.4629 304.7955 -1649.5928
v  -3638.8164 306.9566 -1648.8518
v  -3675.8296 316.7917 -1645.4800
v  -3654.9871 313.2928 -1646.6794
v  -3668.8733 323.3721 -1643.2234
v  -3688.0486 331.8547 -1640.3152
v  -3679.5286 336.5077 -1638.7200
v  -3695.7295 349.3959 -1634.3013
v  -3686.2268 351.8045 -1633.4753
v  -3698.3491 368.2200 -1627.8474
v  -3688.5112 368.2200 -1627.8474
v  -3695.7295 387.0440 -1621.3933
v  -3686.2268 384.6354 -1622.2190
v  -3679.5286 399.9322 -1616.9744
v  -3688.0486 404.5852 -1615.3792
v  -3668.8733 413.0678 -1612.4707
v  -3675.8296 419.6482 -1610.2146
v  -3654.9871 423.1472 -1609.0151
v  -3659.9060 431.2064 -1606.2517
v  -3638.8164 429.4833 -1606.8428
v  -3621.4629 431.6444 -1606.1018
v  -3641.3623 438.4722 -1603.7607
v  -3601.5630 438.4722 -1603.7607
v  -3583.0195 431.2064 -1606.2517
v  -3604.1089 429.4833 -1606.8428
v  -3587.9385 423.1472 -1609.0151
v  -3567.0957 419.6482 -1610.2146
v  -3574.0518 413.0678 -1612.4707
v  -3554.8770 404.5852 -1615.3792
v  -3563.3970 399.9322 -1616.9744
v  -3547.1963 387.0440 -1621.3933
v  -3556.6987 384.6354 -1622.2190
v  -3544.5762 368.2200 -1627.8474
v  -3554.4141 368.2200 -1627.8474
v  -3556.6987 351.8045 -1633.4753
v  -3547.1963 349.3959 -1634.3013
v  -3563.3970 336.5077 -1638.7200
v  -3554.8770 331.8547 -1640.3152
v  -3574.0518 323.3721 -1643.2234
v  -3567.0957 316.7917 -1645.4800
v  -3587.9385 313.2928 -1646.6794
v  -3604.1089 306.9566 -1648.8518
v  -3583.0195 305.2336 -1649.4424
v  -3621.4629 440.9504 -1602.9111
v  -3340.6772 299.9623 -1651.2498
v  -3360.5771 297.4841 -1652.0996
v  -3380.4766 299.9623 -1651.2498
v  -3399.0205 307.2281 -1648.7588
v  -3360.5771 306.7901 -1648.9087
v  -3377.9307 308.9512 -1648.1682
v  -3414.9438 318.7863 -1644.7959
v  -3394.1016 315.2873 -1645.9954
v  -3407.9878 325.3666 -1642.5398
v  -3427.1626 333.8493 -1639.6313
v  -3418.6431 338.5023 -1638.0361
v  -3434.8438 351.3905 -1633.6174
v  -3425.3413 353.7991 -1632.7915
v  -3437.4634 370.2145 -1627.1633
v  -3427.6255 370.2145 -1627.1633
v  -3434.8438 389.0385 -1620.7095
v  -3425.3413 386.6300 -1621.5352
v  -3418.6431 401.9268 -1616.2905
v  -3427.1626 406.5797 -1614.6953
v  -3407.9878 415.0624 -1611.7871
v  -3414.9438 421.6427 -1609.5310
v  -3394.1016 425.1417 -1608.3311
v  -3399.0205 433.2009 -1605.5681
v  -3377.9307 431.4779 -1606.1587
v  -3360.5771 433.6390 -1605.4180
v  -3380.4766 440.4668 -1603.0771
v  -3340.6772 440.4668 -1603.0771
v  -3322.1338 433.2009 -1605.5681
v  -3343.2236 431.4779 -1606.1587
v  -3327.0527 425.1417 -1608.3311
v  -3306.2100 421.6427 -1609.5310
v  -3313.1665 415.0624 -1611.7871
v  -3293.9912 406.5797 -1614.6953
v  -3302.5112 401.9268 -1616.2905
v  -3286.3101 389.0385 -1620.7095
v  -3295.8130 386.6300 -1621.5352
v  -3283.6904 370.2145 -1627.1633
v  -3293.5283 370.2145 -1627.1633
v  -3295.8130 353.7991 -1632.7915
v  -3286.3101 351.3905 -1633.6174
v  -3302.5112 338.5023 -1638.0361
v  -3293.9912 333.8493 -1639.6313
v  -3313.1665 325.3666 -1642.5398
v  -3306.2100 318.7863 -1644.7959
v  -3327.0527 315.2873 -1645.9954
v  -3343.2236 308.9512 -1648.1682
v  -3322.1338 307.2281 -1648.7588
v  -3360.5771 442.9450 -1602.2271
v  -3066.0327 297.5856 -1652.0647
v  -3085.9321 295.1074 -1652.9143
v  -3105.8315 297.5856 -1652.0647
v  -3124.3755 304.8514 -1649.5735
v  -3085.9321 304.4134 -1649.7239
v  -3103.2856 306.5745 -1648.9829
v  -3140.2988 316.4097 -1645.6108
v  -3119.4565 312.9107 -1646.8105
v  -3133.3428 322.9900 -1643.3545
v  -3152.5176 331.4726 -1640.4460
v  -3143.9980 336.1256 -1638.8508
v  -3160.1987 349.0139 -1634.4321
v  -3150.6963 351.4224 -1633.6062
v  -3162.8184 367.8379 -1627.9783
v  -3152.9810 367.8379 -1627.9783
v  -3160.1987 386.6619 -1621.5244
v  -3150.6963 384.2533 -1622.3499
v  -3143.9980 399.5501 -1617.1052
v  -3152.5176 404.2031 -1615.5100
v  -3133.3428 412.6858 -1612.6018
v  -3140.2988 419.2661 -1610.3457
v  -3119.4565 422.7651 -1609.1460
v  -3124.3755 430.8243 -1606.3828
v  -3103.2856 429.1012 -1606.9739
v  -3085.9321 431.2623 -1606.2327
v  -3105.8315 438.0901 -1603.8918
v  -3066.0327 438.0901 -1603.8918
v  -3047.4888 430.8243 -1606.3828
v  -3068.5786 429.1012 -1606.9739
v  -3052.4077 422.7651 -1609.1460
v  -3031.5654 419.2661 -1610.3457
v  -3038.5215 412.6858 -1612.6018
v  -3019.3467 404.2031 -1615.5100
v  -3027.8662 399.5501 -1617.1052
v  -3011.6655 386.6619 -1621.5244
v  -3021.1680 384.2533 -1622.3499
v  -3009.0459 367.8379 -1627.9783
v  -3018.8838 367.8379 -1627.9783
v  -3021.1680 351.4224 -1633.6062
v  -3011.6655 349.0139 -1634.4321
v  -3027.8662 336.1256 -1638.8508
v  -3019.3467 331.4726 -1640.4460
v  -3038.5215 322.9900 -1643.3545
v  -3031.5654 316.4097 -1645.6108
v  -3052.4077 312.9107 -1646.8105
v  -3068.5786 306.5745 -1648.9829
v  -3047.4888 304.8514 -1649.5735
v  -3085.9321 440.5683 -1603.0422
v  -3981.7185 349.7457 -1655.6624
v  -3996.6433 347.8871 -1656.2998
v  -4011.5684 349.7457 -1655.6624
v  -4025.4761 355.1951 -1653.7942
v  -3967.8108 355.1951 -1653.7942
v  -4037.4187 363.8637 -1650.8218
v  -3955.8682 363.8637 -1650.8218
v  -4046.5828 375.1609 -1646.9485
v  -3946.7041 375.1609 -1646.9485
v  -4052.3433 388.3169 -1642.4380
v  -3940.9436 388.3169 -1642.4380
v  -4054.3083 402.4349 -1637.5974
v  -3938.9785 402.4349 -1637.5974
v  -4052.3433 416.5529 -1632.7571
v  -3940.9436 416.5529 -1632.7571
v  -4046.5828 429.7088 -1628.2466
v  -3946.7041 429.7088 -1628.2466
v  -4037.4187 441.0060 -1624.3730
v  -3955.8682 441.0060 -1624.3730
v  -4025.4761 449.6747 -1621.4011
v  -3967.8108 449.6747 -1621.4011
v  -4011.5684 455.1241 -1619.5327
v  -3981.7185 455.1241 -1619.5327
v  -3996.6433 456.9828 -1618.8955
v  -4274.9434 346.9035 -1656.6370
v  -4289.8677 345.0448 -1657.2742
v  -4304.7930 346.9035 -1656.6370
v  -4318.7007 352.3528 -1654.7686
v  -4261.0356 352.3528 -1654.7686
v  -4330.6431 361.0215 -1651.7966
v  -4249.0933 361.0215 -1651.7966
v  -4339.8071 372.3188 -1647.9231
v  -4239.9287 372.3188 -1647.9231
v  -4345.5679 385.4746 -1643.4126
v  -4234.1685 385.4746 -1643.4126
v  -4347.5327 399.5927 -1638.5718
v  -4232.2036 399.5927 -1638.5718
v  -4345.5679 413.7107 -1633.7314
v  -4234.1685 413.7107 -1633.7314
v  -4339.8071 426.8666 -1629.2209
v  -4239.9287 426.8666 -1629.2209
v  -4330.6431 438.1638 -1625.3474
v  -4249.0933 438.1638 -1625.3474
v  -4318.7007 446.8325 -1622.3755
v  -4261.0356 446.8325 -1622.3755
v  -4304.7930 452.2818 -1620.5071
v  -4274.9434 452.2818 -1620.5071
v  -4289.8677 454.1405 -1619.8699
v  -4499.0806 347.0781 -1656.5769
v  -4514.0054 345.2194 -1657.2141
v  -4528.9297 347.0781 -1656.5769
v  -4542.8374 352.5274 -1654.7087
v  -4485.1724 352.5274 -1654.7087
v  -4554.7803 361.1961 -1651.7366
v  -4473.2300 361.1961 -1651.7366
v  -4563.9443 372.4933 -1647.8630
v  -4464.0659 372.4933 -1647.8630
v  -4569.7051 385.6492 -1643.3525
v  -4458.3052 385.6492 -1643.3525
v  -4571.6699 399.7673 -1638.5122
v  -4456.3403 399.7673 -1638.5122
v  -4569.7051 413.8853 -1633.6716
v  -4458.3052 413.8853 -1633.6716
v  -4563.9443 427.0412 -1629.1611
v  -4464.0659 427.0412 -1629.1611
v  -4554.7803 438.3384 -1625.2878
v  -4473.2300 438.3384 -1625.2878
v  -4542.8374 447.0070 -1622.3159
v  -4485.1724 447.0070 -1622.3159
v  -4528.9297 452.4564 -1620.4473
v  -4499.0806 452.4564 -1620.4473
v  -4514.0054 454.3151 -1619.8103
v  -4713.8003 348.0285 -1656.2510
v  -4728.7251 346.1699 -1656.8884
v  -4743.6499 348.0285 -1656.2510
v  -4757.5571 353.4779 -1654.3828
v  -4699.8931 353.4779 -1654.3828
v  -4769.5005 362.1466 -1651.4106
v  -4687.9497 362.1466 -1651.4106
v  -4778.6646 373.4438 -1647.5371
v  -4678.7856 373.4438 -1647.5371
v  -4784.4253 386.5997 -1643.0266
v  -4673.0249 386.5997 -1643.0266
v  -4786.3901 400.7177 -1638.1863
v  -4671.0601 400.7177 -1638.1863
v  -4784.4253 414.8357 -1633.3457
v  -4673.0249 414.8357 -1633.3457
v  -4778.6646 427.9916 -1628.8352
v  -4678.7856 427.9916 -1628.8352
v  -4769.5005 439.2889 -1624.9619
v  -4687.9497 439.2889 -1624.9619
v  -4757.5571 447.9575 -1621.9900
v  -4699.8931 447.9575 -1621.9900
v  -4743.6499 453.4069 -1620.1213
v  -4713.8003 453.4069 -1620.1213
v  -4728.7251 455.2656 -1619.4841
v  -4933.1245 348.9152 -1655.9470
v  -4948.0493 347.0565 -1656.5842
v  -4962.9741 348.9152 -1655.9470
v  -4976.8823 354.3645 -1654.0786
v  -4919.2173 354.3645 -1654.0786
v  -4988.8247 363.0332 -1651.1067
v  -4907.2739 363.0332 -1651.1067
v  -4997.9888 374.3304 -1647.2334
v  -4898.1104 374.3304 -1647.2334
v  -5003.7495 387.4863 -1642.7227
v  -4892.3496 387.4863 -1642.7227
v  -5005.7144 401.6043 -1637.8823
v  -4890.3843 401.6043 -1637.8823
v  -5003.7495 415.7224 -1633.0420
v  -4892.3496 415.7224 -1633.0420
v  -4997.9888 428.8783 -1628.5313
v  -4898.1104 428.8783 -1628.5313
v  -4988.8247 440.1755 -1624.6580
v  -4907.2739 440.1755 -1624.6580
v  -4976.8823 448.8441 -1621.6855
v  -4919.2173 448.8441 -1621.6855
v  -4962.9741 454.2935 -1619.8176
v  -4933.1245 454.2935 -1619.8176
v  -4948.0493 456.1522 -1619.1804
v  -5224.9106 347.7831 -1656.3354
v  -5239.8354 345.9244 -1656.9727
v  -5254.7603 347.7831 -1656.3354
v  -5268.6680 353.2325 -1654.4670
v  -5211.0029 353.2325 -1654.4670
v  -5280.6108 361.9011 -1651.4946
v  -5199.0601 361.9011 -1651.4946
v  -5289.7749 373.1984 -1647.6216
v  -5189.8960 373.1984 -1647.6216
v  -5295.5356 386.3543 -1643.1111
v  -5184.1353 386.3543 -1643.1111
v  -5297.5005 400.4723 -1638.2703
v  -5182.1704 400.4723 -1638.2703
v  -5295.5356 414.5903 -1633.4299
v  -5184.1353 414.5903 -1633.4299
v  -5289.7749 427.7462 -1628.9194
v  -5189.8960 427.7462 -1628.9194
v  -5280.6108 439.0435 -1625.0459
v  -5199.0601 439.0435 -1625.0459
v  -5268.6680 447.7121 -1622.0740
v  -5211.0029 447.7121 -1622.0740
v  -5254.7603 453.1615 -1620.2056
v  -5224.9106 453.1615 -1620.2056
v  -5239.8354 455.0201 -1619.5684
v  -5430.3765 349.1656 -1655.8616
v  -5445.3018 347.3070 -1656.4985
v  -5460.2261 349.1656 -1655.8616
v  -5474.1343 354.6150 -1653.9929
v  -5416.4692 354.6150 -1653.9929
v  -5486.0767 363.2837 -1651.0208
v  -5404.5264 363.2837 -1651.0208
v  -5495.2407 374.5809 -1647.1477
v  -5395.3628 374.5809 -1647.1477
v  -5501.0015 387.7368 -1642.6367
v  -5389.6016 387.7368 -1642.6367
v  -5502.9663 401.8548 -1637.7964
v  -5387.6367 401.8548 -1637.7964
v  -5501.0015 415.9729 -1632.9558
v  -5389.6016 415.9729 -1632.9558
v  -5495.2407 429.1288 -1628.4453
v  -5395.3628 429.1288 -1628.4453
v  -5486.0767 440.4260 -1624.5720
v  -5404.5264 440.4260 -1624.5720
v  -5474.1343 449.0946 -1621.6001
v  -5416.4692 449.0946 -1621.6001
v  -5460.2261 454.5440 -1619.7314
v  -5430.3765 454.5440 -1619.7314
v  -5445.3018 456.4026 -1619.0942
v  -5824.0918 317.7361 -1677.8074
v  -5840.7979 315.6557 -1678.5205
v  -5857.5034 317.7361 -1677.8074
v  -5873.0708 323.8358 -1675.7161
v  -5808.5249 323.8358 -1675.7161
v  -5795.1567 333.5389 -1672.3892
v  -5886.4390 333.5389 -1672.3892
v  -5896.6968 346.1843 -1668.0537
v  -5784.8989 346.1843 -1668.0537
v  -5903.1450 360.9102 -1663.0049
v  -5778.4507 360.9102 -1663.0049
v  -5905.3442 376.7130 -1657.5867
v  -5776.2515 376.7130 -1657.5867
v  -5903.1450 392.5158 -1652.1687
v  -5778.4507 392.5158 -1652.1687
v  -5896.6968 407.2417 -1647.1199
v  -5784.8989 407.2417 -1647.1199
v  -5886.4390 419.8871 -1642.7839
v  -5795.1567 419.8871 -1642.7839
v  -5873.0708 429.5902 -1639.4575
v  -5808.5249 429.5902 -1639.4575
v  -5857.5034 435.6899 -1637.3662
v  -5824.0918 435.6899 -1637.3662
v  -5840.7979 437.7704 -1636.6526
v  -5820.8979 296.4436 -1652.4563
v  -5840.7979 293.9654 -1653.3059
v  -5860.6978 296.4436 -1652.4563
v  -5879.2412 303.7094 -1649.9653
v  -5802.3545 303.7094 -1649.9653
v  -5840.7979 305.6384 -1649.3037
v  -5857.5034 307.7189 -1648.5906
v  -5895.1646 315.2676 -1646.0024
v  -5873.0708 313.8186 -1646.4993
v  -5886.4390 323.5218 -1643.1724
v  -5907.3833 330.3306 -1640.8379
v  -5896.6968 336.1671 -1638.8369
v  -5915.0645 347.8718 -1634.8237
v  -5903.1450 350.8930 -1633.7881
v  -5917.6841 366.6958 -1628.3696
v  -5905.3442 366.6958 -1628.3696
v  -5915.0645 385.5198 -1621.9158
v  -5903.1450 382.4986 -1622.9519
v  -5896.6968 397.2245 -1617.9028
v  -5907.3833 403.0611 -1615.9019
v  -5886.4390 409.8699 -1613.5671
v  -5895.1646 418.1240 -1610.7371
v  -5873.0708 419.5731 -1610.2407
v  -5879.2412 429.6823 -1606.7747
v  -5857.5034 425.6727 -1608.1492
v  -5840.7979 427.7532 -1607.4358
v  -5802.3545 429.6823 -1606.7747
v  -5824.0918 425.6727 -1608.1492
v  -5808.5249 419.5731 -1610.2407
v  -5786.4312 418.1240 -1610.7371
v  -5795.1567 409.8699 -1613.5671
v  -5774.2124 403.0611 -1615.9019
v  -5784.8989 397.2245 -1617.9028
v  -5766.5313 385.5198 -1621.9158
v  -5778.4507 382.4986 -1622.9519
v  -5763.9111 366.6958 -1628.3696
v  -5776.2515 366.6958 -1628.3696
v  -5778.4507 350.8930 -1633.7881
v  -5766.5313 347.8718 -1634.8237
v  -5784.8989 336.1671 -1638.8369
v  -5774.2124 330.3306 -1640.8379
v  -5795.1567 323.5218 -1643.1724
v  -5786.4312 315.2676 -1646.0024
v  -5808.5249 313.8186 -1646.4993
v  -5824.0918 307.7189 -1648.5906
v  -5860.6978 436.9480 -1604.2832
v  -5820.8979 436.9480 -1604.2832
v  -5840.7979 439.4263 -1603.4336
v  814.7979 703.1751 -810.9341
v  808.5918 703.8600 -874.2820
v  798.7080 701.9442 -697.0815
v  851.1162 701.2970 -637.2136
v  837.1885 702.5309 -751.3503
v  874.2383 701.9714 -699.5920
v  917.2334 700.8185 -592.9487
v  923.4229 701.5345 -659.1858
v  992.5566 700.5412 -567.3040
v  981.3896 701.2502 -632.8855
v  1044.1885 701.1377 -622.4836
v  1071.9502 700.4841 -562.0266
v  1107.5410 701.2048 -628.6887
v  1150.0039 700.6512 -577.4763
v  1167.1279 701.4469 -651.0781
v  1221.3994 701.0309 -612.6006
v  1218.8887 701.8474 -688.1262
v  1259.2979 702.3791 -737.3076
v  1281.2715 701.5974 -665.0054
v  1285.5996 703.0058 -795.2715
v  1325.5381 702.3122 -731.1194
v  1296.0020 703.6846 -858.0669
v  1305.8857 705.6004 -1035.2673
v  1341.0117 704.8286 -963.8760
v  1351.1846 703.1265 -806.4373
v  1356.4629 703.9848 -885.8264
v  1289.7969 704.3695 -921.4150
v  1267.4053 705.0137 -980.9985
v  1253.4775 706.2476 -1095.1355
v  1230.3555 705.5732 -1032.7571
v  1187.3604 706.7262 -1139.4001
v  1181.1709 706.0101 -1073.1633
v  1123.2041 706.2944 -1099.4634
v  1112.0371 707.0034 -1165.0452
v  1060.4053 706.4069 -1109.8652
v  1032.6436 707.0605 -1170.3225
v  997.0527 706.3398 -1103.6604
v  954.5898 706.8935 -1154.8726
v  937.4658 706.0977 -1081.2708
v  885.7051 705.6972 -1044.2229
v  883.1943 706.5137 -1119.7485
v  845.2969 705.1655 -995.0413
v  823.3223 705.9471 -1067.3438
v  818.9941 704.5389 -937.0776
v  779.0557 705.2324 -1001.2295
v  763.5820 702.7161 -768.4731
v  753.4092 704.4182 -925.9116
v  748.1309 703.5599 -846.5227
v  837.3154 704.4338 -927.3613
v  828.8037 703.8098 -869.6384
v  835.5225 703.1832 -811.6797
v  857.0146 702.5967 -757.4346
v  860.4785 705.0128 -980.9146
v  891.8135 702.0904 -710.5999
v  896.7129 705.5072 -1026.6484
v  937.5508 701.6987 -674.3672
v  943.5508 705.8834 -1061.4460
v  991.1064 701.4482 -651.2061
v  983.9111 705.0236 -981.9172
v  989.0850 704.8011 -961.3406
v  999.4072 704.6007 -942.8037
v  1048.8330 701.3563 -642.6943
v  1014.1768 704.4360 -927.5703
v  1032.3857 704.3183 -916.6782
v  1052.7939 704.2555 -910.8696
v  1106.7949 701.4289 -649.4128
v  1074.0098 704.2520 -910.5408
v  1094.5869 704.3079 -915.7141
v  1113.1250 704.4195 -926.0366
v  1161.0430 701.6613 -670.9031
v  1128.3594 704.5791 -940.8049
v  1139.2520 704.7760 -959.0129
v  1145.0615 704.9966 -979.4194
v  1145.3896 705.2260 -1000.6340
v  1167.0430 705.8459 -1057.9819
v  1140.2168 705.4484 -1021.2109
v  1129.8926 705.6488 -1039.7476
v  1115.1240 705.8135 -1054.9812
v  1113.4873 706.0964 -1081.1431
v  1096.9150 705.9313 -1065.8730
v  1076.5068 705.9941 -1071.6814
v  1055.7607 706.1884 -1089.6545
v  1055.2910 705.9976 -1072.0103
v  1034.7139 705.9417 -1066.8372
v  1016.1758 705.8301 -1056.5146
v  997.7988 706.1158 -1082.9363
v  1000.9414 705.6704 -1041.7463
v  990.0488 705.4736 -1023.5383
v  984.2402 705.2530 -1003.1318
v  1207.8809 702.0374 -705.7007
v  1212.7803 705.4543 -1021.7495
v  1244.1152 702.5319 -751.4346
v  1247.5801 704.9479 -974.9148
v  1267.2783 703.1108 -804.9875
v  1269.0713 704.3615 -920.6694
v  1275.7900 703.7349 -862.7104
v  818.9941 663.9012 -937.5168
v  808.5918 663.2224 -874.7214
v  814.7979 662.5375 -811.3733
v  837.1885 661.8933 -751.7898
v  828.8037 663.1722 -870.0779
v  835.5225 662.5455 -812.1189
v  857.0146 661.9591 -757.8738
v  874.2383 661.3337 -700.0313
v  891.8135 661.4528 -711.0391
v  923.4229 660.8969 -659.6250
v  937.5508 661.0610 -674.8064
v  981.3896 660.6125 -633.3250
v  991.1064 660.8106 -651.6453
v  1044.1885 660.5001 -622.9231
v  1048.8330 660.7186 -643.1338
v  1107.5410 660.5672 -629.1282
v  1106.7949 660.7913 -649.8521
v  1161.0430 661.0236 -671.3423
v  1167.1279 660.8093 -651.5176
v  1207.8809 661.3998 -706.1401
v  1218.8887 661.2098 -688.5654
v  1244.1152 661.8942 -751.8738
v  1259.2979 661.7415 -737.7471
v  1267.2783 662.4731 -805.4270
v  1285.5996 662.3682 -795.7107
v  1275.7900 663.0972 -863.1499
v  1289.7969 663.7319 -921.8545
v  1269.0713 663.7238 -921.1086
v  1267.4053 664.3760 -981.4380
v  1247.5801 664.3102 -975.3540
v  1230.3555 664.9356 -1033.1965
v  1212.7803 664.8167 -1022.1887
v  1181.1709 665.3724 -1073.6025
v  1167.0430 665.2083 -1058.4211
v  1123.2041 665.6568 -1099.9028
v  1113.4873 665.4587 -1081.5825
v  1060.4053 665.7692 -1110.3049
v  1055.7607 665.5507 -1090.0940
v  997.7988 665.4781 -1083.3757
v  997.0527 665.7022 -1104.0996
v  943.5508 665.2458 -1061.8853
v  937.4658 665.4601 -1081.7102
v  896.7129 664.8696 -1027.0876
v  885.7051 665.0596 -1044.6621
v  860.4785 664.3751 -981.3538
v  845.2969 664.5279 -995.4807
v  837.3154 663.7962 -927.8008
v  1296.0020 663.0470 -858.5063
v  984.2402 684.9341 -1003.3516
v  983.9111 684.7048 -982.1370
v  989.0850 684.4824 -961.5601
v  990.0488 685.1548 -1023.7581
v  999.4072 684.2820 -943.0234
v  1000.9414 685.3516 -1041.9661
v  1014.1768 684.1172 -927.7898
v  1016.1758 685.5113 -1056.7344
v  1032.3857 683.9995 -916.8979
v  1034.7139 685.6229 -1067.0569
v  1052.7939 683.9367 -911.0896
v  1055.2910 685.6788 -1072.2300
v  1074.0098 683.9332 -910.7607
v  1076.5068 685.6752 -1071.9011
v  1094.5869 683.9891 -915.9338
v  1096.9150 685.6124 -1066.0928
v  1113.1250 684.1006 -926.2561
v  1115.1240 685.4947 -1055.2007
v  1128.3594 684.2604 -941.0247
v  1129.8926 685.3300 -1039.9673
v  1139.2520 684.4572 -959.2324
v  1140.2168 685.1296 -1021.4304
v  1145.0615 684.6778 -979.6392
v  1145.3896 684.9072 -1000.8538
v  -1718.8130 700.6235 -574.9182
v  -1940.4531 707.5033 -1211.2854
v  -1940.4531 700.0413 -521.0640
v  1037.6865 700.0413 -521.0640
v  597.6670 700.6235 -574.9182
v  1127.5107 700.1276 -529.0420
v  1212.2100 700.4622 -559.9951
v  1286.0107 701.0224 -611.8140
v  1343.8838 701.7700 -680.9670
v  1381.8857 702.6541 -762.7417
v  1358.4941 705.5010 -1026.0779
v  1389.4492 704.5854 -941.3843
v  1397.4277 703.6144 -851.5652
v  1306.6719 706.2989 -1099.8743
v  1237.5146 706.9245 -1157.7444
v  1155.7354 707.3353 -1195.7446
v  1066.9072 707.5033 -1211.2854
v  597.6670 706.9939 -1164.1638
v  -1718.8130 706.9939 -1164.1638
v  -4592.1479 704.5092 -934.3374
v  -4592.1479 703.4788 -839.0276
v  -4572.9575 703.4788 -839.0276
v  -4562.3169 705.7626 -1050.2678
v  -4632.7876 704.5092 -934.3374
v  -4663.9165 705.7626 -1050.2678
v  -4654.2378 703.4788 -839.0276
v  -4654.2378 700.6231 -574.8828
v  -4663.9165 698.5135 -379.7468
v  -4632.7876 699.6765 -487.3232
v  -4562.3169 698.5135 -379.7468
v  -4592.1479 699.6765 -487.3232
v  -4592.1479 700.6231 -574.8828
v  -4572.9575 700.6231 -574.8828
v  -4632.7876 700.6231 -574.8828
v  -4632.7876 703.4788 -839.0276
v  -4632.7876 663.8716 -934.7766
v  -4632.7876 662.8412 -839.4670
v  -4592.1479 662.8412 -839.4670
v  -4592.1479 663.8716 -934.7766
v  -4632.7876 680.3043 -575.1025
v  -4632.7876 679.3577 -487.5430
v  -4592.1479 679.3577 -487.5430
v  -4592.1479 680.3043 -575.1025
v  -4654.2378 744.1165 -838.5881
v  -4654.2378 741.2607 -574.4436
v  -4572.9575 741.2607 -574.4436
v  -4572.9575 744.1165 -838.5881
v  3188.7236 746.6078 -1069.0315
v  3188.7236 745.5094 -967.4375
v  3391.9238 745.5094 -967.4375
v  3391.9238 746.6078 -1069.0315
v  3412.3350 742.2410 -665.1135
v  3412.3350 741.1426 -563.5195
v  3615.5352 741.1426 -563.5195
v  3615.5352 742.2410 -665.1135
v  2361.4600 746.5542 -1064.0725
v  2361.4600 745.4559 -962.4785
v  2564.6602 745.4559 -962.4785
v  2564.6602 746.5542 -1064.0725
v  2362.7969 744.4198 -866.6479
v  2362.7969 743.3215 -765.0540
v  2565.9971 743.3215 -765.0540
v  2565.9971 744.4198 -866.6479
v  2365.8936 740.0624 -463.6028
v  2365.8936 738.9641 -362.0088
v  2569.0938 738.9641 -362.0088
v  2569.0938 740.0624 -463.6028
v  1524.9863 746.5839 -1066.8198
v  1524.9863 745.4855 -965.2256
v  1728.1865 745.4855 -965.2256
v  1728.1865 746.5839 -1066.8198
v  1941.6543 746.5522 -1063.8911
v  1941.6543 745.4539 -962.2971
v  2144.8545 745.4539 -962.2971
v  2144.8545 746.5522 -1063.8911
v  1738.3359 744.4037 -865.1672
v  1738.3359 743.3054 -763.5730
v  1941.5361 743.3054 -763.5730
v  1941.5361 744.4037 -865.1672
v  1956.4932 742.2021 -661.5115
v  1956.4932 741.1037 -559.9175
v  2159.6934 741.1037 -559.9175
v  2159.6934 742.2021 -661.5115
v  1741.4639 742.2021 -661.5115
v  1741.4639 741.1037 -559.9175
v  1944.6631 741.1037 -559.9175
v  1944.6631 742.2021 -661.5115
v  1520.4063 742.2021 -661.5115
v  1520.4063 741.1037 -559.9175
v  1723.6064 741.1037 -559.9175
v  1723.6064 742.2021 -661.5115
v  1519.2969 740.0538 -462.8083
v  1519.2969 738.9555 -361.2144
v  1722.4971 738.9555 -361.2144
v  1722.4971 740.0538 -462.8083
v  1946.4932 740.0556 -462.9678
v  1946.4932 738.9572 -361.3735
v  2149.6924 738.9572 -361.3735
v  2149.6924 740.0556 -462.9678
v  848.1025 740.0269 -460.3113
v  848.1025 738.9285 -358.7173
v  1051.3027 738.9285 -358.7173
v  1051.3027 740.0269 -460.3113
v  1062.1943 740.0357 -461.1306
v  1062.1943 738.9373 -359.5366
v  1265.3945 738.9373 -359.5366
v  1265.3945 740.0357 -461.1306
v  76.8579 740.0549 -462.9036
v  76.8579 738.9565 -361.3096
v  280.0581 738.9565 -361.3096
v  280.0581 740.0549 -462.9036
v  -135.4795 740.0524 -462.6746
v  -135.4795 738.9540 -361.0806
v  67.7207 738.9540 -361.0806
v  67.7207 740.0524 -462.6746
v  -346.5508 740.0618 -463.5474
v  -346.5508 738.9635 -361.9534
v  -143.3511 738.9635 -361.9534
v  -143.3511 740.0618 -463.5474
v  -558.5288 740.0403 -461.5601
v  -558.5288 738.9420 -359.9661
v  -355.3286 738.9420 -359.9661
v  -355.3286 740.0403 -461.5601
v  -769.1685 740.0085 -458.6157
v  -769.1685 738.9102 -357.0217
v  -565.9688 738.9102 -357.0217
v  -565.9688 740.0085 -458.6157
v  -981.8394 740.0012 -457.9409
v  -981.8394 738.9029 -356.3469
v  -778.6392 738.9029 -356.3469
v  -778.6392 740.0012 -457.9409
v  -1194.5776 740.0005 -457.8770
v  -1194.5776 738.9022 -356.2830
v  -991.3774 738.9022 -356.2830
v  -991.3774 740.0005 -457.8770
v  -1409.0298 739.9827 -456.2302
v  -1409.0298 738.8844 -354.6360
v  -1205.8296 738.8844 -354.6360
v  -1205.8296 739.9827 -456.2302
v  -1754.4375 739.9998 -457.8054
v  -1754.4375 738.9014 -356.2114
v  -1551.2373 738.9014 -356.2114
v  -1551.2373 739.9998 -457.8054
v  -2576.8887 740.0526 -462.6985
v  -2576.8887 738.9543 -361.1045
v  -2373.6890 738.9543 -361.1045
v  -2373.6890 740.0526 -462.6985
v  -2567.5215 746.5440 -1063.1311
v  -2567.5215 745.4457 -961.5371
v  -2364.3218 745.4457 -961.5371
v  -2364.3218 746.5440 -1063.1311
v  -4386.0093 744.2814 -853.8398
v  -4386.0093 743.1830 -752.2456
v  -4182.8091 743.1830 -752.2456
v  -4182.8091 744.2814 -853.8398
v  -4393.2437 739.9455 -452.7854
v  -4393.2437 738.8472 -351.1914
v  -4190.0435 738.8472 -351.1914
v  -4190.0435 739.9455 -452.7854
v  -3909.3335 861.9896 -463.6052
v  -3912.2771 861.8206 -447.9670
v  -3911.0730 861.6489 -432.0999
v  -3905.8027 861.4866 -417.0847
v  -3902.4419 862.1447 -477.9487
v  -3896.8257 861.3446 -403.9456
v  -3892.0732 862.2751 -490.0198
v  -3884.7539 861.2325 -393.5771
v  -3878.9331 862.3721 -498.9963
v  -3870.4094 861.1580 -386.6865
v  -3863.9172 862.4291 -504.2661
v  -3854.7705 861.1262 -383.7429
v  -3848.0493 862.4422 -505.4702
v  -3838.9026 861.1392 -384.9470
v  -3832.4102 862.4103 -502.5266
v  -3823.8867 861.1962 -390.2168
v  -3818.0657 862.3359 -495.6357
v  -3810.7463 861.2933 -399.1931
v  -3805.9941 862.2238 -485.2676
v  -3800.3772 861.4238 -411.2644
v  -3797.0171 862.0818 -472.1284
v  -3793.4863 861.5788 -425.6079
v  -3791.7468 861.9194 -457.1133
v  -3790.5427 861.7479 -441.2461
v  -3590.2334 861.9896 -463.6052
v  -3593.1772 861.8206 -447.9670
v  -3591.9731 861.6489 -432.0999
v  -3586.7026 861.4866 -417.0847
v  -3583.3423 862.1447 -477.9487
v  -3577.7256 861.3446 -403.9456
v  -3572.9731 862.2751 -490.0198
v  -3565.6538 861.2325 -393.5771
v  -3559.8330 862.3721 -498.9963
v  -3551.3096 861.1580 -386.6865
v  -3544.8174 862.4291 -504.2661
v  -3535.6704 861.1262 -383.7429
v  -3528.9492 862.4422 -505.4702
v  -3519.8022 861.1392 -384.9470
v  -3513.3101 862.4103 -502.5266
v  -3504.7866 861.1962 -390.2168
v  -3498.9658 862.3359 -495.6357
v  -3491.6465 861.2933 -399.1931
v  -3486.8936 862.2238 -485.2676
v  -3481.2773 861.4238 -411.2644
v  -3477.9170 862.0818 -472.1284
v  -3474.3862 861.5788 -425.6079
v  -3472.6465 861.9194 -457.1133
v  -3471.4424 861.7479 -441.2461
v  -3282.0352 861.9896 -463.6052
v  -3284.9790 861.8206 -447.9670
v  -3283.7749 861.6489 -432.0999
v  -3278.5049 861.4866 -417.0847
v  -3275.1440 862.1447 -477.9487
v  -3269.5278 861.3446 -403.9456
v  -3264.7749 862.2751 -490.0198
v  -3257.4561 861.2325 -393.5771
v  -3251.6353 862.3721 -498.9963
v  -3243.1113 861.1580 -386.6865
v  -3236.6196 862.4291 -504.2661
v  -3227.4722 861.1262 -383.7429
v  -3220.7510 862.4422 -505.4702
v  -3211.6045 861.1392 -384.9470
v  -3205.1123 862.4103 -502.5266
v  -3196.5884 861.1962 -390.2168
v  -3190.7676 862.3359 -495.6357
v  -3183.4482 861.2933 -399.1931
v  -3178.6958 862.2238 -485.2676
v  -3173.0796 861.4238 -411.2644
v  -3169.7188 862.0818 -472.1284
v  -3166.1880 861.5788 -425.6079
v  -3164.4487 861.9194 -457.1133
v  -3163.2446 861.7479 -441.2461
v  -2974.6133 861.9896 -463.6052
v  -2977.5571 861.8206 -447.9670
v  -2976.3530 861.6489 -432.0999
v  -2971.0825 861.4866 -417.0847
v  -2967.7222 862.1447 -477.9487
v  -2962.1060 861.3446 -403.9456
v  -2957.3530 862.2751 -490.0198
v  -2950.0337 861.2325 -393.5771
v  -2944.2134 862.3721 -498.9963
v  -2935.6895 861.1580 -386.6865
v  -2929.1978 862.4291 -504.2661
v  -2920.0503 861.1262 -383.7429
v  -2913.3291 862.4422 -505.4702
v  -2904.1826 861.1392 -384.9470
v  -2897.6899 862.4103 -502.5266
v  -2889.1665 861.1962 -390.2168
v  -2883.3457 862.3359 -495.6357
v  -2876.0264 861.2933 -399.1931
v  -2871.2739 862.2238 -485.2676
v  -2865.6577 861.4238 -411.2644
v  -2862.2969 862.0818 -472.1284
v  -2858.7661 861.5788 -425.6079
v  -2857.0269 861.9194 -457.1133
v  -2855.8228 861.7479 -441.2461
v  -1373.2222 701.4180 -648.4094
v  232.0581 701.4180 -648.4094
v  232.0581 706.6901 -1136.0610
v  -1373.2222 706.6901 -1136.0610
v  1524.9863 704.8479 -965.6648
v  1498.8828 706.8050 -1146.6899
v  1498.8828 704.6083 -943.5020
v  2169.4424 704.6083 -943.5020
v  1728.1865 704.8479 -965.6648
v  1941.6543 704.8163 -962.7363
v  2144.8545 704.8163 -962.7363
v  2144.8545 705.9146 -1064.3303
v  2169.4424 706.8050 -1146.6899
v  1941.6543 705.9146 -1064.3303
v  1728.1865 705.9462 -1067.2590
v  1524.9863 705.9462 -1067.2590
v  -4377.7896 705.8847 -1061.5657
v  -4377.7896 705.0060 -980.2903
v  -2711.5498 705.0060 -980.2903
v  -2711.5498 705.8847 -1061.5657
v  2362.7969 742.2021 -661.5115
v  2362.7969 741.1037 -559.9175
v  2565.9971 741.1037 -559.9175
v  2565.9971 742.2021 -661.5115
v  4033.2734 704.8718 -967.8770
v  4033.2734 745.5094 -967.4375
v  4033.2734 746.6078 -1069.0315
v  4033.2734 705.9702 -1069.4712
v  4236.4736 745.5094 -967.4375
v  4236.4736 746.6078 -1069.0315
v  3399.8613 704.8718 -967.8770
v  3399.8613 745.5094 -967.4375
v  3399.8613 746.6078 -1069.0315
v  3399.8613 705.9702 -1069.4712
v  3603.0615 745.5094 -967.4375
v  3603.0615 746.6078 -1069.0315
v  3610.9990 704.8718 -967.8770
v  3610.9990 745.5094 -967.4375
v  3610.9990 746.6078 -1069.0315
v  3610.9990 705.9702 -1069.4712
v  3814.1992 745.5094 -967.4375
v  3814.1992 746.6078 -1069.0315
v  3822.1367 704.8718 -967.8770
v  3822.1367 745.5094 -967.4375
v  3822.1367 746.6078 -1069.0315
v  3822.1367 705.9702 -1069.4712
v  4025.3359 745.5094 -967.4375
v  4025.3359 746.6078 -1069.0315
v  3623.4727 742.2410 -665.1135
v  3623.4727 741.1426 -563.5195
v  3826.6729 741.1426 -563.5195
v  3826.6729 742.2410 -665.1135
v  3834.6104 742.2410 -665.1135
v  3834.6104 741.1426 -563.5195
v  4037.8096 741.1426 -563.5195
v  4037.8096 742.2410 -665.1135
v  3412.3350 742.2410 -464.8870
v  3412.3350 741.1426 -363.2930
v  3615.5352 741.1426 -363.2930
v  3615.5352 742.2410 -464.8870
v  3623.4727 742.2410 -464.8870
v  3623.4727 741.1426 -363.2930
v  3826.6729 741.1426 -363.2930
v  3826.6729 742.2410 -464.8870
v  3834.6104 742.2410 -464.8870
v  3834.6104 741.1426 -363.2930
v  4037.8096 741.1426 -363.2930
v  4037.8096 742.2410 -464.8870
v  2573.9346 744.4198 -866.6479
v  2573.9346 743.3215 -765.0540
v  2777.1348 743.3215 -765.0540
v  2777.1348 744.4198 -866.6479
v  2572.5977 746.5542 -1064.0725
v  2572.5977 745.4559 -962.4785
v  2775.7979 745.4559 -962.4785
v  2775.7979 746.5542 -1064.0725
v  2577.0313 740.0624 -463.6028
v  2577.0313 738.9641 -362.0088
v  2780.2314 738.9641 -362.0088
v  2780.2314 740.0624 -463.6028
v  2573.9346 742.2021 -661.5115
v  2573.9346 741.1037 -559.9175
v  2777.1348 741.1037 -559.9175
v  2777.1348 742.2021 -661.5115
v  2785.0723 744.4198 -866.6479
v  2785.0723 743.3215 -765.0540
v  2988.2715 743.3215 -765.0540
v  2988.2715 744.4198 -866.6479
v  2783.7354 746.5542 -1064.0725
v  2783.7354 745.4559 -962.4785
v  2986.9355 745.4559 -962.4785
v  2986.9355 746.5542 -1064.0725
v  2788.1689 740.0624 -463.6028
v  2788.1689 738.9641 -362.0088
v  2991.3682 738.9641 -362.0088
v  2991.3682 740.0624 -463.6028
v  2785.0723 742.2021 -661.5115
v  2785.0723 741.1037 -559.9175
v  2988.2715 741.1037 -559.9175
v  2988.2715 742.2021 -661.5115
v  2999.3057 740.0624 -463.6028
v  2999.3057 738.9641 -362.0088
v  3202.5059 738.9641 -362.0088
v  3202.5059 740.0624 -463.6028
v  2785.0723 703.7822 -867.0874
v  2986.9355 704.8182 -962.9180
v  2783.7354 704.8182 -962.9180
v  2785.0723 700.4661 -560.3569
v  2780.2314 699.4248 -464.0420
v  2788.1689 698.3265 -362.4480
v  2780.2314 698.3265 -362.4480
v  2577.0313 698.3265 -362.4480
v  2569.0938 698.3265 -362.4480
v  2365.8936 698.3265 -362.4480
v  2149.6924 698.3196 -361.8130
v  1946.4932 698.3196 -361.8130
v  1722.4971 698.3179 -361.6536
v  1519.2969 698.3179 -361.6536
v  1265.3945 698.2997 -359.9758
v  1062.1943 698.2997 -359.9758
v  1051.3027 698.2909 -359.1565
v  848.1025 698.2909 -359.1565
v  280.0581 698.3189 -361.7488
v  76.8579 698.3189 -361.7488
v  67.7207 698.3164 -361.5200
v  -135.4795 698.3164 -361.5200
v  -346.5508 698.3259 -362.3928
v  -355.3286 698.3044 -360.4055
v  -558.5288 698.3044 -360.4055
v  -565.9688 698.2725 -357.4612
v  -769.1685 698.2725 -357.4612
v  -778.6392 698.2653 -356.7864
v  -981.8394 698.2653 -356.7864
v  -991.3774 698.2646 -356.7224
v  -1194.5776 698.2646 -356.7224
v  -1205.8296 698.2468 -355.0754
v  -1409.0298 698.2468 -355.0754
v  -1551.2373 698.2638 -356.6506
v  -1754.4375 698.2638 -356.6506
v  -2373.6890 698.3167 -361.5437
v  -2576.8887 698.3167 -361.5437
v  -3211.6045 698.5887 -386.7043
v  -3227.4722 698.5757 -385.5000
v  -3504.7866 698.6457 -391.9741
v  -3519.8022 698.5887 -386.7043
v  -3535.6704 698.5757 -385.5000
v  -3823.8867 698.6457 -391.9741
v  -3838.9026 698.5887 -386.7043
v  -3854.7705 698.5757 -385.5000
v  -4190.0435 698.2095 -351.6306
v  -4393.2437 698.2095 -351.6306
v  -4393.2437 699.3079 -453.2246
v  -4386.0093 703.6437 -854.2793
v  1265.3945 699.3981 -461.5698
v  1062.1943 699.3981 -461.5698
v  1051.3027 699.3892 -460.7507
v  848.1025 699.3892 -460.7507
v  280.0581 699.4172 -463.3428
v  76.8579 699.4172 -463.3428
v  67.7207 699.4147 -463.1140
v  -135.4795 699.4147 -463.1140
v  -143.3511 699.4242 -463.9868
v  -346.5508 699.4242 -463.9868
v  -558.5288 699.4028 -461.9998
v  -769.1685 699.3709 -459.0552
v  -981.8394 699.3636 -458.3804
v  -991.3774 699.3629 -458.3167
v  -1194.5776 699.3629 -458.3167
v  -1409.0298 699.3451 -456.6697
v  -1551.2373 699.3621 -458.2446
v  -1754.4375 699.3621 -458.2446
v  -2373.6890 699.4150 -463.1377
v  -2364.3218 704.8080 -961.9763
v  -2357.9717 704.8080 -961.9763
v  -2154.7715 704.8080 -961.9763
v  -2154.7715 705.9064 -1063.5706
v  -2357.9717 705.9064 -1063.5706
v  -2364.3218 705.9064 -1063.5706
v  -2567.5215 705.9064 -1063.5706
v  -2576.8887 699.4150 -463.1377
v  -2855.8228 699.1974 -443.0037
v  -2858.7661 699.0283 -427.3652
v  -2865.6577 698.8732 -413.0217
v  -2876.0264 698.7427 -400.9504
v  -2889.1665 698.6457 -391.9741
v  -2904.1826 698.5887 -386.7043
v  -2920.0503 698.5757 -385.5000
v  -3183.4482 698.7427 -400.9504
v  -3196.5884 698.6457 -391.9741
v  -3173.0796 698.8732 -413.0217
v  -3166.1880 699.0283 -427.3652
v  -2935.6895 698.6075 -388.4436
v  -3163.2446 699.1974 -443.0037
v  -2950.0337 698.6820 -395.3345
v  -2962.1060 698.7941 -405.7029
v  -2971.0825 698.9362 -418.8423
v  -2976.3530 699.0985 -433.8569
v  -2977.5571 699.2700 -449.7244
v  -2974.6133 699.4391 -465.3625
v  -2967.7222 699.5942 -479.7061
v  -3164.4487 699.3689 -458.8706
v  -3169.7188 699.5313 -473.8855
v  -3178.6958 699.6733 -487.0249
v  -3190.7676 699.7854 -497.3933
v  -3205.1123 699.8599 -504.2842
v  -3220.7510 699.8917 -507.2278
v  -3236.6196 699.8787 -506.0234
v  -3251.6353 699.8217 -500.7537
v  -3264.7749 699.7247 -491.7773
v  -3471.4424 699.1974 -443.0037
v  -3472.6465 699.3689 -458.8706
v  -3477.9170 699.5313 -473.8855
v  -3486.8936 699.6733 -487.0249
v  -3498.9658 699.7854 -497.3933
v  -3513.3101 699.8599 -504.2842
v  -3528.9492 699.8917 -507.2278
v  -3544.8174 699.8787 -506.0234
v  -3559.8330 699.8217 -500.7537
v  -3790.5427 699.1974 -443.0037
v  -3791.7468 699.3689 -458.8706
v  -3797.0171 699.5313 -473.8855
v  -3805.9941 699.6733 -487.0249
v  -3818.0657 699.7854 -497.3933
v  -3832.4102 699.8599 -504.2842
v  -3848.0493 699.8917 -507.2278
v  -3863.9172 699.8787 -506.0234
v  -3878.9331 699.8217 -500.7537
v  -4182.8091 703.6437 -854.2793
v  -3892.0732 699.7247 -491.7773
v  -3902.4419 699.5942 -479.7061
v  -3909.3335 699.4391 -465.3625
v  -3912.2771 699.2700 -449.7244
v  -3911.0730 699.0985 -433.8569
v  -3905.8027 698.9362 -418.8423
v  -4182.8091 702.5454 -752.6851
v  -3896.8257 698.7941 -405.7029
v  -4190.0435 699.3079 -453.2246
v  -3884.7539 698.6820 -395.3345
v  -3870.4094 698.6075 -388.4436
v  -4386.0093 702.5454 -752.6851
v  -3572.9731 699.7247 -491.7773
v  -3583.3423 699.5942 -479.7061
v  -3590.2334 699.4391 -465.3625
v  -3593.1772 699.2700 -449.7244
v  -3591.9731 699.0985 -433.8569
v  -3586.7026 698.9362 -418.8423
v  -3577.7256 698.7941 -405.7029
v  -3565.6538 698.6820 -395.3345
v  -3551.3096 698.6075 -388.4436
v  -3793.4863 699.0283 -427.3652
v  -3800.3772 698.8732 -413.0217
v  -3810.7463 698.7427 -400.9504
v  -3275.1440 699.5942 -479.7061
v  -3282.0352 699.4391 -465.3625
v  -3284.9790 699.2700 -449.7244
v  -3283.7749 699.0985 -433.8569
v  -3278.5049 698.9362 -418.8423
v  -3269.5278 698.7941 -405.7029
v  -3257.4561 698.6820 -395.3345
v  -3243.1113 698.6075 -388.4436
v  -3474.3862 699.0283 -427.3652
v  -3481.2773 698.8732 -413.0217
v  -3491.6465 698.7427 -400.9504
v  -2957.3530 699.7247 -491.7773
v  -2944.2134 699.8217 -500.7537
v  -2929.1978 699.8787 -506.0234
v  -2913.3291 699.8917 -507.2278
v  -2897.6899 699.8599 -504.2842
v  -2883.3457 699.7854 -497.3933
v  -2871.2739 699.6733 -487.0249
v  -2862.2969 699.5313 -473.8855
v  -2857.0269 699.3689 -458.8706
v  -2567.5215 704.8080 -961.9763
v  -1205.8296 699.3451 -456.6697
v  -778.6392 699.3636 -458.3804
v  -565.9688 699.3709 -459.0552
v  -355.3286 699.4028 -461.9998
v  -143.3511 698.3259 -362.3928
v  1519.2969 699.4162 -463.2476
v  1520.4063 701.5645 -661.9509
v  1738.3359 703.7662 -865.6067
v  1941.5361 703.7662 -865.6067
v  1944.6631 701.5645 -661.9509
v  1941.5361 702.6678 -764.0127
v  1741.4639 701.5645 -661.9509
v  1738.3359 702.6678 -764.0127
v  1741.4639 700.4661 -560.3569
v  1723.6064 701.5645 -661.9509
v  1723.6064 700.4661 -560.3569
v  1722.4971 699.4162 -463.2476
v  1520.4063 700.4661 -560.3569
v  1944.6631 700.4661 -560.3569
v  1946.4932 699.4180 -463.4072
v  1956.4932 701.5645 -661.9509
v  2159.6934 701.5645 -661.9509
v  2159.6934 700.4661 -560.3569
v  2149.6924 699.4180 -463.4072
v  1956.4932 700.4661 -560.3569
v  2362.7969 700.4661 -560.3569
v  2365.8936 699.4248 -464.0420
v  2565.9971 700.4661 -560.3569
v  2569.0938 699.4248 -464.0420
v  2565.9971 701.5645 -661.9509
v  2565.9971 702.6838 -765.4934
v  2565.9971 703.7822 -867.0874
v  2572.5977 705.9166 -1064.5120
v  2564.6602 705.9166 -1064.5120
v  2361.4600 705.9166 -1064.5120
v  2361.4600 704.8182 -962.9180
v  2362.7969 703.7822 -867.0874
v  2564.6602 704.8182 -962.9180
v  2362.7969 701.5645 -661.9509
v  2362.7969 702.6838 -765.4934
v  2775.7979 705.9166 -1064.5120
v  2783.7354 705.9166 -1064.5120
v  2777.1348 703.7822 -867.0874
v  2775.7979 704.8182 -962.9180
v  2573.9346 703.7822 -867.0874
v  2572.5977 704.8182 -962.9180
v  2573.9346 700.4661 -560.3569
v  2577.0313 699.4248 -464.0420
v  2777.1348 700.4661 -560.3569
v  2777.1348 701.5645 -661.9509
v  2777.1348 702.6838 -765.4934
v  2573.9346 702.6838 -765.4934
v  2573.9346 701.5645 -661.9509
v  2986.9355 705.9166 -1064.5120
v  3188.7236 705.9702 -1069.4712
v  2988.2715 703.7822 -867.0874
v  2991.3682 699.4248 -464.0420
v  2988.2715 702.6838 -765.4934
v  2988.2715 701.5645 -661.9509
v  2988.2715 700.4661 -560.3569
v  2788.1689 699.4248 -464.0420
v  2785.0723 702.6838 -765.4934
v  2785.0723 701.5645 -661.9509
v  3188.7236 704.8718 -967.8770
v  3412.3350 700.5050 -563.9587
v  2991.3682 698.3265 -362.4480
v  3615.5352 700.5050 -563.9587
v  3623.4727 700.5050 -563.9587
v  3826.6729 700.5050 -563.9587
v  3834.6104 700.5050 -563.9587
v  4037.8096 700.5050 -563.9587
v  4037.8096 701.6034 -665.5530
v  4236.4736 704.8718 -967.8770
v  4236.4736 705.9702 -1069.4712
v  4025.3359 705.9702 -1069.4712
v  3814.1992 705.9702 -1069.4712
v  3603.0615 705.9702 -1069.4712
v  3391.9238 705.9702 -1069.4712
v  3391.9238 704.8718 -967.8770
v  3412.3350 701.6034 -665.5530
v  3603.0615 704.8718 -967.8770
v  3615.5352 701.6034 -665.5530
v  3814.1992 704.8718 -967.8770
v  3623.4727 701.6034 -665.5530
v  3826.6729 701.6034 -665.5530
v  4025.3359 704.8718 -967.8770
v  3834.6104 701.6034 -665.5530
v  -2567.5215 746.5440 -859.9309
v  -2567.5215 745.4457 -758.3369
v  -2364.3218 745.4457 -758.3369
v  -2364.3218 746.5440 -859.9309
v  -2567.5215 705.9064 -860.3706
v  -2567.5215 704.8080 -758.7764
v  -2364.3218 704.8080 -758.7764
v  -2364.3218 705.9064 -860.3706
v  -2567.5215 705.9064 -657.1704
v  -2567.5215 704.8080 -555.5764
v  -2364.3218 704.8080 -555.5764
v  -2364.3218 705.9064 -657.1704
v  -2567.5215 746.5440 -656.7310
v  -2567.5215 745.4457 -555.1370
v  -2364.3218 745.4457 -555.1370
v  -2364.3218 746.5440 -656.7310
v  -2357.9717 746.5440 -1063.1311
v  -2357.9717 745.4457 -961.5371
v  -2154.7715 745.4457 -961.5371
v  -2154.7715 746.5440 -1063.1311
v  -2357.9717 746.5440 -656.7310
v  -2357.9717 745.4457 -555.1370
v  -2154.7715 745.4457 -555.1370
v  -2154.7715 746.5440 -656.7310
v  -2357.9717 705.9064 -657.1704
v  -2357.9717 704.8080 -555.5764
v  -2154.7715 704.8080 -555.5764
v  -2154.7715 705.9064 -657.1704
v  -2357.9717 746.5440 -859.9309
v  -2357.9717 745.4457 -758.3369
v  -2154.7715 745.4457 -758.3369
v  -2154.7715 746.5440 -859.9309
v  -2357.9717 705.9064 -860.3706
v  -2357.9717 704.8080 -758.7764
v  -2154.7715 704.8080 -758.7764
v  -2154.7715 705.9064 -860.3706
v  3412.3350 700.5050 -363.7322
v  3615.5352 700.5050 -363.7322
v  3615.5352 701.6034 -465.3262
v  3826.6729 700.5050 -363.7322
v  3826.6729 701.6034 -465.3262
v  3623.4727 701.6034 -465.3262
v  3623.4727 700.5050 -363.7322
v  3834.6104 700.5050 -363.7322
v  3834.6104 701.6034 -465.3262
v  4037.8096 700.5050 -363.7322
v  4037.8096 701.6034 -465.3262
v  3412.3350 701.6034 -465.3262
v  3202.5059 698.3265 -362.4480
v  3202.5059 699.4248 -464.0420
v  2999.3057 698.3265 -362.4480
v  2999.3057 699.4248 -464.0420
v  -623.3140 438.0254 -1711.3198
v  -684.2744 438.0254 -1711.3198
v  -684.2744 476.4686 -1698.1392
v  -623.3140 476.4686 -1698.1392
v  -6083.5200 366.6181 -1757.2832
v  -6347.6797 366.6181 -1757.2832
v  -6347.6797 481.9478 -1717.7417
v  -6083.5200 481.9478 -1717.7417
v  -6939.3936 489.7932 1154.6340
v  -6843.1460 488.3376 1160.4622
v  -7389.3262 516.5427 919.2772
v  -7391.0659 517.5845 908.5762
v  -6314.7583 502.8205 957.9547
v  -6308.6963 503.6277 948.9423
v  -7391.6450 518.6274 897.7502
v  -6842.9116 538.7371 634.5516
v  -6939.1646 539.0675 640.4652
v  -7033.9829 538.2676 658.0320
v  -7125.9478 536.3497 686.9890
v  -6308.6504 513.5315 845.5975
v  -6314.7046 514.4511 836.5906
v  -6296.7310 510.5320 875.7368
v  -6299.6118 511.5606 865.2838
v  -7391.0566 519.6595 886.9239
v  -7389.3071 520.6689 876.2214
v  -7371.3530 512.6236 958.4233
v  -7377.4072 513.5432 949.4164
v  -7382.4575 514.5104 939.8152
v  -6390.1807 497.7845 1017.8365
v  -6303.6001 512.5643 855.1987
v  -6560.1099 490.7250 1108.0249
v  -6472.3745 493.7325 1068.1108
v  -7213.8354 500.6118 1068.4397
v  -7126.1353 495.9766 1108.2760
v  -6746.6636 537.2814 640.3799
v  -7377.3613 523.4470 846.0715
v  -7371.2988 524.2542 837.0593
v  -7213.6831 533.3422 726.9031
v  -6472.2222 526.4629 726.5742
v  -6559.9224 531.0981 686.7378
v  -7386.4175 521.6440 865.7657
v  -7382.4199 522.5735 855.6771
v  -6651.8613 534.7224 657.8624
v  -7295.9844 506.1886 1018.2384
v  -7295.8770 529.2902 777.1773
v  -6303.6377 504.5011 939.3367
v  -6299.6401 505.4307 929.2482
v  -7034.1963 492.3524 1137.1515
v  -6746.8931 488.0072 1154.5487
v  -6652.0747 488.8070 1136.9819
v  -6295.0010 507.4152 908.0900
v  -6294.4126 508.4473 897.2635
v  -6294.9912 509.4902 886.4377
v  -6296.7505 506.4058 918.7925
v  -6390.0732 520.8860 776.7756
v  -7386.4458 515.5141 929.7302
# 2316 vertices

vn 0.0000 -1.0000 -0.0000
vn 0.0000 0.9986 -0.0528
vn 0.0000 0.0000 -1.0000
vn 0.0000 0.9956 -0.0942
vn -0.9889 -0.1483 -0.0000
vn -0.0000 -0.3714 -0.9285
vn 0.9889 -0.1483 -0.0000
vn 0.0000 1.0000 -0.0000
vn -0.9983 0.0000 0.0585
vn -0.9953 0.0000 0.0968
vn -0.9983 0.0000 0.0575
vn 0.9953 -0.0000 0.0968
vn 0.9983 -0.0000 0.0585
vn 0.9983 -0.0000 0.0575
vn 0.0000 0.3243 -0.9459
vn -1.0000 0.0000 0.0100
vn 0.0000 -0.6071 0.7946
vn 0.9923 -0.0000 0.1237
vn 0.9921 -0.0000 0.1257
vn 1.0000 0.0000 0.0100
vn 1.0000 0.0000 -0.0000
vn -1.0000 0.0000 -0.0000
vn -0.9682 -0.0000 0.2501
vn -0.9801 -0.0000 0.1985
vn -0.9793 -0.0000 0.2026
vn 0.0000 0.0000 1.0000
vn 0.9682 0.0000 0.2501
vn 0.9793 0.0000 0.2026
vn 0.9801 0.0000 0.1985
vn -0.9921 -0.0000 0.1257
vn -0.9923 -0.0000 0.1237
vn 0.0490 0.0000 -0.9988
vn 0.3058 0.0000 -0.9521
vn 0.5418 0.0000 -0.8405
vn 0.7409 0.0000 -0.6716
vn 0.8895 0.0000 -0.4570
vn 0.9504 0.0000 -0.3109
vn 0.9774 0.0000 -0.2112
vn 0.9988 0.0000 0.0490
vn 0.9985 0.0000 -0.0542
vn 0.9839 0.0000 0.1789
vn -0.9966 0.0000 0.0818
vn -0.9988 0.0000 -0.0490
vn -0.9884 0.0000 -0.1519
vn -0.9521 0.0000 -0.3058
vn -0.9156 0.0000 -0.4020
vn -0.8405 0.0000 -0.5418
vn -0.9040 0.0000 -0.4275
vn -0.6716 0.0000 -0.7409
vn -0.4570 0.0000 -0.8895
vn -0.2112 0.0000 -0.9774
vn 0.9415 0.0000 -0.3370
vn -0.0000 0.8660 -0.5000
vn 0.0000 0.9659 -0.2588
vn -0.0000 0.7071 -0.7071
vn 0.0000 0.9914 -0.1305
vn -0.0000 0.5000 -0.8660
vn -0.0000 0.9914 0.1305
vn -0.0000 0.9659 0.2588
vn -0.0000 0.8660 0.5000
vn -0.0000 0.7071 0.7071
vn -0.0000 0.5000 0.8660
vn -0.0000 0.3827 0.9239
vn -0.0000 0.3827 -0.9239
vn 0.0000 0.0919 -0.9958
vn 0.0000 0.9239 0.3827
vn 0.0000 0.0919 0.9958
vn 0.0000 0.9999 0.0170
vn 0.0000 0.9991 0.0422
vn 0.0000 0.9937 0.1124
vn 0.0000 0.9908 0.1355
vn 0.0000 0.9910 0.1336
vn 0.0000 0.9887 0.1496
vn 0.0000 0.9970 0.0772
vn 0.0000 0.9971 0.0755
vn 0.0000 0.9997 0.0241
vn 0.0000 0.9992 0.0408
vn -0.0000 0.9946 0.1035
vn -0.0000 0.9937 0.1117
vn -0.0000 0.9931 0.1175
vn -0.0000 0.9971 0.0755
vn -0.0000 0.9970 0.0772
vn -0.0000 0.9908 0.1355
vn -0.0000 0.9910 0.1336
vn -0.0000 0.9926 0.1213
vn -0.0000 0.9987 0.0508
vn -0.0000 0.9991 0.0422
vn 0.0000 0.9994 0.0341
vn 0.0000 0.9979 0.0644
vn 0.0000 0.9459 0.3243
vn 0.0000 -0.9459 -0.3243
vn -0.2588 -0.9137 -0.3133
vn -0.5000 -0.8192 -0.2809
vn -0.7071 -0.6689 -0.2293
vn -0.8660 -0.4730 -0.1622
vn -0.9659 -0.2448 -0.0839
vn -0.9659 0.2448 0.0839
vn -0.8660 0.4730 0.1622
vn -0.7071 0.6689 0.2293
vn -0.5000 0.8192 0.2809
vn -0.2588 0.9137 0.3133
vn 0.2588 0.9137 0.3133
vn 0.5000 0.8192 0.2809
vn 0.7071 0.6689 0.2293
vn 0.8660 0.4730 0.1622
vn 0.9659 0.2448 0.0839
vn 1.0000 -0.0000 -0.0000
vn 0.9659 -0.2448 -0.0839
vn 0.8660 -0.4730 -0.1622
vn 0.7071 -0.6689 -0.2293
vn 0.5000 -0.8192 -0.2809
vn 0.2588 -0.9137 -0.3133
vn -0.0000 0.9999 0.0108
vn 0.0000 0.0108 -0.9999
vn 0.0000 -0.0108 0.9999
vn -0.0333 -0.0108 0.9994
vn -0.2908 -0.0103 0.9567
vn 0.2266 -0.0105 0.9739
vn 0.4709 -0.0095 0.8821
vn 0.6832 -0.0079 0.7302
vn 0.8489 -0.0057 0.5285
vn 0.9568 -0.0031 0.2908
vn 0.9994 -0.0004 0.0332
vn 0.9740 0.0024 -0.2265
vn 0.8822 0.0051 -0.4709
vn 0.7302 0.0074 -0.6832
vn 0.5285 0.0092 -0.8489
vn 0.2908 0.0103 -0.9567
vn 0.0333 0.0108 -0.9994
vn -0.2266 0.0105 -0.9739
vn -0.4709 0.0095 -0.8821
vn -0.6832 0.0079 -0.7302
vn -0.8489 0.0057 -0.5285
vn -0.9568 0.0031 -0.2908
vn -0.9994 0.0004 -0.0332
vn -0.9740 -0.0024 0.2265
vn -0.8822 -0.0051 0.4709
vn -0.7302 -0.0074 0.6832
vn -0.5285 -0.0092 0.8489
vn 0.2738 0.0104 -0.9617
vn 0.0155 0.0108 -0.9998
vn 0.5134 0.0093 -0.8581
vn 0.7180 0.0075 -0.6960
vn 0.8737 0.0053 -0.4865
vn 0.9698 0.0026 -0.2438
vn 0.9999 -0.0002 0.0155
vn 0.9618 -0.0030 0.2737
vn 0.8582 -0.0055 0.5133
vn 0.6961 -0.0078 0.7179
vn 0.4865 -0.0094 0.8736
vn 0.2438 -0.0105 0.9698
vn -0.0155 -0.0108 0.9998
vn -0.2738 -0.0104 0.9617
vn -0.5134 -0.0093 0.8581
vn -0.7180 -0.0075 0.6960
vn -0.8737 -0.0053 0.4865
vn -0.9698 -0.0026 0.2438
vn -0.9999 0.0002 -0.0155
vn -0.9618 0.0030 -0.2737
vn -0.8582 0.0055 -0.5133
vn -0.6961 0.0078 -0.7179
vn -0.4865 0.0094 -0.8736
vn -0.2438 0.0105 -0.9698
vn -0.7838 0.0067 -0.6209
vn -0.9178 0.0043 -0.3969
vn -0.9893 0.0016 -0.1459
vn -0.9933 -0.0012 0.1151
vn -0.9297 -0.0040 0.3683
vn -0.8027 -0.0064 0.5964
vn -0.6210 -0.0085 0.7838
vn -0.3970 -0.0099 0.9178
vn -0.1459 -0.0107 0.9892
vn 0.1151 -0.0107 0.9933
vn 0.3683 -0.0101 0.9296
vn 0.5964 -0.0087 0.8026
vn 0.7838 -0.0067 0.6209
vn 0.9178 -0.0043 0.3969
vn 0.9893 -0.0016 0.1459
vn 0.9933 0.0012 -0.1151
vn 0.9297 0.0040 -0.3683
vn 0.8027 0.0064 -0.5964
vn 0.6210 0.0085 -0.7838
vn 0.3970 0.0099 -0.9178
vn 0.1459 0.0107 -0.9892
vn -0.1151 0.0107 -0.9933
vn -0.3683 0.0101 -0.9296
vn -0.5964 0.0087 -0.8026
vn -0.0000 -0.0108 0.9999
vn 0.0000 0.9999 0.0108
vn 0.0000 -0.0508 0.9987
vn 0.0000 0.0508 -0.9987
vn 0.3117 0.0103 -0.9501
vn 0.0551 0.0108 -0.9984
vn -0.2052 0.0106 -0.9787
vn -0.4515 0.0096 -0.8922
vn -0.6671 0.0081 -0.7450
vn -0.8371 0.0059 -0.5469
vn -0.9502 0.0034 -0.3117
vn -0.9985 0.0006 -0.0551
vn -0.9787 -0.0022 0.2052
vn -0.8923 -0.0049 0.4515
vn -0.7450 -0.0072 0.6670
vn -0.5470 -0.0090 0.8371
vn -0.3117 -0.0103 0.9501
vn -0.0551 -0.0108 0.9984
vn 0.2052 -0.0106 0.9787
vn 0.4515 -0.0096 0.8922
vn 0.6671 -0.0081 0.7450
vn 0.8371 -0.0059 0.5469
vn 0.9502 -0.0034 0.3117
vn 0.9985 -0.0006 0.0551
vn 0.9787 0.0022 -0.2052
vn 0.8923 0.0049 -0.4515
vn 0.7450 0.0072 -0.6670
vn 0.5470 0.0090 -0.8371
vn -0.1225 -0.0935 0.9880
vn -0.0001 -0.0954 0.9954
vn -0.9771 -0.0112 0.2123
vn -0.9943 -0.0010 0.1068
vn 0.8596 -0.0567 0.5079
vn 0.7356 -0.0714 0.6736
vn -1.0000 0.0093 0.0002
vn 0.0008 0.0954 -0.9954
vn -0.1216 0.0958 -0.9879
vn -0.2419 0.0948 -0.9657
vn -0.3581 0.0924 -0.9291
vn 0.7362 0.0578 -0.6743
vn 0.8598 0.0408 -0.5090
vn 0.9487 0.0214 -0.3154
vn 0.9771 0.0112 -0.2123
vn -0.9942 0.0194 -0.1061
vn -0.9769 0.0294 -0.2118
vn -0.7362 -0.0578 0.6743
vn -0.8599 -0.0408 0.5089
vn -0.9096 -0.0312 0.4144
vn 0.5748 -0.0834 0.8140
vn 0.6231 -0.0804 0.7780
vn 0.9095 0.0313 -0.4146
vn 0.3592 -0.0923 0.9287
vn 0.4698 -0.0886 0.8783
vn -0.4706 -0.0798 0.8787
vn -0.3594 -0.0857 0.9292
vn 0.1228 0.0935 -0.9880
vn -0.8594 0.0567 -0.5082
vn -0.7348 0.0715 -0.6745
vn -0.4694 0.0886 -0.8785
vn 0.4708 0.0798 -0.8786
vn 0.3594 0.0857 -0.9292
vn -0.9485 0.0390 -0.3144
vn -0.9090 0.0481 -0.4140
vn 0.2428 0.0903 -0.9659
vn -0.5750 -0.0727 0.8149
vn -0.6238 -0.0688 0.7786
vn -0.5737 0.0834 -0.8148
vn 0.9486 -0.0389 0.3140
vn 0.9092 -0.0481 0.4137
vn -0.2427 -0.0903 0.9659
vn 0.1221 -0.0958 0.9879
vn 0.2419 -0.0948 0.9657
vn 1.0000 -0.0093 -0.0007
vn 0.9942 -0.0194 0.1061
vn 0.9942 0.0010 -0.1072
vn 0.9770 -0.0293 0.2111
vn 0.5748 0.0728 -0.8150
vn -0.9488 -0.0214 0.3151
vn -0.0093 -0.9954 -0.0954
# 266 vertex normals

vt 0.0000 0.0000 0.0000
vt 0.2829 0.2663 0.0000
vt 0.2827 0.2690 0.0000
vt 0.1504 0.2424 0.0000
vt 0.2836 0.2636 0.0000
vt 0.2849 0.2609 0.0000
vt 0.2868 0.2584 0.0000
vt 0.2892 0.2559 0.0000
vt 0.2921 0.2536 0.0000
vt 0.3227 0.2407 0.0000
vt 0.2831 0.2717 0.0000
vt 0.2840 0.2744 0.0000
vt 0.2856 0.2771 0.0000
vt 0.2876 0.2796 0.0000
vt 0.2902 0.2820 0.0000
vt 0.2933 0.2842 0.0000
vt 0.3312 0.2989 0.0000
vt 0.1334 0.3550 0.0000
vt 0.3723 0.3112 0.0000
vt 0.4160 0.3208 0.0000
vt 0.4617 0.3276 0.0000
vt 0.5087 0.3316 0.0000
vt 0.9463 0.3467 0.0000
vt 0.5563 0.3325 0.0000
vt 0.6038 0.3306 0.0000
vt 0.6505 0.3257 0.0000
vt 0.6956 0.3179 0.0000
vt 0.7385 0.3074 0.0000
vt 0.7786 0.2943 0.0000
vt 0.8152 0.2788 0.0000
vt 0.8181 0.2765 0.0000
vt 0.8205 0.2741 0.0000
vt 0.8224 0.2715 0.0000
vt 0.8237 0.2688 0.0000
vt 0.8245 0.2661 0.0000
vt 0.8247 0.2634 0.0000
vt 0.9419 0.2344 0.0000
vt 0.8243 0.2607 0.0000
vt 0.8233 0.2580 0.0000
vt 0.8218 0.2554 0.0000
vt 0.8197 0.2528 0.0000
vt 0.8171 0.2504 0.0000
vt 0.8140 0.2482 0.0000
vt 0.7826 0.2360 0.0000
vt 0.9205 0.0974 0.0000
vt 0.1693 0.1051 0.0000
vt 0.2032 0.0315 0.0000
vt 0.9222 0.0242 0.0000
vt 0.3161 0.2502 0.0000
vt 0.1438 0.2520 0.0000
vt 0.1789 0.1195 0.0000
vt 0.3221 0.2477 0.0000
vt 0.3622 0.2346 0.0000
vt 0.4051 0.2241 0.0000
vt 0.9301 0.1119 0.0000
vt 0.4502 0.2163 0.0000
vt 0.4969 0.2114 0.0000
vt 0.5444 0.2094 0.0000
vt 0.5920 0.2104 0.0000
vt 0.6390 0.2143 0.0000
vt 0.6847 0.2212 0.0000
vt 0.7284 0.2308 0.0000
vt 0.7696 0.2430 0.0000
vt 0.7760 0.2456 0.0000
vt 0.9353 0.2439 0.0000
vt 0.3159 0.4243 0.0000
vt 0.1172 0.3501 0.0000
vt 0.9300 0.3418 0.0000
vt 0.4183 0.4222 0.0000
vt 0.4246 0.4228 0.0000
vt 0.5243 0.4208 0.0000
vt 0.5226 0.4417 0.0000
vt 0.7615 0.4759 0.0000
vt 0.9051 0.4719 0.0000
vt 0.7571 0.5053 0.0000
vt 0.4236 0.4440 0.0000
vt 0.4173 0.4435 0.0000
vt 0.3155 0.4457 0.0000
vt 0.0912 0.5263 0.0000
vt 0.7457 0.5854 0.0000
vt 0.0802 0.5918 0.0000
vt 0.0925 0.5131 0.0000
vt 0.7539 0.5150 0.0000
vt 0.2384 0.6204 0.0000
vt 0.0976 0.9149 0.0000
vt 0.0924 0.5948 0.0000
vt 0.7493 0.5873 0.0000
vt 0.5922 0.6164 0.0000
vt 0.5755 0.7950 0.0000
vt 0.7086 0.9084 0.0000
vt 0.4865 0.9108 0.0000
vt 0.4784 0.8999 0.0000
vt 0.4626 0.8885 0.0000
vt 0.4419 0.8800 0.0000
vt 0.4178 0.8751 0.0000
vt 0.3920 0.8742 0.0000
vt 0.3664 0.8772 0.0000
vt 0.3427 0.8840 0.0000
vt 0.2356 0.7987 0.0000
vt 0.3227 0.8940 0.0000
vt 0.3076 0.9066 0.0000
vt 0.3037 0.9127 0.0000
vt 0.5694 0.6499 0.0000
vt 0.2157 0.6539 0.0000
vt 0.2295 0.6536 0.0000
vt 0.5930 0.4527 0.0000
vt 0.6059 0.4470 0.0000
vt 0.6052 0.4534 0.0000
vt 0.6048 0.4618 0.0000
vt 0.5943 0.4564 0.0000
vt 0.5948 0.4606 0.0000
vt 0.5953 0.4662 0.0000
vt 0.6046 0.4715 0.0000
vt 0.5956 0.4727 0.0000
vt 0.6047 0.4819 0.0000
vt 0.5958 0.4797 0.0000
vt 0.5958 0.4867 0.0000
vt 0.6050 0.4924 0.0000
vt 0.5957 0.4932 0.0000
vt 0.6055 0.5022 0.0000
vt 0.5954 0.4988 0.0000
vt 0.5950 0.5031 0.0000
vt 0.6062 0.5106 0.0000
vt 0.5945 0.5058 0.0000
vt 0.5858 0.5163 0.0000
vt 0.5933 0.5058 0.0000
vt 0.5926 0.5031 0.0000
vt 0.5921 0.4988 0.0000
vt 0.5916 0.4932 0.0000
vt 0.5853 0.4877 0.0000
vt 0.5913 0.4867 0.0000
vt 0.5778 0.4876 0.0000
vt 0.5911 0.4797 0.0000
vt 0.0454 0.7247 0.0000
vt 0.5911 0.4727 0.0000
vt 0.5912 0.4662 0.0000
vt 0.5915 0.4606 0.0000
vt 0.5919 0.4563 0.0000
vt 0.6066 0.4430 0.0000
vt 0.6075 0.4417 0.0000
vt 0.0509 0.1447 0.0000
vt 0.7279 0.4099 0.0000
vt 0.8835 0.4131 0.0000
vt 0.9064 0.2031 0.0000
vt 0.9119 0.4368 0.0000
vt 0.9218 0.6977 0.0000
vt 0.9144 0.5172 0.0000
vt 0.8999 0.5172 0.0000
vt 0.8664 0.5171 0.0000
vt 0.8657 0.5209 0.0000
vt 0.8649 0.5222 0.0000
vt 0.7832 0.5223 0.0000
vt 0.6089 0.5225 0.0000
vt 0.6079 0.5211 0.0000
vt 0.6070 0.5170 0.0000
vt 0.5782 0.5163 0.0000
vt 0.5820 0.5163 0.0000
vt 0.6098 0.5211 0.0000
vt 0.6255 0.5206 0.0000
vt 0.7823 0.5209 0.0000
vt 0.6264 0.5192 0.0000
vt 0.6473 0.5188 0.0000
vt 0.6851 0.5190 0.0000
vt 0.7814 0.5170 0.0000
vt 0.7463 0.5167 0.0000
vt 0.7302 0.5149 0.0000
vt 0.7290 0.5131 0.0000
vt 0.7278 0.5078 0.0000
vt 0.7267 0.4994 0.0000
vt 0.7257 0.4885 0.0000
vt 0.7250 0.4758 0.0000
vt 0.6825 0.4628 0.0000
vt 0.7246 0.4622 0.0000
vt 0.6478 0.4622 0.0000
vt 0.6275 0.4602 0.0000
vt 0.6268 0.4518 0.0000
vt 0.7244 0.4486 0.0000
vt 0.6259 0.4455 0.0000
vt 0.6250 0.4414 0.0000
vt 0.6241 0.4400 0.0000
vt 0.7246 0.4359 0.0000
vt 0.7250 0.4251 0.0000
vt 0.7258 0.4168 0.0000
vt 0.7268 0.4116 0.0000
vt 0.6232 0.4414 0.0000
vt 0.6224 0.4454 0.0000
vt 0.6085 0.4431 0.0000
vt 0.6094 0.4471 0.0000
vt 0.6218 0.4518 0.0000
vt 0.6102 0.4535 0.0000
vt 0.6214 0.4601 0.0000
vt 0.6109 0.4619 0.0000
vt 0.6212 0.4698 0.0000
vt 0.6114 0.4716 0.0000
vt 0.6213 0.4802 0.0000
vt 0.6117 0.4820 0.0000
vt 0.6216 0.4906 0.0000
vt 0.6118 0.4925 0.0000
vt 0.6221 0.5004 0.0000
vt 0.6116 0.5022 0.0000
vt 0.6228 0.5087 0.0000
vt 0.6112 0.5106 0.0000
vt 0.6236 0.5152 0.0000
vt 0.6106 0.5170 0.0000
vt 0.6246 0.5192 0.0000
vt 0.6280 0.4699 0.0000
vt 0.6283 0.4803 0.0000
vt 0.6283 0.4907 0.0000
vt 0.6282 0.5004 0.0000
vt 0.6278 0.5088 0.0000
vt 0.6271 0.5152 0.0000
vt 0.7451 0.5149 0.0000
vt 0.7314 0.5131 0.0000
vt 0.7439 0.5097 0.0000
vt 0.7323 0.5079 0.0000
vt 0.7428 0.5013 0.0000
vt 0.7331 0.4995 0.0000
vt 0.7418 0.4904 0.0000
vt 0.7335 0.4886 0.0000
vt 0.7411 0.4777 0.0000
vt 0.7337 0.4759 0.0000
vt 0.7406 0.4642 0.0000
vt 0.7335 0.4623 0.0000
vt 0.7404 0.4506 0.0000
vt 0.7331 0.4488 0.0000
vt 0.7406 0.4380 0.0000
vt 0.7323 0.4361 0.0000
vt 0.7411 0.4272 0.0000
vt 0.7314 0.4253 0.0000
vt 0.7418 0.4189 0.0000
vt 0.7303 0.4169 0.0000
vt 0.7428 0.4137 0.0000
vt 0.7291 0.4117 0.0000
vt 0.7439 0.4120 0.0000
vt 0.7589 0.4109 0.0000
vt 0.8825 0.4148 0.0000
vt 0.7601 0.4127 0.0000
vt 0.8816 0.4198 0.0000
vt 0.7613 0.4180 0.0000
vt 0.8810 0.4279 0.0000
vt 0.7624 0.4262 0.0000
vt 0.8806 0.4384 0.0000
vt 0.7633 0.4370 0.0000
vt 0.8513 0.4441 0.0000
vt 0.8627 0.4453 0.0000
vt 0.8806 0.4507 0.0000
vt 0.8636 0.4466 0.0000
vt 0.8644 0.4505 0.0000
vt 0.8808 0.4639 0.0000
vt 0.8653 0.4566 0.0000
vt 0.8660 0.4645 0.0000
vt 0.8813 0.4771 0.0000
vt 0.8666 0.4738 0.0000
vt 0.8670 0.4837 0.0000
vt 0.8821 0.4894 0.0000
vt 0.8672 0.4937 0.0000
vt 0.8831 0.5000 0.0000
vt 0.8671 0.5030 0.0000
vt 0.8842 0.5081 0.0000
vt 0.8668 0.5109 0.0000
vt 0.8854 0.5132 0.0000
vt 0.8866 0.5150 0.0000
vt 0.8876 0.5133 0.0000
vt 0.8885 0.5082 0.0000
vt 0.8891 0.5000 0.0000
vt 0.8895 0.4895 0.0000
vt 0.8895 0.4772 0.0000
vt 0.8893 0.4640 0.0000
vt 0.8887 0.4508 0.0000
vt 0.8879 0.4386 0.0000
vt 0.8975 0.4365 0.0000
vt 0.8869 0.4280 0.0000
vt 0.8858 0.4199 0.0000
vt 0.8847 0.4149 0.0000
vt 0.8521 0.4454 0.0000
vt 0.8619 0.4466 0.0000
vt 0.8530 0.4493 0.0000
vt 0.8612 0.4504 0.0000
vt 0.8539 0.4554 0.0000
vt 0.8608 0.4565 0.0000
vt 0.8546 0.4634 0.0000
vt 0.8605 0.4644 0.0000
vt 0.8552 0.4727 0.0000
vt 0.8604 0.4737 0.0000
vt 0.8556 0.4826 0.0000
vt 0.8606 0.4837 0.0000
vt 0.8557 0.4926 0.0000
vt 0.8610 0.4936 0.0000
vt 0.8557 0.5019 0.0000
vt 0.8616 0.5029 0.0000
vt 0.8554 0.5099 0.0000
vt 0.8623 0.5109 0.0000
vt 0.8549 0.5160 0.0000
vt 0.8632 0.5170 0.0000
vt 0.8542 0.5199 0.0000
vt 0.8640 0.5209 0.0000
vt 0.8534 0.5212 0.0000
vt 0.8371 0.5219 0.0000
vt 0.8248 0.5212 0.0000
vt 0.7840 0.5209 0.0000
vt 0.8126 0.5205 0.0000
vt 0.8239 0.5199 0.0000
vt 0.8134 0.5192 0.0000
vt 0.8230 0.5160 0.0000
vt 0.8141 0.5153 0.0000
vt 0.8222 0.5098 0.0000
vt 0.8146 0.5091 0.0000
vt 0.8214 0.5018 0.0000
vt 0.8149 0.5010 0.0000
vt 0.8209 0.4924 0.0000
vt 0.8150 0.4917 0.0000
vt 0.8205 0.4824 0.0000
vt 0.8148 0.4816 0.0000
vt 0.8203 0.4723 0.0000
vt 0.8145 0.4716 0.0000
vt 0.8204 0.4630 0.0000
vt 0.8139 0.4622 0.0000
vt 0.8207 0.4550 0.0000
vt 0.8132 0.4542 0.0000
vt 0.8212 0.4489 0.0000
vt 0.8123 0.4480 0.0000
vt 0.8219 0.4450 0.0000
vt 0.8114 0.4442 0.0000
vt 0.8227 0.4437 0.0000
vt 0.8106 0.4428 0.0000
vt 0.7979 0.4424 0.0000
vt 0.7987 0.4438 0.0000
vt 0.8098 0.4441 0.0000
vt 0.7996 0.4477 0.0000
vt 0.8091 0.4480 0.0000
vt 0.8005 0.4538 0.0000
vt 0.8086 0.4541 0.0000
vt 0.8012 0.4619 0.0000
vt 0.8083 0.4621 0.0000
vt 0.8018 0.4713 0.0000
vt 0.8082 0.4715 0.0000
vt 0.8021 0.4813 0.0000
vt 0.8083 0.4815 0.0000
vt 0.8023 0.4914 0.0000
vt 0.8087 0.4916 0.0000
vt 0.8022 0.5008 0.0000
vt 0.8093 0.5010 0.0000
vt 0.8019 0.5089 0.0000
vt 0.8100 0.5091 0.0000
vt 0.8014 0.5151 0.0000
vt 0.8108 0.5153 0.0000
vt 0.8007 0.5190 0.0000
vt 0.8117 0.5192 0.0000
vt 0.7999 0.5203 0.0000
vt 0.7990 0.5190 0.0000
vt 0.7847 0.5170 0.0000
vt 0.7981 0.5151 0.0000
vt 0.7852 0.5108 0.0000
vt 0.7973 0.5089 0.0000
vt 0.7855 0.5027 0.0000
vt 0.7965 0.5008 0.0000
vt 0.7856 0.4933 0.0000
vt 0.7960 0.4914 0.0000
vt 0.7855 0.4832 0.0000
vt 0.7956 0.4813 0.0000
vt 0.7851 0.4731 0.0000
vt 0.7954 0.4712 0.0000
vt 0.7846 0.4637 0.0000
vt 0.7955 0.4618 0.0000
vt 0.7838 0.4556 0.0000
vt 0.7958 0.4538 0.0000
vt 0.7830 0.4494 0.0000
vt 0.7964 0.4476 0.0000
vt 0.7821 0.4455 0.0000
vt 0.7812 0.4441 0.0000
vt 0.7971 0.4437 0.0000
vt 0.7641 0.4496 0.0000
vt 0.7804 0.4454 0.0000
vt 0.7797 0.4493 0.0000
vt 0.7792 0.4555 0.0000
vt 0.7646 0.4631 0.0000
vt 0.7788 0.4636 0.0000
vt 0.7647 0.4766 0.0000
vt 0.7787 0.4730 0.0000
vt 0.7789 0.4831 0.0000
vt 0.7646 0.4892 0.0000
vt 0.7792 0.4932 0.0000
vt 0.7642 0.5000 0.0000
vt 0.7798 0.5027 0.0000
vt 0.7634 0.5084 0.0000
vt 0.7805 0.5108 0.0000
vt 0.7625 0.5136 0.0000
vt 0.7614 0.5154 0.0000
vt 0.7474 0.5149 0.0000
vt 0.7602 0.5136 0.0000
vt 0.7484 0.5097 0.0000
vt 0.7590 0.5083 0.0000
vt 0.7491 0.5013 0.0000
vt 0.7579 0.5000 0.0000
vt 0.7495 0.4905 0.0000
vt 0.7569 0.4891 0.0000
vt 0.7497 0.4778 0.0000
vt 0.7562 0.4765 0.0000
vt 0.7495 0.4643 0.0000
vt 0.7557 0.4630 0.0000
vt 0.7491 0.4508 0.0000
vt 0.7555 0.4494 0.0000
vt 0.7483 0.4381 0.0000
vt 0.7557 0.4369 0.0000
vt 0.7474 0.4273 0.0000
vt 0.7561 0.4261 0.0000
vt 0.7462 0.4190 0.0000
vt 0.7568 0.4178 0.0000
vt 0.7451 0.4138 0.0000
vt 0.7578 0.4127 0.0000
vt 0.8505 0.4454 0.0000
vt 0.8350 0.4446 0.0000
vt 0.8359 0.4459 0.0000
vt 0.8498 0.4492 0.0000
vt 0.8368 0.4498 0.0000
vt 0.8493 0.4553 0.0000
vt 0.8376 0.4559 0.0000
vt 0.8490 0.4633 0.0000
vt 0.8383 0.4639 0.0000
vt 0.8490 0.4726 0.0000
vt 0.8389 0.4732 0.0000
vt 0.8491 0.4825 0.0000
vt 0.8393 0.4832 0.0000
vt 0.8495 0.4925 0.0000
vt 0.8395 0.4932 0.0000
vt 0.8501 0.5018 0.0000
vt 0.8394 0.5026 0.0000
vt 0.8508 0.5098 0.0000
vt 0.8391 0.5106 0.0000
vt 0.8517 0.5160 0.0000
vt 0.8386 0.5167 0.0000
vt 0.8526 0.5199 0.0000
vt 0.8379 0.5206 0.0000
vt 0.8236 0.4451 0.0000
vt 0.8342 0.4459 0.0000
vt 0.8244 0.4489 0.0000
vt 0.8335 0.4497 0.0000
vt 0.8253 0.4551 0.0000
vt 0.8330 0.4558 0.0000
vt 0.8260 0.4631 0.0000
vt 0.8327 0.4638 0.0000
vt 0.8266 0.4724 0.0000
vt 0.8327 0.4731 0.0000
vt 0.8270 0.4824 0.0000
vt 0.8328 0.4831 0.0000
vt 0.8271 0.4925 0.0000
vt 0.8332 0.4932 0.0000
vt 0.8271 0.5018 0.0000
vt 0.8338 0.5025 0.0000
vt 0.8268 0.5099 0.0000
vt 0.8345 0.5105 0.0000
vt 0.8263 0.5160 0.0000
vt 0.8354 0.5167 0.0000
vt 0.8256 0.5199 0.0000
vt 0.8363 0.5206 0.0000
vt 0.5816 0.4876 0.0000
vt 2.0671 7.1738 0.0000
vt 2.0658 7.1540 0.0000
vt 2.0686 7.1491 0.0000
vt 2.0699 7.1689 0.0000
vt 0.7211 9.4701 0.0000
vt 0.7216 9.4990 0.0000
vt 0.7163 9.5080 0.0000
vt 0.7159 9.4791 0.0000
vt 0.8240 2.2352 0.0000
vt 0.8256 2.2655 0.0000
vt 0.8246 2.2711 0.0000
vt 0.8230 2.2408 0.0000
vt 0.5117 4.5560 0.0000
vt 0.5113 4.5758 0.0000
vt 0.5106 4.5727 0.0000
vt 0.5109 4.5529 0.0000
vt 0.4768 -0.2636 0.0000
vt 0.4760 -0.2547 0.0000
vt 0.4755 -0.2597 0.0000
vt 0.4763 -0.2686 0.0000
vt 0.5452 -1.3441 0.0000
vt 0.5443 -1.3386 0.0000
vt 0.5439 -1.3438 0.0000
vt 0.5449 -1.3494 0.0000
vt 0.6150 -1.1322 0.0000
vt 0.6153 -1.1267 0.0000
vt 0.6144 -1.1222 0.0000
vt 0.6140 -1.1277 0.0000
vt 0.6886 -0.2104 0.0000
vt 0.6889 -0.2043 0.0000
vt 0.6879 -0.1999 0.0000
vt 0.6876 -0.2060 0.0000
vt 0.7738 1.2767 0.0000
vt 0.7741 1.2836 0.0000
vt 0.7731 1.2886 0.0000
vt 0.7727 1.2817 0.0000
vt 0.8793 3.3035 0.0000
vt 0.8798 3.3115 0.0000
vt 0.8787 3.3180 0.0000
vt 0.8783 3.3099 0.0000
vt 1.0160 5.8550 0.0000
vt 1.0165 5.8646 0.0000
vt 1.0155 5.8733 0.0000
vt 1.0150 5.8638 0.0000
vt 1.1990 8.8433 0.0000
vt 1.1997 8.8545 0.0000
vt 1.1987 8.8671 0.0000
vt 1.1980 8.8559 0.0000
vt 1.4511 11.9521 0.0000
vt 1.4518 11.9336 0.0000
vt 1.4527 11.9460 0.0000
vt 1.4519 11.9645 0.0000
vt 1.7969 13.9572 0.0000
vt 1.7970 13.9314 0.0000
vt 1.7980 13.9423 0.0000
vt 1.7979 13.9681 0.0000
vt 2.0942 11.1199 0.0000
vt 2.0932 11.0939 0.0000
vt 2.0939 11.0971 0.0000
vt 2.0950 11.1232 0.0000
vt 1.9103 3.5298 0.0000
vt 1.9091 3.5162 0.0000
vt 1.9093 3.5133 0.0000
vt 1.9106 3.5269 0.0000
vt 1.6560 -0.0810 0.0000
vt 1.6549 -0.0882 0.0000
vt 1.6549 -0.0921 0.0000
vt 1.6560 -0.0849 0.0000
vt 1.5440 -0.9874 0.0000
vt 1.5430 -0.9925 0.0000
vt 1.5429 -0.9967 0.0000
vt 1.5092 -0.8403 0.0000
vt 1.5083 -0.8445 0.0000
vt 1.5081 -0.8491 0.0000
vt 1.5180 -0.0815 0.0000
vt 1.5170 -0.0854 0.0000
vt 1.5169 -0.0906 0.0000
vt 1.5179 -0.0866 0.0000
vt 1.5567 1.1749 0.0000
vt 1.5556 1.1709 0.0000
vt 1.5554 1.1650 0.0000
vt 1.5565 1.1690 0.0000
vt 1.6177 2.9100 0.0000
vt 1.6165 2.9057 0.0000
vt 1.6163 2.8987 0.0000
vt 1.6174 2.9031 0.0000
vt 1.6931 5.1346 0.0000
vt 1.6918 5.1294 0.0000
vt 1.6915 5.1210 0.0000
vt 1.6928 5.1261 0.0000
vt 1.7684 7.8593 0.0000
vt 1.7669 7.8524 0.0000
vt 1.7666 7.8421 0.0000
vt 1.7681 7.8490 0.0000
vt 1.8058 11.0279 0.0000
vt 1.8076 11.0387 0.0000
vt 1.8079 11.0513 0.0000
vt 1.8061 11.0406 0.0000
vt 1.6994 14.2495 0.0000
vt 1.7015 14.2691 0.0000
vt 1.7015 14.2834 0.0000
vt 1.6995 14.2638 0.0000
vt 1.1425 13.7261 0.0000
vt 1.1440 13.7581 0.0000
vt 1.1433 13.7667 0.0000
vt 1.1418 13.7347 0.0000
vt 1.9051 3.5992 0.0000
vt 1.9039 3.5856 0.0000
vt 1.9042 3.5812 0.0000
vt 1.9055 3.5948 0.0000
vt 1.6562 0.0071 0.0000
vt 1.6552 -0.0002 0.0000
vt 1.6552 -0.0061 0.0000
vt 1.6562 0.0012 0.0000
vt 1.5458 -0.9054 0.0000
vt 1.5448 -0.9105 0.0000
vt 1.5447 -0.9169 0.0000
vt 1.5457 -0.9118 0.0000
vt 1.5113 -0.7713 0.0000
vt 1.5103 -0.7756 0.0000
vt 1.5101 -0.7825 0.0000
vt 1.5111 -0.7782 0.0000
vt 1.5197 -0.0319 0.0000
vt 1.5187 -0.0359 0.0000
vt 1.5184 -0.0436 0.0000
vt 1.5194 -0.0396 0.0000
vt 1.5575 1.1965 0.0000
vt 1.5564 1.1925 0.0000
vt 1.5561 1.1837 0.0000
vt 1.5571 1.1877 0.0000
vt 1.6170 2.8921 0.0000
vt 1.6159 2.8878 0.0000
vt 1.6155 2.8774 0.0000
vt 1.6167 2.8817 0.0000
vt 1.6906 5.0621 0.0000
vt 1.6893 5.0570 0.0000
vt 1.6889 5.0444 0.0000
vt 1.6902 5.0496 0.0000
vt 1.7640 7.7145 0.0000
vt 1.7626 7.7076 0.0000
vt 1.7621 7.6922 0.0000
vt 1.7636 7.6991 0.0000
vt 1.8006 10.7888 0.0000
vt 1.8023 10.7994 0.0000
vt 1.8027 10.8182 0.0000
vt 1.8010 10.8075 0.0000
vt 1.6984 13.9345 0.0000
vt 1.7005 13.9538 0.0000
vt 1.7005 13.9749 0.0000
vt 1.6985 13.9556 0.0000
vt 1.1577 13.5233 0.0000
vt 1.1592 13.5549 0.0000
vt 1.1582 13.5675 0.0000
vt 1.1568 13.5360 0.0000
vt 0.5297 4.6306 0.0000
vt 0.5294 4.6504 0.0000
vt 0.5282 4.6458 0.0000
vt 0.5286 4.6259 0.0000
vt 0.4874 -0.1498 0.0000
vt 0.4866 -0.1408 0.0000
vt 0.4858 -0.1484 0.0000
vt 0.4867 -0.1574 0.0000
vt 0.5522 -1.2418 0.0000
vt 0.5513 -1.2362 0.0000
vt 0.5508 -1.2442 0.0000
vt 0.5517 -1.2497 0.0000
vt 0.6197 -1.0513 0.0000
vt 0.6202 -1.0429 0.0000
vt 0.6193 -1.0384 0.0000
vt 0.6188 -1.0468 0.0000
vt 0.6916 -0.1544 0.0000
vt 0.6921 -0.1453 0.0000
vt 0.6911 -0.1408 0.0000
vt 0.6906 -0.1500 0.0000
vt 0.7749 1.2986 0.0000
vt 0.7754 1.3090 0.0000
vt 0.7744 1.3140 0.0000
vt 0.7739 1.3036 0.0000
vt 0.8781 3.2787 0.0000
vt 0.8787 3.2908 0.0000
vt 0.8776 3.2972 0.0000
vt 0.8770 3.2851 0.0000
vt 1.0113 5.7680 0.0000
vt 1.0121 5.7823 0.0000
vt 1.0110 5.7910 0.0000
vt 1.0103 5.7767 0.0000
vt 1.1895 8.6806 0.0000
vt 1.1905 8.6973 0.0000
vt 1.1895 8.7097 0.0000
vt 1.1885 8.6930 0.0000
vt 1.4351 11.7178 0.0000
vt 1.4358 11.6996 0.0000
vt 1.4371 11.7179 0.0000
vt 1.4364 11.7361 0.0000
vt 1.7746 13.7172 0.0000
vt 1.7747 13.6917 0.0000
vt 1.7762 13.7078 0.0000
vt 1.7761 13.7333 0.0000
vt 2.0754 11.0422 0.0000
vt 2.0744 11.0163 0.0000
vt 2.0756 11.0212 0.0000
vt 2.0766 11.0471 0.0000
vt 0.7761 1.3212 0.0000
vt 0.7766 1.3317 0.0000
vt 0.7756 1.3367 0.0000
vt 0.7750 1.3263 0.0000
vt 0.8764 3.2479 0.0000
vt 0.8771 3.2600 0.0000
vt 0.8760 3.2664 0.0000
vt 0.8754 3.2543 0.0000
vt 1.0059 5.6671 0.0000
vt 1.0066 5.6813 0.0000
vt 1.0056 5.6899 0.0000
vt 1.0048 5.6757 0.0000
vt 1.1787 8.4955 0.0000
vt 1.1796 8.5120 0.0000
vt 1.1786 8.5243 0.0000
vt 1.1777 8.5077 0.0000
vt 1.4171 11.4541 0.0000
vt 1.4179 11.4362 0.0000
vt 1.4191 11.4543 0.0000
vt 1.4183 11.4722 0.0000
vt 1.7496 13.4482 0.0000
vt 1.7497 13.4231 0.0000
vt 1.7512 13.4391 0.0000
vt 1.7511 13.4642 0.0000
vt 2.0542 10.9547 0.0000
vt 2.0532 10.9288 0.0000
vt 2.0544 10.9337 0.0000
vt 2.0554 10.9596 0.0000
vt 1.8993 3.6778 0.0000
vt 1.8980 3.6641 0.0000
vt 1.8983 3.6596 0.0000
vt 1.8996 3.6734 0.0000
vt 1.6566 0.1063 0.0000
vt 1.6555 0.0989 0.0000
vt 1.6555 0.0929 0.0000
vt 1.6565 0.1003 0.0000
vt 1.5478 -0.8141 0.0000
vt 1.5468 -0.8193 0.0000
vt 1.5467 -0.8257 0.0000
vt 1.5477 -0.8206 0.0000
vt 1.5135 -0.6959 0.0000
vt 1.5126 -0.7002 0.0000
vt 1.5124 -0.7071 0.0000
vt 1.5133 -0.7028 0.0000
vt 1.5215 0.0202 0.0000
vt 1.5204 0.0162 0.0000
vt 1.5202 0.0085 0.0000
vt 1.5212 0.0125 0.0000
vt 1.5581 1.2158 0.0000
vt 1.5571 1.2118 0.0000
vt 1.5567 1.2029 0.0000
vt 1.5578 1.2069 0.0000
vt 1.6161 2.8656 0.0000
vt 1.6149 2.8613 0.0000
vt 1.6146 2.8509 0.0000
vt 1.6157 2.8552 0.0000
vt 1.6876 4.9733 0.0000
vt 1.6864 4.9682 0.0000
vt 1.6859 4.9557 0.0000
vt 1.6872 4.9608 0.0000
vt 1.7590 7.5441 0.0000
vt 1.7575 7.5373 0.0000
vt 1.7571 7.5221 0.0000
vt 1.7585 7.5289 0.0000
vt 1.7947 10.5210 0.0000
vt 1.7965 10.5315 0.0000
vt 1.7969 10.5499 0.0000
vt 1.7951 10.5394 0.0000
vt 1.6974 13.5855 0.0000
vt 1.6994 13.6044 0.0000
vt 1.6994 13.6250 0.0000
vt 1.6974 13.6060 0.0000
vt 1.1746 13.2988 0.0000
vt 1.1761 13.3299 0.0000
vt 1.1751 13.3423 0.0000
vt 1.1736 13.3112 0.0000
vt 0.5499 4.7141 0.0000
vt 0.5496 4.7341 0.0000
vt 0.5485 4.7294 0.0000
vt 0.5488 4.7095 0.0000
vt 0.4993 -0.0223 0.0000
vt 0.4984 -0.0131 0.0000
vt 0.4977 -0.0208 0.0000
vt 0.4985 -0.0300 0.0000
vt 0.5600 -1.1281 0.0000
vt 0.5591 -1.1225 0.0000
vt 0.5585 -1.1305 0.0000
vt 0.5594 -1.1362 0.0000
vt 0.6251 -0.9600 0.0000
vt 0.6256 -0.9515 0.0000
vt 0.6246 -0.9469 0.0000
vt 0.6241 -0.9554 0.0000
vt 0.6949 -0.0923 0.0000
vt 0.6954 -0.0831 0.0000
vt 0.6944 -0.0786 0.0000
vt 0.6939 -0.0879 0.0000
vt 0.7581 0.4191 0.0000
vt 0.7590 0.4176 0.0000
vt 0.7601 0.4192 0.0000
vt 0.7611 0.4237 0.0000
vt 0.7573 0.4236 0.0000
vt 0.7621 0.4309 0.0000
vt 0.7566 0.4308 0.0000
vt 0.7629 0.4403 0.0000
vt 0.7562 0.4402 0.0000
vt 0.7636 0.4513 0.0000
vt 0.7561 0.4512 0.0000
vt 0.7642 0.4749 0.0000
vt 0.7567 0.4748 0.0000
vt 0.7640 0.4859 0.0000
vt 0.7573 0.4858 0.0000
vt 0.7636 0.4953 0.0000
vt 0.7582 0.4952 0.0000
vt 0.7630 0.5025 0.0000
vt 0.7591 0.5025 0.0000
vt 0.7622 0.5071 0.0000
vt 0.7602 0.5071 0.0000
vt 0.7612 0.5087 0.0000
vt 0.7430 0.4202 0.0000
vt 0.7440 0.4186 0.0000
vt 0.7451 0.4202 0.0000
vt 0.7461 0.4248 0.0000
vt 0.7422 0.4247 0.0000
vt 0.7471 0.4320 0.0000
vt 0.7416 0.4319 0.0000
vt 0.7479 0.4415 0.0000
vt 0.7412 0.4413 0.0000
vt 0.7486 0.4525 0.0000
vt 0.7410 0.4523 0.0000
vt 0.7491 0.4761 0.0000
vt 0.7416 0.4760 0.0000
vt 0.7490 0.4871 0.0000
vt 0.7422 0.4870 0.0000
vt 0.7486 0.4966 0.0000
vt 0.7431 0.4965 0.0000
vt 0.7479 0.5039 0.0000
vt 0.7440 0.5038 0.0000
vt 0.7471 0.5084 0.0000
vt 0.7451 0.5084 0.0000
vt 0.7461 0.5100 0.0000
vt 0.7270 0.4181 0.0000
vt 0.7280 0.4165 0.0000
vt 0.7291 0.4181 0.0000
vt 0.7301 0.4227 0.0000
vt 0.7262 0.4226 0.0000
vt 0.7311 0.4300 0.0000
vt 0.7256 0.4299 0.0000
vt 0.7319 0.4394 0.0000
vt 0.7251 0.4393 0.0000
vt 0.7326 0.4505 0.0000
vt 0.7250 0.4503 0.0000
vt 0.7331 0.4742 0.0000
vt 0.7255 0.4741 0.0000
vt 0.7330 0.4852 0.0000
vt 0.7262 0.4851 0.0000
vt 0.7325 0.4947 0.0000
vt 0.7270 0.4947 0.0000
vt 0.7319 0.5020 0.0000
vt 0.7280 0.5020 0.0000
vt 0.7311 0.5066 0.0000
vt 0.7290 0.5066 0.0000
vt 0.7301 0.5082 0.0000
vt 0.7208 5.3994 0.0000
vt 0.7205 5.4406 0.0000
vt 0.7190 5.4343 0.0000
vt 0.7193 5.3932 0.0000
vt 0.6040 1.0855 0.0000
vt 0.6024 1.1059 0.0000
vt 0.6014 1.0949 0.0000
vt 0.6030 1.0745 0.0000
vt 0.6291 -0.1350 0.0000
vt 0.6273 -0.1222 0.0000
vt 0.6265 -0.1337 0.0000
vt 0.6284 -0.1466 0.0000
vt 0.6726 -0.1707 0.0000
vt 0.6733 -0.1586 0.0000
vt 0.6713 -0.1485 0.0000
vt 0.6706 -0.1605 0.0000
vt 0.7246 0.4345 0.0000
vt 0.7253 0.4473 0.0000
vt 0.7233 0.4569 0.0000
vt 0.7226 0.4441 0.0000
vt 0.7869 1.5037 0.0000
vt 0.7876 1.5178 0.0000
vt 0.7856 1.5282 0.0000
vt 0.7848 1.5141 0.0000
vt 0.8639 2.9803 0.0000
vt 0.8647 2.9961 0.0000
vt 0.8626 3.0084 0.0000
vt 0.8618 2.9926 0.0000
vt 0.9622 4.8302 0.0000
vt 0.9632 4.8481 0.0000
vt 0.9610 4.8640 0.0000
vt 0.9601 4.8461 0.0000
vt 1.0927 6.9983 0.0000
vt 1.0938 7.0183 0.0000
vt 1.0918 7.0400 0.0000
vt 1.0906 7.0199 0.0000
vt 1.2746 9.3660 0.0000
vt 1.2763 9.3352 0.0000
vt 1.2777 9.3567 0.0000
vt 1.2761 9.3876 0.0000
vt 1.5502 11.3027 0.0000
vt 1.5507 11.2587 0.0000
vt 1.5525 11.2778 0.0000
vt 1.5520 11.3220 0.0000
vt 1.8763 10.2190 0.0000
vt 1.8746 10.1688 0.0000
vt 1.8762 10.1752 0.0000
vt 1.8779 10.2255 0.0000
vt 1.8469 4.3764 0.0000
vt 1.8444 4.3468 0.0000
vt 1.8448 4.3404 0.0000
vt 1.8474 4.3699 0.0000
vt 1.6594 0.9939 0.0000
vt 1.6571 0.9780 0.0000
vt 1.6571 0.9690 0.0000
vt 1.6593 0.9850 0.0000
vt 1.5656 -0.0037 0.0000
vt 1.5635 -0.0147 0.0000
vt 1.5633 -0.0242 0.0000
vt 1.5654 -0.0131 0.0000
vt 1.5332 -0.0344 0.0000
vt 1.5312 -0.0434 0.0000
vt 1.5309 -0.0534 0.0000
vt 1.5329 -0.0444 0.0000
vt 1.5366 0.4706 0.0000
vt 1.5345 0.4624 0.0000
vt 1.5341 0.4516 0.0000
vt 1.5362 0.4598 0.0000
vt 1.5639 1.3785 0.0000
vt 1.5617 1.3705 0.0000
vt 1.5613 1.3585 0.0000
vt 1.5634 1.3665 0.0000
vt 1.6083 2.6439 0.0000
vt 1.6060 2.6353 0.0000
vt 1.6055 2.6217 0.0000
vt 1.6078 2.6303 0.0000
vt 1.6634 4.2501 0.0000
vt 1.6609 4.2402 0.0000
vt 1.6604 4.2246 0.0000
vt 1.6629 4.2345 0.0000
vt 1.7188 6.1936 0.0000
vt 1.7160 6.1809 0.0000
vt 1.7154 6.1627 0.0000
vt 1.7182 6.1755 0.0000
vt 1.7479 8.4392 0.0000
vt 1.7510 8.4581 0.0000
vt 1.7515 8.4791 0.0000
vt 1.7483 8.4602 0.0000
vt 1.6873 10.9223 0.0000
vt 1.6910 10.9549 0.0000
vt 1.6910 10.9776 0.0000
vt 1.6874 10.9450 0.0000
vt 1.3036 11.5328 0.0000
vt 1.3066 11.5877 0.0000
vt 1.3055 11.6019 0.0000
vt 1.3026 11.5470 0.0000
vt 1.5643 -0.0109 0.0000
vt 1.5641 -0.0191 0.0000
vt 1.6580 0.9838 0.0000
vt 1.6580 0.9760 0.0000
vt 1.8454 4.3582 0.0000
vt 1.8458 4.3526 0.0000
vt 1.8754 10.1893 0.0000
vt 1.8767 10.1949 0.0000
vt 1.5506 11.2775 0.0000
vt 1.5508 11.2599 0.0000
vt 1.5524 11.2766 0.0000
vt 1.5522 11.2942 0.0000
vt 1.2757 9.3489 0.0000
vt 1.2764 9.3366 0.0000
vt 1.2776 9.3553 0.0000
vt 1.2770 9.3677 0.0000
vt 1.0927 6.9995 0.0000
vt 1.0938 7.0171 0.0000
vt 1.0930 7.0257 0.0000
vt 1.0919 7.0082 0.0000
vt 0.9623 4.8314 0.0000
vt 0.9631 4.8469 0.0000
vt 0.9622 4.8533 0.0000
vt 0.9614 4.8377 0.0000
vt 0.8639 2.9813 0.0000
vt 0.8647 2.9950 0.0000
vt 0.8638 3.0000 0.0000
vt 0.8631 2.9862 0.0000
vt 0.7868 1.5211 0.0000
vt 0.7861 1.5088 0.0000
vt 0.7239 0.4391 0.0000
vt 0.6725 -0.1553 0.0000
vt 0.6718 -0.1658 0.0000
vt 0.6284 -0.1306 0.0000
vt 0.6277 -0.1407 0.0000
vt 0.6033 1.0930 0.0000
vt 0.6024 1.0834 0.0000
vt 0.7206 5.4155 0.0000
vt 0.7193 5.4100 0.0000
vt 1.3047 11.5557 0.0000
vt 1.3038 11.5681 0.0000
vt 1.6873 10.9238 0.0000
vt 1.6888 10.9368 0.0000
vt 1.6888 10.9566 0.0000
vt 1.6874 10.9436 0.0000
vt 1.7479 8.4406 0.0000
vt 1.7491 8.4481 0.0000
vt 1.7495 8.4664 0.0000
vt 1.7483 8.4589 0.0000
vt 1.7171 6.1848 0.0000
vt 1.7159 6.1797 0.0000
vt 1.7155 6.1639 0.0000
vt 1.7166 6.1690 0.0000
vt 1.6619 4.2432 0.0000
vt 1.6614 4.2296 0.0000
vt 1.6069 2.6379 0.0000
vt 1.6065 2.6260 0.0000
vt 1.5625 1.3729 0.0000
vt 1.5622 1.3625 0.0000
vt 1.5353 0.4650 0.0000
vt 1.5350 0.4556 0.0000
vt 1.5320 -0.0404 0.0000
vt 1.5317 -0.0491 0.0000
vt 1.8965 10.3024 0.0000
vt 1.8947 10.2521 0.0000
vt 1.8963 10.2585 0.0000
vt 1.8980 10.3089 0.0000
vt 1.8531 4.2935 0.0000
vt 1.8506 4.2642 0.0000
vt 1.8511 4.2578 0.0000
vt 1.8536 4.2871 0.0000
vt 1.6590 0.8878 0.0000
vt 1.6568 0.8720 0.0000
vt 1.6568 0.8632 0.0000
vt 1.6590 0.8790 0.0000
vt 1.5635 -0.1001 0.0000
vt 1.5614 -0.1110 0.0000
vt 1.5612 -0.1204 0.0000
vt 1.5633 -0.1095 0.0000
vt 1.5309 -0.1125 0.0000
vt 1.5289 -0.1214 0.0000
vt 1.5286 -0.1314 0.0000
vt 1.5306 -0.1224 0.0000
vt 1.5348 0.4179 0.0000
vt 1.5327 0.4097 0.0000
vt 1.5324 0.3989 0.0000
vt 1.5344 0.4071 0.0000
vt 1.5632 1.3594 0.0000
vt 1.5610 1.3514 0.0000
vt 1.5606 1.3394 0.0000
vt 1.5628 1.3474 0.0000
vt 1.6092 2.6684 0.0000
vt 1.6069 2.6598 0.0000
vt 1.6064 2.6462 0.0000
vt 1.6087 2.6548 0.0000
vt 1.6661 4.3297 0.0000
vt 1.6635 4.3197 0.0000
vt 1.6630 4.3040 0.0000
vt 1.6655 4.3139 0.0000
vt 1.7231 6.3396 0.0000
vt 1.7203 6.3268 0.0000
vt 1.7198 6.3084 0.0000
vt 1.7226 6.3213 0.0000
vt 1.7526 8.6584 0.0000
vt 1.7558 8.6775 0.0000
vt 1.7563 8.6988 0.0000
vt 1.7531 8.6797 0.0000
vt 1.6882 11.1983 0.0000
vt 1.6918 11.2313 0.0000
vt 1.6919 11.2545 0.0000
vt 1.6882 11.2214 0.0000
vt 1.2898 11.7172 0.0000
vt 1.2927 11.7728 0.0000
vt 1.2916 11.7873 0.0000
vt 1.2887 11.7316 0.0000
vt 0.7014 5.3190 0.0000
vt 0.7010 5.3600 0.0000
vt 0.6995 5.3538 0.0000
vt 0.6999 5.3128 0.0000
vt 0.5918 0.9542 0.0000
vt 0.5902 0.9744 0.0000
vt 0.5892 0.9634 0.0000
vt 0.5908 0.9433 0.0000
vt 0.6211 -0.2529 0.0000
vt 0.6192 -0.2403 0.0000
vt 0.6185 -0.2517 0.0000
vt 0.6203 -0.2644 0.0000
vt 0.6671 -0.2644 0.0000
vt 0.6678 -0.2524 0.0000
vt 0.6658 -0.2424 0.0000
vt 0.6651 -0.2543 0.0000
vt 0.7213 0.3720 0.0000
vt 0.7220 0.3848 0.0000
vt 0.7200 0.3943 0.0000
vt 0.7193 0.3815 0.0000
vt 0.7857 1.4813 0.0000
vt 0.7865 1.4954 0.0000
vt 0.7844 1.5057 0.0000
vt 0.7837 1.4916 0.0000
vt 0.8654 3.0087 0.0000
vt 0.8662 3.0245 0.0000
vt 0.8641 3.0370 0.0000
vt 0.8632 3.0211 0.0000
vt 0.9671 4.9211 0.0000
vt 0.9681 4.9390 0.0000
vt 0.9659 4.9551 0.0000
vt 0.9650 4.9371 0.0000
vt 1.1021 7.1595 0.0000
vt 1.1033 7.1797 0.0000
vt 1.1013 7.2017 0.0000
vt 1.1001 7.1814 0.0000
vt 1.2900 9.5910 0.0000
vt 1.2916 9.5597 0.0000
vt 1.2931 9.5814 0.0000
vt 1.2915 9.6128 0.0000
vt 1.5719 11.5357 0.0000
vt 1.5723 11.4910 0.0000
vt 1.5741 11.5104 0.0000
vt 1.5737 11.5552 0.0000
vt 0.9672 4.9222 0.0000
vt 0.9680 4.9379 0.0000
vt 0.9672 4.9443 0.0000
vt 0.9663 4.9286 0.0000
vt 0.8654 3.0097 0.0000
vt 0.8661 3.0235 0.0000
vt 0.8653 3.0285 0.0000
vt 0.8646 3.0147 0.0000
vt 0.7856 1.4986 0.0000
vt 0.7849 1.4863 0.0000
vt 0.7211 0.3878 0.0000
vt 0.7205 0.3766 0.0000
vt 0.6670 -0.2492 0.0000
vt 0.6663 -0.2596 0.0000
vt 0.6203 -0.2486 0.0000
vt 0.6196 -0.2586 0.0000
vt 0.5911 0.9616 0.0000
vt 0.5902 0.9521 0.0000
vt 0.7011 5.3350 0.0000
vt 0.6998 5.3296 0.0000
vt 1.2909 11.7403 0.0000
vt 1.2899 11.7529 0.0000
vt 1.6882 11.1997 0.0000
vt 1.6896 11.2129 0.0000
vt 1.6897 11.2332 0.0000
vt 1.6882 11.2199 0.0000
vt 1.7527 8.6597 0.0000
vt 1.7539 8.6674 0.0000
vt 1.7543 8.6860 0.0000
vt 1.7531 8.6783 0.0000
vt 1.7214 6.3307 0.0000
vt 1.7203 6.3256 0.0000
vt 1.7198 6.3096 0.0000
vt 1.7209 6.3147 0.0000
vt 1.6645 4.3227 0.0000
vt 1.6635 4.3187 0.0000
vt 1.6631 4.3050 0.0000
vt 1.6641 4.3090 0.0000
vt 1.6078 2.6624 0.0000
vt 1.6073 2.6505 0.0000
vt 1.5619 1.3538 0.0000
vt 1.5615 1.3434 0.0000
vt 1.5335 0.4123 0.0000
vt 1.5332 0.4029 0.0000
vt 1.5297 -0.1185 0.0000
vt 1.5294 -0.1271 0.0000
vt 1.5622 -0.1073 0.0000
vt 1.5620 -0.1154 0.0000
vt 1.6577 0.8778 0.0000
vt 1.6577 0.8701 0.0000
vt 1.8516 4.2755 0.0000
vt 1.8520 4.2699 0.0000
vt 1.8955 10.2726 0.0000
vt 1.8969 10.2782 0.0000
vt 1.5723 11.5101 0.0000
vt 1.5724 11.4923 0.0000
vt 1.5740 11.5092 0.0000
vt 1.5738 11.5271 0.0000
vt 1.2910 9.5736 0.0000
vt 1.2917 9.5610 0.0000
vt 1.2930 9.5800 0.0000
vt 1.2923 9.5926 0.0000
vt 1.1022 7.1608 0.0000
vt 1.1032 7.1784 0.0000
vt 1.1024 7.1872 0.0000
vt 1.1014 7.1695 0.0000
vt 1.6100 2.6910 0.0000
vt 1.6077 2.6825 0.0000
vt 1.6072 2.6688 0.0000
vt 1.6095 2.6774 0.0000
vt 1.6688 4.4105 0.0000
vt 1.6663 4.4005 0.0000
vt 1.6657 4.3847 0.0000
vt 1.6682 4.3947 0.0000
vt 1.7276 6.4918 0.0000
vt 1.7248 6.4788 0.0000
vt 1.7243 6.4602 0.0000
vt 1.7271 6.4732 0.0000
vt 1.7577 8.8900 0.0000
vt 1.7609 8.9093 0.0000
vt 1.7614 8.9311 0.0000
vt 1.7582 8.9117 0.0000
vt 1.6891 11.4928 0.0000
vt 1.6928 11.5264 0.0000
vt 1.6928 11.5502 0.0000
vt 1.6891 11.5165 0.0000
vt 1.2749 11.9142 0.0000
vt 1.2779 11.9706 0.0000
vt 1.2768 11.9853 0.0000
vt 1.2738 11.9289 0.0000
vt 0.6809 5.2342 0.0000
vt 0.6805 5.2751 0.0000
vt 0.6789 5.2688 0.0000
vt 0.6794 5.2280 0.0000
vt 0.5790 0.8162 0.0000
vt 0.5774 0.8361 0.0000
vt 0.5763 0.8252 0.0000
vt 0.5780 0.8054 0.0000
vt 0.6126 -0.3775 0.0000
vt 0.6107 -0.3651 0.0000
vt 0.6100 -0.3764 0.0000
vt 0.6118 -0.3889 0.0000
vt 0.6612 -0.3645 0.0000
vt 0.6619 -0.3526 0.0000
vt 0.6600 -0.3427 0.0000
vt 0.6593 -0.3545 0.0000
vt 0.7176 0.3038 0.0000
vt 0.7183 0.3165 0.0000
vt 0.7163 0.3260 0.0000
vt 0.7156 0.3133 0.0000
vt 0.7843 1.4545 0.0000
vt 0.7851 1.4685 0.0000
vt 0.7830 1.4788 0.0000
vt 0.7823 1.4648 0.0000
vt 0.8667 3.0350 0.0000
vt 0.8676 3.0509 0.0000
vt 0.8654 3.0633 0.0000
vt 0.8646 3.0475 0.0000
vt 0.9721 5.0134 0.0000
vt 0.9731 5.0314 0.0000
vt 0.9709 5.0477 0.0000
vt 0.9700 5.0295 0.0000
vt 1.1119 7.3271 0.0000
vt 1.1131 7.3476 0.0000
vt 1.1111 7.3699 0.0000
vt 1.1099 7.3494 0.0000
vt 1.3061 9.8277 0.0000
vt 1.3077 9.7958 0.0000
vt 1.3092 9.8179 0.0000
vt 1.3077 9.8498 0.0000
vt 1.5948 11.7821 0.0000
vt 1.5952 11.7367 0.0000
vt 1.5970 11.7563 0.0000
vt 1.5966 11.8018 0.0000
vt 1.9177 10.3901 0.0000
vt 1.9159 10.3396 0.0000
vt 1.9175 10.3460 0.0000
vt 1.9192 10.3966 0.0000
vt 1.8596 4.2070 0.0000
vt 1.8571 4.1779 0.0000
vt 1.8575 4.1716 0.0000
vt 1.8601 4.2007 0.0000
vt 1.6587 0.7768 0.0000
vt 1.6565 0.7611 0.0000
vt 1.6564 0.7525 0.0000
vt 1.6587 0.7681 0.0000
vt 1.5612 -0.2018 0.0000
vt 1.5592 -0.2126 0.0000
vt 1.5590 -0.2219 0.0000
vt 1.5610 -0.2110 0.0000
vt 1.5284 -0.1958 0.0000
vt 1.5264 -0.2047 0.0000
vt 1.5261 -0.2146 0.0000
vt 1.5281 -0.2057 0.0000
vt 1.5329 0.3603 0.0000
vt 1.5308 0.3522 0.0000
vt 1.5304 0.3415 0.0000
vt 1.5325 0.3496 0.0000
vt 1.5624 1.3365 0.0000
vt 1.5602 1.3285 0.0000
vt 1.5598 1.3166 0.0000
vt 1.5620 1.3246 0.0000
vt 1.3072 9.8100 0.0000
vt 1.3078 9.7972 0.0000
vt 1.3091 9.8165 0.0000
vt 1.3085 9.8292 0.0000
vt 1.1120 7.3284 0.0000
vt 1.1130 7.3463 0.0000
vt 1.1122 7.3552 0.0000
vt 1.1112 7.3373 0.0000
vt 0.9722 5.0145 0.0000
vt 0.9730 5.0303 0.0000
vt 0.9722 5.0368 0.0000
vt 0.9713 5.0210 0.0000
vt 0.8668 3.0360 0.0000
vt 0.8675 3.0499 0.0000
vt 0.8667 3.0548 0.0000
vt 0.8659 3.0410 0.0000
vt 0.7842 1.4717 0.0000
vt 0.7835 1.4595 0.0000
vt 0.7174 0.3195 0.0000
vt 0.7168 0.3084 0.0000
vt 0.6611 -0.3494 0.0000
vt 0.6605 -0.3597 0.0000
vt 0.6118 -0.3733 0.0000
vt 0.6111 -0.3832 0.0000
vt 0.5783 0.8235 0.0000
vt 0.5774 0.8140 0.0000
vt 0.6806 5.2501 0.0000
vt 0.6793 5.2447 0.0000
vt 1.2760 11.9377 0.0000
vt 1.2751 11.9505 0.0000
vt 1.6891 11.4943 0.0000
vt 1.6905 11.5078 0.0000
vt 1.6906 11.5284 0.0000
vt 1.6891 11.5150 0.0000
vt 1.7577 8.8914 0.0000
vt 1.7590 8.8991 0.0000
vt 1.7594 8.9181 0.0000
vt 1.7581 8.9103 0.0000
vt 1.7259 6.4828 0.0000
vt 1.7248 6.4776 0.0000
vt 1.7243 6.4614 0.0000
vt 1.7254 6.4666 0.0000
vt 1.6672 4.4035 0.0000
vt 1.6662 4.3995 0.0000
vt 1.6658 4.3857 0.0000
vt 1.6668 4.3897 0.0000
vt 1.6086 2.6850 0.0000
vt 1.6081 2.6731 0.0000
vt 1.5611 1.3310 0.0000
vt 1.5607 1.3205 0.0000
vt 1.5316 0.3548 0.0000
vt 1.5313 0.3454 0.0000
vt 1.5272 -0.2018 0.0000
vt 1.5269 -0.2104 0.0000
vt 1.5600 -0.2089 0.0000
vt 1.5598 -0.2169 0.0000
vt 1.6573 0.7668 0.0000
vt 1.6573 0.7593 0.0000
vt 1.8581 4.1891 0.0000
vt 1.8585 4.1836 0.0000
vt 1.9167 10.3602 0.0000
vt 1.9181 10.3658 0.0000
vt 1.5951 11.7561 0.0000
vt 1.5953 11.7380 0.0000
vt 1.5969 11.7551 0.0000
vt 1.5967 11.7732 0.0000
vt 1.5396 0.5619 0.0000
vt 1.5386 0.5578 0.0000
vt 1.5383 0.5495 0.0000
vt 1.5394 0.5537 0.0000
vt 1.5654 1.4238 0.0000
vt 1.5644 1.4198 0.0000
vt 1.5640 1.4107 0.0000
vt 1.5651 1.4147 0.0000
vt 1.6078 2.6286 0.0000
vt 1.6066 2.6244 0.0000
vt 1.6063 2.6142 0.0000
vt 1.6074 2.6185 0.0000
vt 1.6603 4.1578 0.0000
vt 1.6590 4.1528 0.0000
vt 1.6587 4.1412 0.0000
vt 1.6599 4.1461 0.0000
vt 1.7132 6.0072 0.0000
vt 1.7118 6.0009 0.0000
vt 1.7114 5.9875 0.0000
vt 1.7128 5.9938 0.0000
vt 1.7432 8.1623 0.0000
vt 1.7447 8.1716 0.0000
vt 1.7451 8.1870 0.0000
vt 1.7435 8.1777 0.0000
vt 1.6880 10.5675 0.0000
vt 1.6898 10.5834 0.0000
vt 1.6898 10.6000 0.0000
vt 1.6880 10.5841 0.0000
vt 1.3243 11.3045 0.0000
vt 1.3258 11.3314 0.0000
vt 1.3250 11.3419 0.0000
vt 1.3235 11.3149 0.0000
vt 0.7488 5.5363 0.0000
vt 0.7487 5.5570 0.0000
vt 0.7475 5.5523 0.0000
vt 0.7477 5.5316 0.0000
vt 0.6215 1.2921 0.0000
vt 0.6207 1.3025 0.0000
vt 0.6199 1.2941 0.0000
vt 0.6207 1.2837 0.0000
vt 0.6406 0.0530 0.0000
vt 0.6397 0.0596 0.0000
vt 0.6391 0.0508 0.0000
vt 0.6400 0.0442 0.0000
vt 0.6806 -0.0124 0.0000
vt 0.6811 -0.0033 0.0000
vt 0.6801 0.0019 0.0000
vt 0.6796 -0.0072 0.0000
vt 0.7296 0.5506 0.0000
vt 0.7302 0.5603 0.0000
vt 0.7292 0.5652 0.0000
vt 0.7286 0.5554 0.0000
vt 0.7888 1.5655 0.0000
vt 0.7894 1.5762 0.0000
vt 0.7883 1.5814 0.0000
vt 0.7878 1.5708 0.0000
vt 0.8621 2.9727 0.0000
vt 0.8627 2.9845 0.0000
vt 0.8617 2.9907 0.0000
vt 0.8610 2.9788 0.0000
vt 0.9557 4.7369 0.0000
vt 0.9564 4.7503 0.0000
vt 0.9553 4.7582 0.0000
vt 0.9546 4.7448 0.0000
vt 1.0799 6.8076 0.0000
vt 1.0807 6.8225 0.0000
vt 1.0797 6.8331 0.0000
vt 1.0788 6.8183 0.0000
vt 1.2545 9.0708 0.0000
vt 1.2553 9.0557 0.0000
vt 1.2564 9.0716 0.0000
vt 1.2556 9.0867 0.0000
vt 1.5208 10.9861 0.0000
vt 1.5210 10.9645 0.0000
vt 1.5224 10.9787 0.0000
vt 1.5221 11.0003 0.0000
vt 1.8478 10.1013 0.0000
vt 1.8470 10.0763 0.0000
vt 1.8482 10.0811 0.0000
vt 1.8490 10.1061 0.0000
vt 1.8378 4.4978 0.0000
vt 1.8365 4.4829 0.0000
vt 1.8369 4.4779 0.0000
vt 1.8382 4.4929 0.0000
vt 1.6599 1.1533 0.0000
vt 1.6587 1.1452 0.0000
vt 1.6587 1.1384 0.0000
vt 1.6599 1.1465 0.0000
vt 1.5688 0.1451 0.0000
vt 1.5678 0.1395 0.0000
vt 1.5676 0.1323 0.0000
vt 1.5687 0.1379 0.0000
vt 1.5370 0.0908 0.0000
vt 1.5359 0.0863 0.0000
vt 1.5357 0.0787 0.0000
vt 1.5368 0.0832 0.0000
vt 1.2377 8.8250 0.0000
vt 1.2386 8.8102 0.0000
vt 1.2396 8.8259 0.0000
vt 1.2388 8.8407 0.0000
vt 1.4971 10.7309 0.0000
vt 1.4973 10.7096 0.0000
vt 1.4986 10.7236 0.0000
vt 1.4984 10.7449 0.0000
vt 1.8252 10.0076 0.0000
vt 1.8244 9.9827 0.0000
vt 1.8255 9.9875 0.0000
vt 1.8263 10.0124 0.0000
vt 1.8306 4.5937 0.0000
vt 1.8293 4.5786 0.0000
vt 1.8297 4.5736 0.0000
vt 1.8310 4.5887 0.0000
vt 1.6603 1.2764 0.0000
vt 1.6591 1.2682 0.0000
vt 1.6591 1.2613 0.0000
vt 1.6602 1.2695 0.0000
vt 1.5713 0.2565 0.0000
vt 1.5702 0.2508 0.0000
vt 1.5701 0.2435 0.0000
vt 1.5711 0.2492 0.0000
vt 1.5396 0.1804 0.0000
vt 1.5386 0.1759 0.0000
vt 1.5384 0.1682 0.0000
vt 1.5394 0.1727 0.0000
vt 1.5416 0.6218 0.0000
vt 1.5406 0.6176 0.0000
vt 1.5403 0.6094 0.0000
vt 1.5414 0.6135 0.0000
vt 1.5662 1.4450 0.0000
vt 1.5651 1.4410 0.0000
vt 1.5648 1.4319 0.0000
vt 1.5659 1.4360 0.0000
vt 1.6068 2.6008 0.0000
vt 1.6056 2.5965 0.0000
vt 1.6053 2.5864 0.0000
vt 1.6064 2.5906 0.0000
vt 1.6573 4.0693 0.0000
vt 1.6561 4.0644 0.0000
vt 1.6557 4.0529 0.0000
vt 1.6569 4.0578 0.0000
vt 1.7084 5.8472 0.0000
vt 1.7071 5.8409 0.0000
vt 1.7067 5.8277 0.0000
vt 1.7080 5.8340 0.0000
vt 1.7380 7.9252 0.0000
vt 1.7395 7.9344 0.0000
vt 1.7399 7.9495 0.0000
vt 1.7383 7.9403 0.0000
vt 1.6871 10.2719 0.0000
vt 1.6888 10.2875 0.0000
vt 1.6889 10.3037 0.0000
vt 1.6871 10.2880 0.0000
vt 1.3393 11.1051 0.0000
vt 1.3408 11.1316 0.0000
vt 1.3400 11.1419 0.0000
vt 1.3385 11.1153 0.0000
vt 0.7707 5.6269 0.0000
vt 0.7706 5.6477 0.0000
vt 0.7694 5.6430 0.0000
vt 0.7696 5.6222 0.0000
vt 0.6355 1.4428 0.0000
vt 0.6347 1.4534 0.0000
vt 0.6339 1.4449 0.0000
vt 0.6347 1.4344 0.0000
vt 0.6499 0.1886 0.0000
vt 0.6490 0.1952 0.0000
vt 0.6483 0.1863 0.0000
vt 0.6493 0.1797 0.0000
vt 0.6868 0.0948 0.0000
vt 0.6874 0.1041 0.0000
vt 0.6864 0.1093 0.0000
vt 0.6859 0.1001 0.0000
vt 0.7335 0.6215 0.0000
vt 0.7340 0.6312 0.0000
vt 0.7330 0.6362 0.0000
vt 0.7325 0.6264 0.0000
vt 0.7901 1.5905 0.0000
vt 0.7907 1.6011 0.0000
vt 0.7896 1.6064 0.0000
vt 0.7891 1.5957 0.0000
vt 0.8604 2.9403 0.0000
vt 0.8610 2.9521 0.0000
vt 0.8600 2.9583 0.0000
vt 0.8594 2.9464 0.0000
vt 0.9502 4.6356 0.0000
vt 0.9509 4.6489 0.0000
vt 0.9498 4.6567 0.0000
vt 0.9491 4.6434 0.0000
vt 1.0695 6.6300 0.0000
vt 1.0703 6.6447 0.0000
vt 1.0693 6.6552 0.0000
vt 1.0684 6.6405 0.0000
vt 1.6061 2.5812 0.0000
vt 1.6050 2.5769 0.0000
vt 1.6046 2.5668 0.0000
vt 1.6057 2.5711 0.0000
vt 1.6551 4.0039 0.0000
vt 1.6539 3.9990 0.0000
vt 1.6535 3.9876 0.0000
vt 1.6547 3.9925 0.0000
vt 1.7049 5.7281 0.0000
vt 1.7035 5.7218 0.0000
vt 1.7031 5.7087 0.0000
vt 1.7045 5.7150 0.0000
vt 1.7341 7.7484 0.0000
vt 1.7357 7.7575 0.0000
vt 1.7360 7.7724 0.0000
vt 1.7345 7.7633 0.0000
vt 1.6864 10.0513 0.0000
vt 1.6881 10.0667 0.0000
vt 1.6882 10.0827 0.0000
vt 1.6864 10.0672 0.0000
vt 1.3505 10.9553 0.0000
vt 1.3520 10.9815 0.0000
vt 1.3512 10.9916 0.0000
vt 1.3498 10.9654 0.0000
vt 0.7875 5.6963 0.0000
vt 0.7874 5.7171 0.0000
vt 0.7862 5.7124 0.0000
vt 0.7863 5.6916 0.0000
vt 0.6464 1.5596 0.0000
vt 0.6456 1.5702 0.0000
vt 0.6448 1.5617 0.0000
vt 0.6456 1.5510 0.0000
vt 0.6571 0.2940 0.0000
vt 0.6562 0.3008 0.0000
vt 0.6555 0.2918 0.0000
vt 0.6565 0.2851 0.0000
vt 0.6918 0.1787 0.0000
vt 0.6923 0.1880 0.0000
vt 0.6913 0.1933 0.0000
vt 0.6908 0.1840 0.0000
vt 0.7365 0.6774 0.0000
vt 0.7370 0.6872 0.0000
vt 0.7360 0.6922 0.0000
vt 0.7355 0.6824 0.0000
vt 0.7912 1.6113 0.0000
vt 0.7917 1.6220 0.0000
vt 0.7907 1.6272 0.0000
vt 0.7902 1.6165 0.0000
vt 0.8592 2.9175 0.0000
vt 0.8599 2.9293 0.0000
vt 0.8588 2.9354 0.0000
vt 0.8582 2.9236 0.0000
vt 0.9461 4.5607 0.0000
vt 0.9469 4.5738 0.0000
vt 0.9458 4.5816 0.0000
vt 0.9451 4.5684 0.0000
vt 1.0617 6.4974 0.0000
vt 1.0625 6.5120 0.0000
vt 1.0615 6.5224 0.0000
vt 1.0607 6.5078 0.0000
vt 1.2252 8.6410 0.0000
vt 1.2260 8.6264 0.0000
vt 1.2271 8.6419 0.0000
vt 1.2262 8.6565 0.0000
vt 1.4792 10.5388 0.0000
vt 1.4795 10.5177 0.0000
vt 1.4808 10.5316 0.0000
vt 1.4805 10.5527 0.0000
vt 1.8079 9.9361 0.0000
vt 1.8071 9.9113 0.0000
vt 1.8083 9.9161 0.0000
vt 1.8090 9.9410 0.0000
vt 1.8251 4.6678 0.0000
vt 1.8238 4.6526 0.0000
vt 1.8242 4.6476 0.0000
vt 1.8255 4.6628 0.0000
vt 1.6606 1.3721 0.0000
vt 1.6594 1.3639 0.0000
vt 1.6594 1.3569 0.0000
vt 1.6606 1.3651 0.0000
vt 1.5732 0.3433 0.0000
vt 1.5721 0.3376 0.0000
vt 1.5719 0.3303 0.0000
vt 1.5730 0.3359 0.0000
vt 1.5417 0.2505 0.0000
vt 1.5407 0.2459 0.0000
vt 1.5405 0.2382 0.0000
vt 1.5415 0.2428 0.0000
vt 1.5432 0.6691 0.0000
vt 1.5422 0.6649 0.0000
vt 1.5419 0.6566 0.0000
vt 1.5429 0.6608 0.0000
vt 1.5668 1.4628 0.0000
vt 1.5657 1.4588 0.0000
vt 1.5654 1.4497 0.0000
vt 1.5665 1.4537 0.0000
vt 0.9423 4.4899 0.0000
vt 0.9430 4.5030 0.0000
vt 0.9420 4.5107 0.0000
vt 0.9413 4.4976 0.0000
vt 1.0544 6.3722 0.0000
vt 1.0552 6.3866 0.0000
vt 1.0542 6.3969 0.0000
vt 1.0534 6.3824 0.0000
vt 1.2133 8.4671 0.0000
vt 1.2141 8.4527 0.0000
vt 1.2152 8.4680 0.0000
vt 1.2144 8.4824 0.0000
vt 1.4623 10.3567 0.0000
vt 1.4626 10.3359 0.0000
vt 1.4639 10.3497 0.0000
vt 1.4636 10.3705 0.0000
vt 1.7913 9.8678 0.0000
vt 1.7906 9.8430 0.0000
vt 1.7917 9.8478 0.0000
vt 1.7925 9.8726 0.0000
vt 1.8197 4.7396 0.0000
vt 1.8184 4.7243 0.0000
vt 1.8188 4.7192 0.0000
vt 1.8201 4.7345 0.0000
vt 1.6609 1.4650 0.0000
vt 1.6597 1.4567 0.0000
vt 1.6597 1.4496 0.0000
vt 1.6608 1.4579 0.0000
vt 1.5750 0.4276 0.0000
vt 1.5739 0.4219 0.0000
vt 1.5738 0.4144 0.0000
vt 1.5749 0.4201 0.0000
vt 1.5438 0.3185 0.0000
vt 1.5427 0.3139 0.0000
vt 1.5425 0.3061 0.0000
vt 1.5435 0.3107 0.0000
vt 1.5448 0.7150 0.0000
vt 1.5437 0.7109 0.0000
vt 1.5434 0.7025 0.0000
vt 1.5445 0.7067 0.0000
vt 1.5674 1.4803 0.0000
vt 1.5663 1.4763 0.0000
vt 1.5660 1.4672 0.0000
vt 1.5671 1.4712 0.0000
vt 1.6055 2.5630 0.0000
vt 1.6043 2.5587 0.0000
vt 1.6040 2.5486 0.0000
vt 1.6051 2.5529 0.0000
vt 1.6530 3.9422 0.0000
vt 1.6518 3.9373 0.0000
vt 1.6514 3.9259 0.0000
vt 1.6527 3.9308 0.0000
vt 1.7015 5.6156 0.0000
vt 1.7002 5.6094 0.0000
vt 1.6998 5.5964 0.0000
vt 1.7011 5.6026 0.0000
vt 1.7308 7.5965 0.0000
vt 1.7305 7.5818 0.0000
vt 1.7320 7.5908 0.0000
vt 1.7323 7.6055 0.0000
vt 1.6857 9.8439 0.0000
vt 1.6875 9.8591 0.0000
vt 1.6875 9.8747 0.0000
vt 1.6858 9.8595 0.0000
vt 1.3612 10.8138 0.0000
vt 1.3626 10.8398 0.0000
vt 1.3619 10.8497 0.0000
vt 1.3604 10.8238 0.0000
vt 0.8024 5.7581 0.0000
vt 0.8036 5.7628 0.0000
vt 0.8035 5.7837 0.0000
vt 0.8023 5.7790 0.0000
vt 0.6569 1.6723 0.0000
vt 0.6561 1.6831 0.0000
vt 0.6553 1.6745 0.0000
vt 0.6561 1.6638 0.0000
vt 0.6641 0.3962 0.0000
vt 0.6631 0.4030 0.0000
vt 0.6625 0.3940 0.0000
vt 0.6634 0.3871 0.0000
vt 0.6965 0.2600 0.0000
vt 0.6971 0.2693 0.0000
vt 0.6961 0.2747 0.0000
vt 0.6955 0.2653 0.0000
vt 0.7394 0.7318 0.0000
vt 0.7400 0.7416 0.0000
vt 0.7390 0.7466 0.0000
vt 0.7384 0.7368 0.0000
vt 0.7923 1.6319 0.0000
vt 0.7928 1.6425 0.0000
vt 0.7918 1.6478 0.0000
vt 0.7912 1.6371 0.0000
vt 0.8581 2.8964 0.0000
vt 0.8587 2.9081 0.0000
vt 0.8577 2.9143 0.0000
vt 0.8571 2.9025 0.0000
vt 1.5681 1.4982 0.0000
vt 1.5670 1.4942 0.0000
vt 1.5666 1.4851 0.0000
vt 1.5677 1.4891 0.0000
vt 1.6048 2.5444 0.0000
vt 1.6037 2.5402 0.0000
vt 1.6033 2.5301 0.0000
vt 1.6045 2.5343 0.0000
vt 1.6509 3.8795 0.0000
vt 1.6497 3.8746 0.0000
vt 1.6493 3.8633 0.0000
vt 1.6506 3.8681 0.0000
vt 1.6981 5.5017 0.0000
vt 1.6968 5.4956 0.0000
vt 1.6964 5.4827 0.0000
vt 1.6978 5.4889 0.0000
vt 1.7271 7.4284 0.0000
vt 1.7268 7.4139 0.0000
vt 1.7283 7.4228 0.0000
vt 1.7286 7.4373 0.0000
vt 1.6851 9.6353 0.0000
vt 1.6868 9.6503 0.0000
vt 1.6869 9.6658 0.0000
vt 1.6851 9.6507 0.0000
vt 1.3719 10.6712 0.0000
vt 1.3733 10.6969 0.0000
vt 1.3726 10.7067 0.0000
vt 1.3711 10.6810 0.0000
vt 0.8200 5.8307 0.0000
vt 0.8199 5.8517 0.0000
vt 0.8188 5.8470 0.0000
vt 0.8189 5.8260 0.0000
vt 0.6676 1.7883 0.0000
vt 0.6669 1.7992 0.0000
vt 0.6661 1.7906 0.0000
vt 0.6668 1.7797 0.0000
vt 0.6706 0.4922 0.0000
vt 0.6712 0.5013 0.0000
vt 0.6703 0.5082 0.0000
vt 0.6697 0.4991 0.0000
vt 0.7014 0.3435 0.0000
vt 0.7019 0.3529 0.0000
vt 0.7010 0.3583 0.0000
vt 0.7004 0.3489 0.0000
vt 0.7424 0.7875 0.0000
vt 0.7430 0.7974 0.0000
vt 0.7420 0.8024 0.0000
vt 0.7414 0.7925 0.0000
vt 0.7934 1.6528 0.0000
vt 0.7939 1.6635 0.0000
vt 0.7929 1.6688 0.0000
vt 0.7923 1.6581 0.0000
vt 0.8570 2.8747 0.0000
vt 0.8576 2.8865 0.0000
vt 0.8566 2.8926 0.0000
vt 0.8559 2.8808 0.0000
vt 0.9384 4.4179 0.0000
vt 0.9391 4.4309 0.0000
vt 0.9381 4.4386 0.0000
vt 0.9374 4.4255 0.0000
vt 1.0469 6.2452 0.0000
vt 1.0478 6.2595 0.0000
vt 1.0468 6.2696 0.0000
vt 1.0459 6.2553 0.0000
vt 1.2013 8.2911 0.0000
vt 1.2021 8.2769 0.0000
vt 1.2032 8.2921 0.0000
vt 1.2023 8.3063 0.0000
vt 1.4451 10.1723 0.0000
vt 1.4455 10.1518 0.0000
vt 1.4467 10.1654 0.0000
vt 1.4464 10.1860 0.0000
vt 1.7744 9.7979 0.0000
vt 1.7737 9.7732 0.0000
vt 1.7749 9.7780 0.0000
vt 1.7756 9.8028 0.0000
vt 1.8141 4.8137 0.0000
vt 1.8128 4.7982 0.0000
vt 1.8132 4.7931 0.0000
vt 1.8145 4.8085 0.0000
vt 1.6612 1.5609 0.0000
vt 1.6600 1.5525 0.0000
vt 1.6600 1.5454 0.0000
vt 1.6612 1.5537 0.0000
vt 1.5769 0.5144 0.0000
vt 1.5758 0.5087 0.0000
vt 1.5757 0.5012 0.0000
vt 1.5768 0.5069 0.0000
vt 1.5458 0.3885 0.0000
vt 1.5448 0.3839 0.0000
vt 1.5446 0.3760 0.0000
vt 1.5456 0.3806 0.0000
vt 1.5463 0.7622 0.0000
vt 1.5453 0.7580 0.0000
vt 1.5450 0.7496 0.0000
vt 1.5461 0.7538 0.0000
vt 1.6842 9.3622 0.0000
vt 1.6860 9.3769 0.0000
vt 1.6860 9.3920 0.0000
vt 1.6843 9.3772 0.0000
vt 1.3859 10.4842 0.0000
vt 1.3874 10.5095 0.0000
vt 1.3867 10.5191 0.0000
vt 1.3852 10.4938 0.0000
vt 0.8419 5.9211 0.0000
vt 0.8418 5.9422 0.0000
vt 0.8407 5.9374 0.0000
vt 0.8407 5.9164 0.0000
vt 0.6821 1.9434 0.0000
vt 0.6813 1.9544 0.0000
vt 0.6805 1.9457 0.0000
vt 0.6813 1.9347 0.0000
vt 0.6802 0.6323 0.0000
vt 0.6808 0.6415 0.0000
vt 0.6799 0.6485 0.0000
vt 0.6793 0.6393 0.0000
vt 0.7079 0.4542 0.0000
vt 0.7084 0.4637 0.0000
vt 0.7075 0.4692 0.0000
vt 0.7069 0.4597 0.0000
vt 0.7464 0.8605 0.0000
vt 0.7469 0.8705 0.0000
vt 0.7459 0.8755 0.0000
vt 0.7454 0.8656 0.0000
vt 0.7947 1.6791 0.0000
vt 0.7953 1.6898 0.0000
vt 0.7942 1.6951 0.0000
vt 0.7937 1.6844 0.0000
vt 0.8554 2.8441 0.0000
vt 0.8560 2.8559 0.0000
vt 0.8550 2.8620 0.0000
vt 0.8544 2.8502 0.0000
vt 0.9332 4.3207 0.0000
vt 0.9339 4.3337 0.0000
vt 0.9328 4.3412 0.0000
vt 0.9321 4.3283 0.0000
vt 1.0370 6.0760 0.0000
vt 1.0379 6.0902 0.0000
vt 1.0368 6.1001 0.0000
vt 1.0360 6.0859 0.0000
vt 1.1854 8.0583 0.0000
vt 1.1863 8.0443 0.0000
vt 1.1873 8.0593 0.0000
vt 1.1864 8.0733 0.0000
vt 1.4225 9.9287 0.0000
vt 1.4228 9.9085 0.0000
vt 1.4241 9.9220 0.0000
vt 1.4238 9.9422 0.0000
vt 1.7520 9.7050 0.0000
vt 1.7512 9.6803 0.0000
vt 1.7524 9.6852 0.0000
vt 1.7531 9.7098 0.0000
vt 1.8067 4.9131 0.0000
vt 1.8054 4.8975 0.0000
vt 1.8058 4.8923 0.0000
vt 1.8071 4.9079 0.0000
vt 1.6616 1.6897 0.0000
vt 1.6604 1.6812 0.0000
vt 1.6604 1.6740 0.0000
vt 1.6616 1.6824 0.0000
vt 1.5795 0.6305 0.0000
vt 1.5784 0.6248 0.0000
vt 1.5782 0.6172 0.0000
vt 1.5793 0.6229 0.0000
vt 1.5486 0.4813 0.0000
vt 1.5476 0.4767 0.0000
vt 1.5473 0.4687 0.0000
vt 1.5484 0.4734 0.0000
vt 1.5484 0.8240 0.0000
vt 1.5474 0.8198 0.0000
vt 1.5471 0.8114 0.0000
vt 1.5481 0.8155 0.0000
vt 1.5688 1.5206 0.0000
vt 1.5678 1.5166 0.0000
vt 1.5674 1.5074 0.0000
vt 1.5685 1.5115 0.0000
vt 1.6039 2.5181 0.0000
vt 1.6027 2.5139 0.0000
vt 1.6024 2.5038 0.0000
vt 1.6035 2.5080 0.0000
vt 1.6481 3.7948 0.0000
vt 1.6469 3.7900 0.0000
vt 1.6465 3.7787 0.0000
vt 1.6477 3.7836 0.0000
vt 1.6936 5.3503 0.0000
vt 1.6923 5.3442 0.0000
vt 1.6919 5.3315 0.0000
vt 1.6933 5.3376 0.0000
vt 1.7220 7.1926 0.0000
vt 1.7235 7.2014 0.0000
vt 1.7238 7.2156 0.0000
vt 1.7223 7.2068 0.0000
vt 0.8573 5.9849 0.0000
vt 0.8572 6.0060 0.0000
vt 0.8561 6.0013 0.0000
vt 0.8562 5.9801 0.0000
vt 0.6924 2.0540 0.0000
vt 0.6916 2.0652 0.0000
vt 0.6908 2.0564 0.0000
vt 0.6915 2.0453 0.0000
vt 0.6877 0.7420 0.0000
vt 0.6867 0.7491 0.0000
vt 0.6861 0.7398 0.0000
vt 0.6870 0.7327 0.0000
vt 0.7126 0.5340 0.0000
vt 0.7131 0.5435 0.0000
vt 0.7121 0.5491 0.0000
vt 0.7116 0.5395 0.0000
vt 0.7492 0.9136 0.0000
vt 0.7498 0.9236 0.0000
vt 0.7488 0.9287 0.0000
vt 0.7482 0.9187 0.0000
vt 0.7958 1.6992 0.0000
vt 0.7963 1.7100 0.0000
vt 0.7953 1.7153 0.0000
vt 0.7947 1.7045 0.0000
vt 0.8544 2.8244 0.0000
vt 0.8550 2.8361 0.0000
vt 0.8539 2.8422 0.0000
vt 0.8533 2.8305 0.0000
vt 0.9296 4.2545 0.0000
vt 0.9303 4.2674 0.0000
vt 0.9293 4.2749 0.0000
vt 0.9286 4.2620 0.0000
vt 1.0302 5.9596 0.0000
vt 1.0310 5.9737 0.0000
vt 1.0300 5.9836 0.0000
vt 1.0292 5.9695 0.0000
vt 1.1745 7.8976 0.0000
vt 1.1753 7.8838 0.0000
vt 1.1763 7.8987 0.0000
vt 1.1755 7.9125 0.0000
vt 1.4068 9.7597 0.0000
vt 1.4071 9.7397 0.0000
vt 1.4084 9.7531 0.0000
vt 1.4080 9.7731 0.0000
vt 1.7362 9.6397 0.0000
vt 1.7354 9.6151 0.0000
vt 1.7366 9.6199 0.0000
vt 1.7373 9.6445 0.0000
vt 1.8014 4.9841 0.0000
vt 1.8001 4.9683 0.0000
vt 1.8005 4.9631 0.0000
vt 1.8018 4.9788 0.0000
vt 1.6619 1.7820 0.0000
vt 1.6607 1.7735 0.0000
vt 1.6607 1.7661 0.0000
vt 1.6619 1.7747 0.0000
vt 1.5813 0.7140 0.0000
vt 1.5802 0.7081 0.0000
vt 1.5800 0.7004 0.0000
vt 1.5811 0.7063 0.0000
vt 1.5506 0.5483 0.0000
vt 1.5495 0.5436 0.0000
vt 1.5493 0.5356 0.0000
vt 1.5504 0.5403 0.0000
vt 1.5499 0.8689 0.0000
vt 1.5489 0.8648 0.0000
vt 1.5486 0.8563 0.0000
vt 1.5496 0.8605 0.0000
vt 1.5694 1.5378 0.0000
vt 1.5684 1.5337 0.0000
vt 1.5680 1.5246 0.0000
vt 1.5691 1.5286 0.0000
vt 1.6033 2.5011 0.0000
vt 1.6022 2.4969 0.0000
vt 1.6018 2.4868 0.0000
vt 1.6029 2.4911 0.0000
vt 1.6462 3.7372 0.0000
vt 1.6450 3.7324 0.0000
vt 1.6446 3.7212 0.0000
vt 1.6458 3.7260 0.0000
vt 1.6905 5.2464 0.0000
vt 1.6892 5.2403 0.0000
vt 1.6888 5.2277 0.0000
vt 1.6902 5.2338 0.0000
vt 1.7186 7.0404 0.0000
vt 1.7201 7.0491 0.0000
vt 1.7204 7.0632 0.0000
vt 1.7190 7.0544 0.0000
vt 1.6837 9.1742 0.0000
vt 1.6854 9.1888 0.0000
vt 1.6854 9.2037 0.0000
vt 1.6837 9.1890 0.0000
vt 1.3956 10.3546 0.0000
vt 1.3971 10.3797 0.0000
vt 1.3964 10.3892 0.0000
vt 1.3949 10.3641 0.0000
vt 0.8829 0.4227 0.0000
vt 0.8838 0.4212 0.0000
vt 0.8847 0.4227 0.0000
vt 0.8857 0.4270 0.0000
vt 0.8822 0.4269 0.0000
vt 0.8816 0.4337 0.0000
vt 0.8866 0.4338 0.0000
vt 0.8875 0.4426 0.0000
vt 0.8813 0.4425 0.0000
vt 0.8881 0.4529 0.0000
vt 0.8813 0.4528 0.0000
vt 0.8888 0.4750 0.0000
vt 0.8819 0.4750 0.0000
vt 0.8887 0.4854 0.0000
vt 0.8826 0.4853 0.0000
vt 0.8884 0.4942 0.0000
vt 0.8834 0.4942 0.0000
vt 0.8879 0.5010 0.0000
vt 0.8844 0.5010 0.0000
vt 0.8872 0.5053 0.0000
vt 0.8853 0.5053 0.0000
vt 0.8863 0.5068 0.0000
vt 0.8869 6.0859 0.0000
vt 0.8868 6.1283 0.0000
vt 0.8853 6.1221 0.0000
vt 0.8854 6.0796 0.0000
vt 0.7126 2.2518 0.0000
vt 0.7110 2.2744 0.0000
vt 0.7099 2.2626 0.0000
vt 0.7114 2.2399 0.0000
vt 0.7012 0.9194 0.0000
vt 0.6993 0.9338 0.0000
vt 0.6985 0.9213 0.0000
vt 0.7003 0.9069 0.0000
vt 0.7215 0.6648 0.0000
vt 0.7223 0.6777 0.0000
vt 0.7203 0.6890 0.0000
vt 0.7196 0.6761 0.0000
vt 0.7546 0.9891 0.0000
vt 0.7553 1.0026 0.0000
vt 0.7533 1.0129 0.0000
vt 0.7526 0.9994 0.0000
vt 0.7975 1.7076 0.0000
vt 0.7983 1.7219 0.0000
vt 0.7962 1.7326 0.0000
vt 0.7954 1.7182 0.0000
vt 0.8520 2.7532 0.0000
vt 0.8529 2.7687 0.0000
vt 0.8507 2.7808 0.0000
vt 0.8499 2.7652 0.0000
vt 0.9223 4.0926 0.0000
vt 0.9233 4.1096 0.0000
vt 0.9211 4.1244 0.0000
vt 0.9202 4.1074 0.0000
vt 1.0167 5.7021 0.0000
vt 1.0178 5.7206 0.0000
vt 1.0158 5.7399 0.0000
vt 1.0147 5.7214 0.0000
vt 1.1522 7.5707 0.0000
vt 1.1538 7.5438 0.0000
vt 1.1552 7.5632 0.0000
vt 1.1535 7.5901 0.0000
vt 1.3757 9.4251 0.0000
vt 1.3764 9.3860 0.0000
vt 1.3781 9.4035 0.0000
vt 1.3773 9.4426 0.0000
vt 1.7052 9.5118 0.0000
vt 1.7039 9.4630 0.0000
vt 1.7054 9.4694 0.0000
vt 1.7068 9.5183 0.0000
vt 1.7911 5.1218 0.0000
vt 1.7884 5.0900 0.0000
vt 1.7890 5.0828 0.0000
vt 1.7916 5.1147 0.0000
vt 1.6624 1.9574 0.0000
vt 1.6600 1.9401 0.0000
vt 1.6600 1.9301 0.0000
vt 1.6624 1.9474 0.0000
vt 1.5847 0.8675 0.0000
vt 1.5825 0.8558 0.0000
vt 1.5822 0.8454 0.0000
vt 1.5844 0.8571 0.0000
vt 1.5541 0.6657 0.0000
vt 1.5520 0.6563 0.0000
vt 1.5516 0.6455 0.0000
vt 1.5538 0.6549 0.0000
vt 1.5523 0.9402 0.0000
vt 1.5502 0.9318 0.0000
vt 1.5498 0.9204 0.0000
vt 1.5519 0.9288 0.0000
vt 1.5700 1.5525 0.0000
vt 1.5678 1.5444 0.0000
vt 1.5674 1.5322 0.0000
vt 1.5695 1.5403 0.0000
vt 1.6014 2.4485 0.0000
vt 1.5992 2.4400 0.0000
vt 1.5987 2.4267 0.0000
vt 1.6010 2.4351 0.0000
vt 1.6418 3.6065 0.0000
vt 1.6394 3.5969 0.0000
vt 1.6389 3.5822 0.0000
vt 1.6413 3.5918 0.0000
vt 1.6841 5.0295 0.0000
vt 1.6814 5.0174 0.0000
vt 1.6809 5.0010 0.0000
vt 1.6836 5.0130 0.0000
vt 1.7104 6.7235 0.0000
vt 1.7134 6.7407 0.0000
vt 1.7138 6.7590 0.0000
vt 1.7108 6.7418 0.0000
vt 1.6809 8.7914 0.0000
vt 1.6842 8.8200 0.0000
vt 1.6843 8.8392 0.0000
vt 1.6809 8.8106 0.0000
vt 1.4129 10.0809 0.0000
vt 1.4158 10.1301 0.0000
vt 1.4149 10.1425 0.0000
vt 1.4119 10.0933 0.0000
vt 0.7216 0.6658 0.0000
vt 0.7222 0.6766 0.0000
vt 0.7207 0.6852 0.0000
vt 0.7201 0.6744 0.0000
vt 0.7011 0.9184 0.0000
vt 0.6997 0.9294 0.0000
vt 0.6990 0.9189 0.0000
vt 0.7004 0.9079 0.0000
vt 0.7113 2.2680 0.0000
vt 0.7104 2.2581 0.0000
vt 0.8867 6.1176 0.0000
vt 0.8855 6.1124 0.0000
vt 1.4150 10.1193 0.0000
vt 1.4142 10.1297 0.0000
vt 1.6809 8.7930 0.0000
vt 1.6834 8.8147 0.0000
vt 1.6834 8.8308 0.0000
vt 1.6809 8.8091 0.0000
vt 1.7105 6.7250 0.0000
vt 1.7127 6.7380 0.0000
vt 1.7130 6.7534 0.0000
vt 1.7108 6.7403 0.0000
vt 1.6834 5.0253 0.0000
vt 1.6814 5.0161 0.0000
vt 1.6810 5.0023 0.0000
vt 1.6830 5.0115 0.0000
vt 1.6412 3.6030 0.0000
vt 1.6393 3.5957 0.0000
vt 1.6389 3.5834 0.0000
vt 1.6408 3.5907 0.0000
vt 1.6009 2.4454 0.0000
vt 1.5991 2.4389 0.0000
vt 1.5987 2.4277 0.0000
vt 1.5694 1.5496 0.0000
vt 1.5518 0.9372 0.0000
vt 1.5515 0.9277 0.0000
vt 1.5536 0.6626 0.0000
vt 1.5533 0.6535 0.0000
vt 1.5841 0.8639 0.0000
vt 1.5839 0.8551 0.0000
vt 1.6619 1.9524 0.0000
vt 1.6618 1.9440 0.0000
vt 1.7905 5.1136 0.0000
vt 1.7909 5.1076 0.0000
vt 1.7050 9.5006 0.0000
vt 1.7063 9.5060 0.0000
vt 1.3760 9.4171 0.0000
vt 1.3766 9.3874 0.0000
vt 1.3779 9.4021 0.0000
vt 1.3774 9.4318 0.0000
vt 1.1527 7.5658 0.0000
vt 1.1540 7.5454 0.0000
vt 1.1551 7.5616 0.0000
vt 1.1538 7.5821 0.0000
vt 1.0168 5.7036 0.0000
vt 1.0177 5.7191 0.0000
vt 1.0162 5.7338 0.0000
vt 1.0153 5.7183 0.0000
vt 0.9224 4.0940 0.0000
vt 0.9232 4.1083 0.0000
vt 0.9216 4.1195 0.0000
vt 0.9208 4.1052 0.0000
vt 0.8521 2.7544 0.0000
vt 0.8528 2.7675 0.0000
vt 0.8512 2.7766 0.0000
vt 0.8505 2.7636 0.0000
vt 0.7976 1.7087 0.0000
vt 0.7982 1.7208 0.0000
vt 0.7966 1.7289 0.0000
vt 0.7960 1.7168 0.0000
vt 0.7547 0.9902 0.0000
vt 0.7553 1.0015 0.0000
vt 0.7537 1.0093 0.0000
vt 0.7531 0.9980 0.0000
vt 0.5485 0.7044 0.0000
vt 0.5481 0.7203 0.0000
vt 0.5475 0.6758 0.0000
vt 0.5508 0.6608 0.0000
vt 0.5499 0.6895 0.0000
vt 0.5523 0.6765 0.0000
vt 0.5550 0.6497 0.0000
vt 0.5554 0.6663 0.0000
vt 0.5597 0.6433 0.0000
vt 0.5590 0.6598 0.0000
vt 0.5630 0.6572 0.0000
vt 0.5648 0.6420 0.0000
vt 0.5670 0.6587 0.0000
vt 0.5697 0.6459 0.0000
vt 0.5708 0.6643 0.0000
vt 0.5742 0.6547 0.0000
vt 0.5740 0.6736 0.0000
vt 0.5766 0.6860 0.0000
vt 0.5780 0.6678 0.0000
vt 0.5782 0.7005 0.0000
vt 0.5808 0.6844 0.0000
vt 0.5789 0.7163 0.0000
vt 0.5795 0.7609 0.0000
vt 0.5817 0.7430 0.0000
vt 0.5824 0.7034 0.0000
vt 0.5827 0.7233 0.0000
vt 0.5785 0.7323 0.0000
vt 0.5771 0.7473 0.0000
vt 0.5762 0.7760 0.0000
vt 0.5747 0.7603 0.0000
vt 0.5720 0.7872 0.0000
vt 0.5716 0.7705 0.0000
vt 0.5679 0.7771 0.0000
vt 0.5672 0.7936 0.0000
vt 0.5639 0.7797 0.0000
vt 0.5622 0.7949 0.0000
vt 0.5599 0.7781 0.0000
vt 0.5572 0.7910 0.0000
vt 0.5562 0.7725 0.0000
vt 0.5529 0.7631 0.0000
vt 0.5527 0.7821 0.0000
vt 0.5504 0.7507 0.0000
vt 0.5489 0.7689 0.0000
vt 0.5487 0.7361 0.0000
vt 0.5462 0.7523 0.0000
vt 0.5452 0.6937 0.0000
vt 0.5446 0.7333 0.0000
vt 0.5442 0.7133 0.0000
vt 0.5499 0.7337 0.0000
vt 0.5493 0.7192 0.0000
vt 0.5498 0.7046 0.0000
vt 0.5511 0.6910 0.0000
vt 0.5513 0.7472 0.0000
vt 0.5534 0.6792 0.0000
vt 0.5536 0.7587 0.0000
vt 0.5563 0.6701 0.0000
vt 0.5566 0.7675 0.0000
vt 0.5596 0.6643 0.0000
vt 0.5591 0.7474 0.0000
vt 0.5595 0.7423 0.0000
vt 0.5601 0.7376 0.0000
vt 0.5633 0.6622 0.0000
vt 0.5610 0.7338 0.0000
vt 0.5622 0.7310 0.0000
vt 0.5635 0.7296 0.0000
vt 0.5669 0.6639 0.0000
vt 0.5648 0.7295 0.0000
vt 0.5661 0.7308 0.0000
vt 0.5673 0.7334 0.0000
vt 0.5704 0.6693 0.0000
vt 0.5683 0.7371 0.0000
vt 0.5690 0.7417 0.0000
vt 0.5693 0.7468 0.0000
vt 0.5693 0.7522 0.0000
vt 0.5707 0.7666 0.0000
vt 0.5690 0.7574 0.0000
vt 0.5684 0.7620 0.0000
vt 0.5674 0.7659 0.0000
vt 0.5673 0.7725 0.0000
vt 0.5663 0.7686 0.0000
vt 0.5650 0.7701 0.0000
vt 0.5637 0.7746 0.0000
vt 0.5636 0.7702 0.0000
vt 0.5623 0.7688 0.0000
vt 0.5612 0.7662 0.0000
vt 0.5600 0.7729 0.0000
vt 0.5602 0.7625 0.0000
vt 0.5595 0.7579 0.0000
vt 0.5591 0.7528 0.0000
vt 0.5733 0.6780 0.0000
vt 0.5736 0.7575 0.0000
vt 0.5756 0.6895 0.0000
vt 0.5758 0.7457 0.0000
vt 0.5771 0.7030 0.0000
vt 0.5772 0.7321 0.0000
vt 0.5776 0.7175 0.0000
vt 0.3894 0.6451 0.0000
vt 0.3746 0.8044 0.0000
vt 0.3756 0.6317 0.0000
vt 0.5626 0.6317 0.0000
vt 0.5348 0.6452 0.0000
vt 0.5683 0.6337 0.0000
vt 0.5736 0.6415 0.0000
vt 0.5783 0.6545 0.0000
vt 0.5819 0.6718 0.0000
vt 0.5843 0.6924 0.0000
vt 0.5828 0.7586 0.0000
vt 0.5848 0.7373 0.0000
vt 0.5853 0.7147 0.0000
vt 0.5796 0.7772 0.0000
vt 0.5752 0.7918 0.0000
vt 0.5700 0.8014 0.0000
vt 0.5643 0.8053 0.0000
vt 0.5346 0.7933 0.0000
vt 0.3886 0.7926 0.0000
vt 0.2096 0.7344 0.0000
vt 0.2098 0.7106 0.0000
vt 0.2110 0.7106 0.0000
vt 0.2111 0.7633 0.0000
vt 0.2070 0.7344 0.0000
vt 0.2048 0.7633 0.0000
vt 0.2059 0.7106 0.0000
vt 0.2066 0.6450 0.0000
vt 0.2065 0.5966 0.0000
vt 0.2081 0.6232 0.0000
vt 0.2128 0.5966 0.0000
vt 0.2107 0.6232 0.0000
vt 0.2104 0.6450 0.0000
vt 0.2116 0.6450 0.0000
vt 0.2079 0.6450 0.0000
vt 0.2073 0.7106 0.0000
vt 0.2191 -0.6747 0.0000
vt 0.2134 -0.6748 0.0000
vt 0.2136 -0.6841 0.0000
vt 0.2193 -0.6841 0.0000
vt -0.5545 -0.6741 0.0000
vt -0.5521 -0.6742 0.0000
vt -0.5524 -0.6650 0.0000
vt -0.5548 -0.6649 0.0000
vt -0.5452 -0.6586 0.0000
vt -0.5455 -0.6494 0.0000
vt -0.5509 -0.6490 0.0000
vt -0.5507 -0.6582 0.0000
vt 0.2215 -0.7006 0.0000
vt 0.2239 -0.7006 0.0000
vt 0.2238 -0.6913 0.0000
vt 0.2214 -0.6912 0.0000
vt -0.5251 -0.6555 0.0000
vt -0.5252 -0.6509 0.0000
vt -0.5303 -0.6505 0.0000
vt -0.5301 -0.6551 0.0000
vt 0.2214 -0.6959 0.0000
vt 0.2238 -0.6960 0.0000
vt 0.1977 -0.6749 0.0000
vt 0.1924 -0.6749 0.0000
vt 0.1925 -0.6796 0.0000
vt 0.1977 -0.6796 0.0000
vt -0.5546 -0.6695 0.0000
vt -0.5523 -0.6696 0.0000
vt 0.6992 0.7700 0.0000
vt 0.6991 0.7444 0.0000
vt 0.7121 0.7444 0.0000
vt 0.7122 0.7701 0.0000
vt 0.7131 0.6682 0.0000
vt 0.7131 0.6426 0.0000
vt 0.7260 0.6426 0.0000
vt 0.7261 0.6682 0.0000
vt 0.6465 0.7686 0.0000
vt 0.6465 0.7429 0.0000
vt 0.6594 0.7430 0.0000
vt 0.6595 0.7686 0.0000
vt 0.6465 0.7188 0.0000
vt 0.6465 0.6932 0.0000
vt 0.6594 0.6932 0.0000
vt 0.6594 0.7188 0.0000
vt 0.6466 0.6175 0.0000
vt 0.6465 0.5920 0.0000
vt 0.6594 0.5920 0.0000
vt 0.6594 0.6175 0.0000
vt 0.5934 0.7691 0.0000
vt 0.5934 0.7435 0.0000
vt 0.6063 0.7435 0.0000
vt 0.6063 0.7691 0.0000
vt 0.6198 0.7684 0.0000
vt 0.6198 0.7428 0.0000
vt 0.6327 0.7428 0.0000
vt 0.6328 0.7685 0.0000
vt 0.6069 0.7183 0.0000
vt 0.6069 0.6927 0.0000
vt 0.6198 0.6928 0.0000
vt 0.6198 0.7183 0.0000
vt 0.6207 0.6671 0.0000
vt 0.6207 0.6416 0.0000
vt 0.6335 0.6416 0.0000
vt 0.6336 0.6671 0.0000
vt 0.6071 0.6671 0.0000
vt 0.6071 0.6416 0.0000
vt 0.5931 0.6671 0.0000
vt 0.5931 0.6416 0.0000
vt 0.6059 0.6416 0.0000
vt 0.6059 0.6671 0.0000
vt 0.5930 0.6173 0.0000
vt 0.5930 0.5919 0.0000
vt 0.6058 0.5919 0.0000
vt 0.6059 0.6173 0.0000
vt 0.6200 0.6173 0.0000
vt 0.6200 0.5919 0.0000
vt 0.6328 0.5919 0.0000
vt 0.6329 0.6173 0.0000
vt 0.5507 0.6167 0.0000
vt 0.5507 0.5913 0.0000
vt 0.5635 0.5913 0.0000
vt 0.5635 0.6167 0.0000
vt 0.5770 0.5915 0.0000
vt 0.5770 0.6169 0.0000
vt 0.5021 0.6173 0.0000
vt 0.5022 0.5920 0.0000
vt 0.5149 0.5919 0.0000
vt 0.5149 0.6173 0.0000
vt 0.4888 0.6172 0.0000
vt 0.4888 0.5919 0.0000
vt 0.4755 0.6175 0.0000
vt 0.4756 0.5921 0.0000
vt 0.4622 0.6170 0.0000
vt 0.4623 0.5916 0.0000
vt 0.4490 0.6162 0.0000
vt 0.4491 0.5909 0.0000
vt 0.4357 0.6161 0.0000
vt 0.4358 0.5908 0.0000
vt 0.4223 0.6160 0.0000
vt 0.4224 0.5908 0.0000
vt 0.4089 0.6156 0.0000
vt 0.4090 0.5904 0.0000
vt 0.3873 0.6160 0.0000
vt 0.3874 0.5908 0.0000
vt 0.4001 0.5907 0.0000
vt 0.4000 0.6160 0.0000
vt 0.3360 0.6172 0.0000
vt 0.3361 0.5920 0.0000
vt 0.3488 0.5920 0.0000
vt 0.3486 0.6172 0.0000
vt 0.3355 0.7671 0.0000
vt 0.3357 0.7417 0.0000
vt 0.3484 0.7417 0.0000
vt 0.3483 0.7672 0.0000
vt 0.2226 0.7145 0.0000
vt 0.2228 0.6892 0.0000
vt 0.2354 0.6892 0.0000
vt 0.2352 0.7145 0.0000
vt 0.2231 0.6148 0.0000
vt 0.2233 0.5896 0.0000
vt 0.2359 0.5896 0.0000
vt 0.2357 0.6148 0.0000
vt 0.2531 0.6178 0.0000
vt 0.2529 0.6139 0.0000
vt 0.2530 0.6100 0.0000
vt 0.2534 0.6063 0.0000
vt 0.2535 0.6214 0.0000
vt 0.2540 0.6030 0.0000
vt 0.2541 0.6243 0.0000
vt 0.2547 0.6004 0.0000
vt 0.2549 0.6266 0.0000
vt 0.2556 0.5987 0.0000
vt 0.2558 0.6279 0.0000
vt 0.2576 0.5983 0.0000
vt 0.2578 0.6275 0.0000
vt 0.2585 0.5996 0.0000
vt 0.2587 0.6257 0.0000
vt 0.2593 0.6018 0.0000
vt 0.2594 0.6232 0.0000
vt 0.2599 0.6048 0.0000
vt 0.2600 0.6199 0.0000
vt 0.2603 0.6084 0.0000
vt 0.2604 0.6162 0.0000
vt 0.2605 0.6122 0.0000
vt 0.2729 0.6178 0.0000
vt 0.2727 0.6139 0.0000
vt 0.2728 0.6100 0.0000
vt 0.2732 0.6063 0.0000
vt 0.2733 0.6214 0.0000
vt 0.2738 0.6030 0.0000
vt 0.2739 0.6244 0.0000
vt 0.2746 0.6004 0.0000
vt 0.2747 0.6266 0.0000
vt 0.2755 0.5987 0.0000
vt 0.2756 0.6279 0.0000
vt 0.2774 0.5983 0.0000
vt 0.2776 0.6275 0.0000
vt 0.2783 0.5996 0.0000
vt 0.2785 0.6257 0.0000
vt 0.2791 0.6018 0.0000
vt 0.2793 0.6232 0.0000
vt 0.2798 0.6048 0.0000
vt 0.2798 0.6199 0.0000
vt 0.2802 0.6084 0.0000
vt 0.2802 0.6162 0.0000
vt 0.2803 0.6122 0.0000
vt 0.2920 0.6178 0.0000
vt 0.2919 0.6139 0.0000
vt 0.2920 0.6100 0.0000
vt 0.2923 0.6062 0.0000
vt 0.2924 0.6214 0.0000
vt 0.2929 0.6030 0.0000
vt 0.2931 0.6244 0.0000
vt 0.2937 0.6004 0.0000
vt 0.2939 0.6266 0.0000
vt 0.2946 0.5987 0.0000
vt 0.2948 0.6279 0.0000
vt 0.2966 0.5983 0.0000
vt 0.2968 0.6275 0.0000
vt 0.2975 0.5996 0.0000
vt 0.2977 0.6258 0.0000
vt 0.2983 0.6018 0.0000
vt 0.2984 0.6232 0.0000
vt 0.2989 0.6048 0.0000
vt 0.2990 0.6199 0.0000
vt 0.2993 0.6084 0.0000
vt 0.2994 0.6162 0.0000
vt 0.2995 0.6122 0.0000
vt 0.3112 0.6178 0.0000
vt 0.3110 0.6139 0.0000
vt 0.3111 0.6100 0.0000
vt 0.3115 0.6062 0.0000
vt 0.3116 0.6214 0.0000
vt 0.3121 0.6030 0.0000
vt 0.3122 0.6244 0.0000
vt 0.3128 0.6004 0.0000
vt 0.3130 0.6266 0.0000
vt 0.3137 0.5987 0.0000
vt 0.3139 0.6279 0.0000
vt 0.3157 0.5983 0.0000
vt 0.3159 0.6275 0.0000
vt 0.3166 0.5996 0.0000
vt 0.3168 0.6258 0.0000
vt 0.3174 0.6018 0.0000
vt 0.3176 0.6232 0.0000
vt 0.3180 0.6048 0.0000
vt 0.3182 0.6199 0.0000
vt 0.3185 0.6084 0.0000
vt 0.3185 0.6162 0.0000
vt 0.3186 0.6122 0.0000
vt 0.4109 0.6635 0.0000
vt 0.5118 0.6636 0.0000
vt 0.5115 0.7861 0.0000
vt 0.4104 0.7856 0.0000
vt 0.5917 0.7891 0.0000
vt 0.5917 0.7379 0.0000
vt 0.6343 0.7380 0.0000
vt 0.6343 0.7893 0.0000
vt 0.2226 0.7662 0.0000
vt 0.2228 0.7459 0.0000
vt 0.3267 0.7462 0.0000
vt 0.3265 0.7666 0.0000
vt 0.6465 0.6672 0.0000
vt 0.6464 0.6416 0.0000
vt 0.6593 0.6417 0.0000
vt 0.6593 0.6672 0.0000
vt -0.5529 -0.6488 0.0000
vt -0.5531 -0.6396 0.0000
vt -0.5590 -0.6392 0.0000
vt -0.5587 -0.6484 0.0000
vt 0.7531 0.7703 0.0000
vt 0.7530 0.7445 0.0000
vt 0.7660 0.7446 0.0000
vt 0.7661 0.7703 0.0000
vt 0.7256 0.7444 0.0000
vt 0.7257 0.7702 0.0000
vt 0.7390 0.7445 0.0000
vt 0.7391 0.7702 0.0000
vt 0.7394 0.6426 0.0000
vt 0.7395 0.6682 0.0000
vt 0.7529 0.6426 0.0000
vt 0.7530 0.6682 0.0000
vt 0.7130 0.6178 0.0000
vt 0.7129 0.5923 0.0000
vt 0.7258 0.5923 0.0000
vt 0.7259 0.6178 0.0000
vt 0.7392 0.5923 0.0000
vt 0.7393 0.6178 0.0000
vt 0.7527 0.5923 0.0000
vt 0.7528 0.6178 0.0000
vt 0.6728 0.6932 0.0000
vt 0.6729 0.7188 0.0000
vt 0.6728 0.7430 0.0000
vt 0.6729 0.7687 0.0000
vt 0.6728 0.5920 0.0000
vt 0.6728 0.6175 0.0000
vt 0.6727 0.6417 0.0000
vt 0.6727 0.6672 0.0000
vt 0.6862 0.6933 0.0000
vt 0.6863 0.7189 0.0000
vt 0.6863 0.7431 0.0000
vt 0.6863 0.7687 0.0000
vt 0.6862 0.5920 0.0000
vt 0.6862 0.6175 0.0000
vt 0.6861 0.6417 0.0000
vt 0.6862 0.6672 0.0000
vt 0.6996 0.5920 0.0000
vt 0.6996 0.6175 0.0000
vt 0.9475 0.4882 0.0000
vt 0.1220 0.4909 0.0000
vt 0.0967 0.8886 0.0000
vt 0.1019 0.4910 0.0000
vt 0.9593 0.8947 0.0000
vt 0.3615 0.7418 0.0000
vt 0.3614 0.7672 0.0000
vt 0.9553 0.4882 0.0000
vt 0.3359 0.7163 0.0000
vt 0.3360 0.6909 0.0000
vt 0.3487 0.6909 0.0000
vt 0.3486 0.7163 0.0000
vt 0.3362 0.6656 0.0000
vt 0.3364 0.6403 0.0000
vt 0.3491 0.6403 0.0000
vt 0.3489 0.6656 0.0000
vt 0.3622 0.6403 0.0000
vt 0.3620 0.6656 0.0000
vt 0.3618 0.6910 0.0000
vt 0.3617 0.7163 0.0000
# 2586 texture coords

g Layer0_001
usemtl wire_177028149
s off
f 1/1/1 2/1/1 3/1/1 4/1/1 
f 5/1/1 1/1/1 4/1/1 6/1/1 
f 7/1/1 8/1/1 9/1/1 10/1/1 
f 11/1/1 7/1/1 10/1/1 12/1/1 
f 13/1/1 14/1/1 8/1/1 7/1/1 
f 15/1/1 13/1/1 7/1/1 16/1/1 
f 17/1/1 18/1/1 19/1/1 20/1/1 
f 17/1/1 20/1/1 21/1/1 5/1/1 
f 17/1/1 5/1/1 6/1/1 
f 21/1/1 20/1/1 22/1/1 
f 23/1/1 24/1/1 25/1/1 26/1/1 
f 23/1/1 26/1/1 16/1/1 21/1/1 
f 23/1/1 21/1/1 22/1/1 
f 16/1/1 26/1/1 15/1/1 
f 27/1/1 28/1/1 29/1/1 30/1/1 
f 27/1/1 30/1/1 31/1/1 11/1/1 
f 27/1/1 11/1/1 12/1/1 
f 31/1/1 30/1/1 32/1/1 
f 33/1/1 34/1/1 35/1/1 36/1/1 
f 33/1/1 36/1/1 31/1/1 32/1/1 
f 37/1/1 38/1/1 39/1/1 40/1/1 
f 41/1/1 37/1/1 40/1/1 42/1/1 
f 43/1/1 44/1/1 45/1/1 46/1/1 
f 43/1/1 46/1/1 42/1/1 47/1/1 
f 47/1/1 42/1/1 48/1/1 
f 42/1/1 46/1/1 41/1/1 
f 49/1/1 50/1/1 36/1/1 35/1/1 
f 49/1/1 35/1/1 51/1/1 
f 50/1/1 49/1/1 52/1/1 
f 53/1/1 54/1/1 55/1/1 56/1/1 
f 53/1/1 56/1/1 57/1/1 58/1/1 
f 59/1/1 60/1/1 61/1/1 62/1/1 
f 59/1/1 62/1/1 48/1/1 52/1/1 
f 52/1/1 48/1/1 50/1/1 
f 48/1/1 62/1/1 47/1/1 
f 63/1/1 64/1/1 65/1/1 66/1/1 
f 63/1/1 66/1/1 57/1/1 67/1/1 
f 63/1/1 67/1/1 68/1/1 
f 57/1/1 66/1/1 58/1/1 
f 40/1/1 39/1/1 69/1/1 70/1/1 
f 67/1/1 40/1/1 70/1/1 68/1/1 
f 71/1/1 72/1/1 73/1/1 74/1/1 
f 71/1/1 74/1/1 75/1/1 76/1/1 
f 71/1/1 76/1/1 77/1/1 
f 75/1/1 74/1/1 78/1/1 
f 79/1/1 80/1/1 81/1/1 82/1/1 
f 79/1/1 82/1/1 83/1/1 75/1/1 
f 79/1/1 75/1/1 78/1/1 
f 83/1/1 82/1/1 84/1/1 
f 85/1/1 76/1/1 56/1/1 55/1/1 
f 85/1/1 55/1/1 86/1/1 
f 76/1/1 85/1/1 77/1/1 
f 87/1/1 88/1/1 89/1/1 90/1/1 
f 87/1/1 90/1/1 83/1/1 84/1/1 
f 91/1/1 92/1/1 93/1/1 1/1/1 
f 1/1/1 93/1/1 2/1/1 
f 94/1/2 95/1/2 96/1/2 97/1/2 
f 96/1/3 95/1/3 98/1/3 99/1/3 
f 100/1/3 101/1/3 91/1/3 56/1/3 
f 56/1/3 91/1/3 1/1/3 5/1/3 
f 56/1/3 5/1/3 21/1/3 16/1/3 
f 56/1/3 16/1/3 7/1/3 11/1/3 
f 56/1/3 11/1/3 31/1/3 36/1/3 
f 56/1/3 36/1/3 50/1/3 48/1/3 
f 56/1/3 48/1/3 42/1/3 40/1/3 
f 56/1/3 40/1/3 67/1/3 57/1/3 
f 102/1/3 100/1/3 56/1/3 76/1/3 
f 102/1/3 76/1/3 75/1/3 83/1/3 
f 102/1/3 83/1/3 90/1/3 103/1/3 
f 102/1/3 103/1/3 104/1/3 105/1/3 
f 102/1/3 105/1/3 106/1/3 107/1/3 
f 102/1/3 107/1/3 108/1/3 109/1/3 
f 102/1/3 109/1/3 110/1/3 111/1/3 
f 102/1/3 111/1/3 112/1/3 113/1/3 
f 102/1/3 113/1/3 114/1/3 115/1/3 
f 102/1/3 115/1/3 116/1/3 117/1/3 
f 102/1/3 117/1/3 118/1/3 119/1/3 
f 102/1/3 119/1/3 120/1/3 121/1/3 
f 102/1/3 121/1/3 122/1/3 123/1/3 
f 102/1/3 123/1/3 124/1/3 125/1/3 
f 102/1/3 125/1/3 126/1/3 127/1/3 
f 98/1/4 101/1/4 100/1/4 99/1/4 
f 128/1/1 103/1/1 90/1/1 89/1/1 
f 128/1/1 89/1/1 129/1/1 
f 103/1/1 128/1/1 130/1/1 
f 131/1/1 132/1/1 133/1/1 134/1/1 
f 131/1/1 134/1/1 104/1/1 103/1/1 
f 131/1/1 103/1/1 130/1/1 
f 104/1/1 134/1/1 135/1/1 
f 136/1/1 137/1/1 138/1/1 105/1/1 
f 135/1/1 136/1/1 105/1/1 104/1/1 
f 105/1/1 138/1/1 139/1/1 140/1/1 
f 106/1/1 105/1/1 140/1/1 141/1/1 
f 142/1/1 143/1/1 144/1/1 145/1/1 
f 142/1/1 145/1/1 107/1/1 141/1/1 
f 141/1/1 107/1/1 106/1/1 
f 107/1/1 145/1/1 146/1/1 
f 147/1/1 148/1/1 149/1/1 150/1/1 
f 147/1/1 150/1/1 108/1/1 107/1/1 
f 147/1/1 107/1/1 146/1/1 
f 108/1/1 150/1/1 151/1/1 
f 152/1/1 153/1/1 154/1/1 109/1/1 
f 152/1/1 109/1/1 108/1/1 151/1/1 
f 109/1/1 154/1/1 155/1/1 156/1/1 
f 110/1/1 109/1/1 156/1/1 157/1/1 
f 158/1/1 159/1/1 160/1/1 161/1/1 
f 158/1/1 161/1/1 111/1/1 110/1/1 
f 158/1/1 110/1/1 157/1/1 
f 111/1/1 161/1/1 162/1/1 
f 112/1/1 163/1/1 164/1/1 165/1/1 
f 113/1/1 112/1/1 165/1/1 166/1/1 
f 167/1/1 168/1/1 163/1/1 112/1/1 
f 167/1/1 112/1/1 111/1/1 162/1/1 
f 169/1/1 170/1/1 171/1/1 172/1/1 
f 169/1/1 172/1/1 114/1/1 113/1/1 
f 169/1/1 113/1/1 166/1/1 
f 114/1/1 172/1/1 173/1/1 
f 174/1/1 175/1/1 176/1/1 177/1/1 
f 174/1/1 177/1/1 115/1/1 114/1/1 
f 174/1/1 114/1/1 173/1/1 
f 115/1/1 177/1/1 178/1/1 
f 179/1/1 180/1/1 181/1/1 116/1/1 
f 179/1/1 116/1/1 115/1/1 178/1/1 
f 182/1/1 183/1/1 184/1/1 185/1/1 
f 182/1/1 185/1/1 125/1/1 124/1/1 
f 182/1/1 124/1/1 186/1/1 
f 125/1/1 185/1/1 187/1/1 
f 188/1/1 189/1/1 190/1/1 102/1/1 
f 188/1/1 102/1/1 127/1/1 191/1/1 
f 116/1/1 181/1/1 192/1/1 193/1/1 
f 117/1/1 116/1/1 193/1/1 194/1/1 
f 195/1/1 196/1/1 197/1/1 198/1/1 
f 195/1/1 198/1/1 118/1/1 117/1/1 
f 195/1/1 117/1/1 194/1/1 
f 118/1/1 198/1/1 199/1/1 
f 200/1/1 201/1/1 202/1/1 119/1/1 
f 199/1/1 200/1/1 119/1/1 118/1/1 
f 119/1/1 202/1/1 203/1/1 204/1/1 
f 120/1/1 119/1/1 204/1/1 205/1/1 
f 206/1/1 207/1/1 208/1/1 209/1/1 
f 206/1/1 209/1/1 121/1/1 120/1/1 
f 206/1/1 120/1/1 205/1/1 
f 121/1/1 209/1/1 210/1/1 
f 211/1/1 212/1/1 213/1/1 214/1/1 
f 211/1/1 214/1/1 122/1/1 121/1/1 
f 211/1/1 121/1/1 210/1/1 
f 122/1/1 214/1/1 215/1/1 
f 216/1/1 217/1/1 218/1/1 123/1/1 
f 216/1/1 123/1/1 122/1/1 215/1/1 
f 123/1/1 218/1/1 219/1/1 220/1/1 
f 124/1/1 123/1/1 220/1/1 186/1/1 
f 221/1/1 222/1/1 223/1/1 126/1/1 
f 187/1/1 221/1/1 126/1/1 125/1/1 
f 126/1/1 223/1/1 224/1/1 225/1/1 
f 127/1/1 126/1/1 225/1/1 191/1/1 
f 18/1/5 17/1/5 226/1/5 227/1/5 
f 228/1/1 229/1/1 227/1/1 226/1/1 
f 6/1/6 4/1/6 228/1/6 17/1/6 
f 17/1/6 228/1/6 226/1/6 
f 228/1/7 4/1/7 3/1/7 229/1/7 
f 14/1/5 13/1/5 230/1/5 231/1/5 
f 232/1/1 233/1/1 231/1/1 230/1/1 
f 15/1/6 26/1/6 232/1/6 13/1/6 
f 13/1/6 232/1/6 230/1/6 
f 232/1/7 26/1/7 25/1/7 233/1/7 
f 24/1/5 23/1/5 234/1/5 235/1/5 
f 236/1/7 20/1/7 19/1/7 237/1/7 
f 22/1/6 20/1/6 236/1/6 23/1/6 
f 23/1/6 236/1/6 234/1/6 
f 236/1/1 237/1/1 235/1/1 234/1/1 
f 238/1/7 10/1/7 9/1/7 239/1/7 
f 28/1/5 27/1/5 240/1/5 241/1/5 
f 12/1/6 10/1/6 238/1/6 27/1/6 
f 27/1/6 238/1/6 240/1/6 
f 238/1/1 239/1/1 241/1/1 240/1/1 
f 34/1/5 33/1/5 242/1/5 243/1/5 
f 32/1/6 30/1/6 244/1/6 33/1/6 
f 33/1/6 244/1/6 242/1/6 
f 244/1/1 245/1/1 243/1/1 242/1/1 
f 244/1/7 30/1/7 29/1/7 245/1/7 
f 246/1/7 66/1/7 65/1/7 247/1/7 
f 246/1/1 247/1/1 248/1/1 249/1/1 
f 54/1/5 53/1/5 249/1/5 248/1/5 
f 60/1/5 59/1/5 250/1/5 251/1/5 
f 58/1/6 66/1/6 246/1/6 53/1/6 
f 53/1/6 246/1/6 249/1/6 
f 252/1/7 46/1/7 45/1/7 253/1/7 
f 254/1/7 49/1/7 51/1/7 255/1/7 
f 256/1/1 257/1/1 258/1/1 259/1/1 
f 41/1/6 46/1/6 252/1/6 37/1/6 
f 37/1/6 252/1/6 260/1/6 
f 38/1/5 37/1/5 260/1/5 261/1/5 
f 44/1/5 43/1/5 259/1/5 258/1/5 
f 64/1/5 63/1/5 262/1/5 263/1/5 
f 68/1/6 70/1/6 264/1/6 63/1/6 
f 63/1/6 264/1/6 262/1/6 
f 264/1/7 70/1/7 69/1/7 265/1/7 
f 264/1/1 265/1/1 263/1/1 262/1/1 
f 47/1/6 62/1/6 256/1/6 43/1/6 
f 43/1/6 256/1/6 259/1/6 
f 254/1/1 255/1/1 251/1/1 250/1/1 
f 252/1/1 253/1/1 261/1/1 260/1/1 
f 52/1/6 49/1/6 254/1/6 59/1/6 
f 59/1/6 254/1/6 250/1/6 
f 256/1/7 62/1/7 61/1/7 257/1/7 
f 266/1/1 267/1/1 268/1/1 269/1/1 
f 270/1/1 271/1/1 272/1/1 273/1/1 
f 274/1/7 74/1/7 73/1/7 275/1/7 
f 84/1/6 82/1/6 266/1/6 87/1/6 
f 87/1/6 266/1/6 269/1/6 
f 266/1/7 82/1/7 81/1/7 267/1/7 
f 276/1/1 277/1/1 278/1/1 279/1/1 
f 274/1/1 275/1/1 280/1/1 281/1/1 
f 270/1/7 85/1/7 86/1/7 271/1/7 
f 132/1/5 131/1/5 279/1/5 278/1/5 
f 130/1/6 128/1/6 276/1/6 131/1/6 
f 131/1/6 276/1/6 279/1/6 
f 276/1/7 128/1/7 129/1/7 277/1/7 
f 80/1/5 79/1/5 281/1/5 280/1/5 
f 77/1/6 85/1/6 270/1/6 71/1/6 
f 71/1/6 270/1/6 273/1/6 
f 135/1/6 134/1/6 282/1/6 136/1/6 
f 136/1/6 282/1/6 283/1/6 
f 78/1/6 74/1/6 274/1/6 79/1/6 
f 79/1/6 274/1/6 281/1/6 
f 137/1/5 136/1/5 283/1/5 284/1/5 
f 282/1/7 134/1/7 133/1/7 285/1/7 
f 282/1/1 285/1/1 284/1/1 283/1/1 
f 72/1/5 71/1/5 273/1/5 272/1/5 
f 88/1/5 87/1/5 269/1/5 268/1/5 
f 153/1/5 152/1/5 286/1/5 287/1/5 
f 288/1/7 156/1/7 155/1/7 289/1/7 
f 141/1/6 140/1/6 290/1/6 142/1/6 
f 142/1/6 290/1/6 291/1/6 
f 292/1/1 293/1/1 287/1/1 286/1/1 
f 143/1/5 142/1/5 291/1/5 294/1/5 
f 159/1/5 158/1/5 295/1/5 296/1/5 
f 157/1/6 156/1/6 288/1/6 158/1/6 
f 158/1/6 288/1/6 295/1/6 
f 148/1/5 147/1/5 297/1/5 298/1/5 
f 168/1/5 167/1/5 299/1/5 300/1/5 
f 301/1/7 161/1/7 160/1/7 302/1/7 
f 292/1/7 150/1/7 149/1/7 293/1/7 
f 290/1/7 140/1/7 139/1/7 303/1/7 
f 151/1/6 150/1/6 292/1/6 152/1/6 
f 152/1/6 292/1/6 286/1/6 
f 288/1/1 289/1/1 296/1/1 295/1/1 
f 304/1/1 305/1/1 298/1/1 297/1/1 
f 162/1/6 161/1/6 301/1/6 167/1/6 
f 167/1/6 301/1/6 299/1/6 
f 301/1/1 302/1/1 300/1/1 299/1/1 
f 290/1/1 303/1/1 294/1/1 291/1/1 
f 304/1/7 145/1/7 144/1/7 305/1/7 
f 146/1/6 145/1/6 304/1/6 147/1/6 
f 147/1/6 304/1/6 297/1/6 
f 306/1/1 307/1/1 308/1/1 309/1/1 
f 173/1/6 172/1/6 310/1/6 174/1/6 
f 174/1/6 310/1/6 311/1/6 
f 175/1/5 174/1/5 311/1/5 312/1/5 
f 201/1/5 200/1/5 313/1/5 314/1/5 
f 166/1/6 165/1/6 315/1/6 169/1/6 
f 169/1/6 315/1/6 316/1/6 
f 170/1/5 169/1/5 316/1/5 317/1/5 
f 310/1/7 172/1/7 171/1/7 318/1/7 
f 315/1/7 165/1/7 164/1/7 319/1/7 
f 320/1/7 193/1/7 192/1/7 321/1/7 
f 196/1/5 195/1/5 322/1/5 323/1/5 
f 194/1/6 193/1/6 320/1/6 195/1/6 
f 195/1/6 320/1/6 322/1/6 
f 320/1/1 321/1/1 323/1/1 322/1/1 
f 310/1/1 318/1/1 312/1/1 311/1/1 
f 199/1/6 198/1/6 324/1/6 200/1/6 
f 200/1/6 324/1/6 313/1/6 
f 324/1/1 325/1/1 314/1/1 313/1/1 
f 324/1/7 198/1/7 197/1/7 325/1/7 
f 315/1/1 319/1/1 317/1/1 316/1/1 
f 180/1/5 179/1/5 309/1/5 308/1/5 
f 178/1/6 177/1/6 306/1/6 179/1/6 
f 179/1/6 306/1/6 309/1/6 
f 306/1/7 177/1/7 176/1/7 307/1/7 
f 217/1/5 216/1/5 326/1/5 327/1/5 
f 207/1/5 206/1/5 328/1/5 329/1/5 
f 222/1/5 221/1/5 330/1/5 331/1/5 
f 332/1/7 220/1/7 219/1/7 333/1/7 
f 212/1/5 211/1/5 334/1/5 335/1/5 
f 336/1/1 337/1/1 329/1/1 328/1/1 
f 338/1/1 339/1/1 327/1/1 326/1/1 
f 210/1/6 209/1/6 340/1/6 211/1/6 
f 211/1/6 340/1/6 334/1/6 
f 205/1/6 204/1/6 336/1/6 206/1/6 
f 206/1/6 336/1/6 328/1/6 
f 340/1/7 209/1/7 208/1/7 341/1/7 
f 183/1/5 182/1/5 342/1/5 343/1/5 
f 186/1/6 220/1/6 332/1/6 182/1/6 
f 182/1/6 332/1/6 342/1/6 
f 332/1/1 333/1/1 343/1/1 342/1/1 
f 340/1/1 341/1/1 335/1/1 334/1/1 
f 187/1/6 185/1/6 344/1/6 221/1/6 
f 221/1/6 344/1/6 330/1/6 
f 344/1/1 345/1/1 331/1/1 330/1/1 
f 344/1/7 185/1/7 184/1/7 345/1/7 
f 336/1/7 204/1/7 203/1/7 337/1/7 
f 215/1/6 214/1/6 338/1/6 216/1/6 
f 216/1/6 338/1/6 326/1/6 
f 338/1/7 214/1/7 213/1/7 339/1/7 
f 189/1/5 188/1/5 346/1/5 347/1/5 
f 348/1/1 349/1/1 347/1/1 346/1/1 
f 348/1/7 225/1/7 224/1/7 349/1/7 
f 191/1/6 225/1/6 348/1/6 188/1/6 
f 188/1/6 348/1/6 346/1/6 
f 350/1/1 351/1/1 352/1/1 353/1/1 
f 354/1/1 353/1/1 352/1/1 355/1/1 
f 355/1/1 352/1/1 356/1/1 357/1/1 
f 358/1/1 357/1/1 356/1/1 359/1/1 
f 360/1/1 359/1/1 356/1/1 361/1/1 
f 351/1/1 350/1/1 362/1/1 363/1/1 
f 351/1/1 363/1/1 364/1/1 365/1/1 
f 351/1/1 365/1/1 366/1/1 367/1/1 
f 351/1/1 367/1/1 368/1/1 369/1/1 
f 370/1/8 371/1/8 372/1/8 373/1/8 
f 367/1/9 366/1/10 374/1/10 375/1/11 
f 376/1/12 359/1/12 360/1/13 377/1/14 
f 356/1/15 352/1/15 378/1/15 379/1/15 
f 367/1/9 375/1/11 380/1/16 368/1/16 
f 350/1/17 353/1/17 372/1/17 371/1/17 
f 381/1/18 358/1/19 359/1/12 376/1/12 
f 382/1/20 361/1/20 356/1/21 379/1/21 
f 377/1/14 360/1/13 361/1/20 382/1/20 
f 368/1/16 380/1/16 383/1/22 369/1/22 
f 363/1/23 384/1/23 385/1/24 364/1/25 
f 371/1/21 386/1/21 362/1/21 350/1/21 
f 386/1/21 371/1/21 91/1/21 387/1/21 
f 387/1/21 91/1/21 92/1/21 388/1/21 
f 389/1/21 388/1/21 92/1/21 390/1/21 
f 101/1/21 91/1/21 371/1/21 95/1/21 
f 95/1/21 371/1/21 370/1/21 94/1/21 
f 98/1/21 101/1/21 95/1/21 
f 363/1/26 362/1/26 386/1/26 384/1/26 
f 354/1/26 355/1/26 391/1/26 392/1/26 
f 391/1/27 355/1/27 357/1/28 393/1/29 
f 365/1/30 394/1/31 374/1/10 366/1/10 
f 393/1/29 357/1/28 358/1/19 381/1/18 
f 364/1/25 385/1/24 394/1/31 365/1/30 
f 189/1/26 190/1/26 395/1/26 347/1/26 
f 349/1/26 347/1/26 395/1/26 331/1/26 
f 345/1/26 331/1/26 395/1/26 343/1/26 
f 333/1/26 343/1/26 395/1/26 327/1/26 
f 339/1/26 327/1/26 395/1/26 335/1/26 
f 341/1/26 335/1/26 395/1/26 329/1/26 
f 337/1/26 329/1/26 395/1/26 314/1/26 
f 325/1/26 314/1/26 395/1/26 323/1/26 
f 321/1/26 323/1/26 395/1/26 308/1/26 
f 307/1/26 308/1/26 395/1/26 312/1/26 
f 318/1/26 312/1/26 395/1/26 317/1/26 
f 319/1/26 317/1/26 395/1/26 300/1/26 
f 302/1/26 300/1/26 395/1/26 296/1/26 
f 289/1/26 296/1/26 395/1/26 287/1/26 
f 293/1/26 287/1/26 395/1/26 298/1/26 
f 305/1/26 298/1/26 395/1/26 294/1/26 
f 303/1/26 294/1/26 395/1/26 284/1/26 
f 285/1/26 284/1/26 395/1/26 278/1/26 
f 277/1/26 278/1/26 395/1/26 268/1/26 
f 267/1/26 268/1/26 395/1/26 280/1/26 
f 275/1/26 280/1/26 395/1/26 272/1/26 
f 271/1/26 272/1/26 395/1/26 248/1/26 
f 247/1/26 248/1/26 395/1/26 263/1/26 
f 265/1/26 263/1/26 395/1/26 261/1/26 
f 253/1/26 261/1/26 395/1/26 258/1/26 
f 257/1/26 258/1/26 395/1/26 251/1/26 
f 255/1/26 251/1/26 395/1/26 243/1/26 
f 245/1/26 243/1/26 395/1/26 241/1/26 
f 239/1/26 241/1/26 395/1/26 231/1/26 
f 233/1/26 231/1/26 395/1/26 235/1/26 
f 237/1/26 235/1/26 395/1/26 227/1/26 
f 229/1/26 227/1/26 395/1/26 390/1/26 
f 229/1/26 390/1/26 92/1/26 3/1/26 
f 18/1/26 3/1/26 92/1/26 19/1/26 
f 24/1/26 19/1/26 92/1/26 25/1/26 
f 14/1/26 25/1/26 92/1/26 9/1/26 
f 28/1/26 9/1/26 92/1/26 29/1/26 
f 34/1/26 29/1/26 92/1/26 51/1/26 
f 60/1/26 51/1/26 92/1/26 61/1/26 
f 44/1/26 61/1/26 92/1/26 45/1/26 
f 38/1/26 45/1/26 92/1/26 69/1/26 
f 64/1/26 69/1/26 92/1/26 65/1/26 
f 54/1/26 65/1/26 92/1/26 94/1/26 
f 190/1/26 54/1/26 94/1/26 97/1/26 
f 86/1/26 54/1/26 190/1/26 189/1/26 
f 86/1/26 189/1/26 224/1/26 222/1/26 
f 222/1/26 224/1/26 349/1/26 331/1/26 
f 86/1/26 222/1/26 184/1/26 183/1/26 
f 183/1/26 184/1/26 345/1/26 343/1/26 
f 86/1/26 183/1/26 219/1/26 217/1/26 
f 217/1/26 219/1/26 333/1/26 327/1/26 
f 86/1/26 217/1/26 213/1/26 212/1/26 
f 212/1/26 213/1/26 339/1/26 335/1/26 
f 86/1/26 212/1/26 208/1/26 207/1/26 
f 207/1/26 208/1/26 341/1/26 329/1/26 
f 86/1/26 207/1/26 203/1/26 201/1/26 
f 201/1/26 203/1/26 337/1/26 314/1/26 
f 86/1/26 201/1/26 197/1/26 196/1/26 
f 196/1/26 197/1/26 325/1/26 323/1/26 
f 86/1/26 196/1/26 192/1/26 180/1/26 
f 180/1/26 192/1/26 321/1/26 308/1/26 
f 86/1/26 180/1/26 176/1/26 175/1/26 
f 175/1/26 176/1/26 307/1/26 312/1/26 
f 86/1/26 175/1/26 171/1/26 170/1/26 
f 170/1/26 171/1/26 318/1/26 317/1/26 
f 86/1/26 170/1/26 164/1/26 168/1/26 
f 168/1/26 164/1/26 319/1/26 300/1/26 
f 86/1/26 168/1/26 160/1/26 159/1/26 
f 159/1/26 160/1/26 302/1/26 296/1/26 
f 86/1/26 159/1/26 155/1/26 153/1/26 
f 153/1/26 155/1/26 289/1/26 287/1/26 
f 86/1/26 153/1/26 149/1/26 148/1/26 
f 148/1/26 149/1/26 293/1/26 298/1/26 
f 86/1/26 148/1/26 144/1/26 143/1/26 
f 143/1/26 144/1/26 305/1/26 294/1/26 
f 86/1/26 143/1/26 139/1/26 137/1/26 
f 137/1/26 139/1/26 303/1/26 284/1/26 
f 86/1/26 137/1/26 133/1/26 132/1/26 
f 132/1/26 133/1/26 285/1/26 278/1/26 
f 86/1/26 132/1/26 129/1/26 88/1/26 
f 88/1/26 129/1/26 277/1/26 268/1/26 
f 86/1/26 88/1/26 81/1/26 80/1/26 
f 80/1/26 81/1/26 267/1/26 280/1/26 
f 86/1/26 80/1/26 73/1/26 72/1/26 
f 72/1/26 73/1/26 275/1/26 272/1/26 
f 248/1/26 54/1/26 86/1/26 271/1/26 
f 64/1/26 65/1/26 247/1/26 263/1/26 
f 38/1/26 69/1/26 265/1/26 261/1/26 
f 44/1/26 45/1/26 253/1/26 258/1/26 
f 60/1/26 61/1/26 257/1/26 251/1/26 
f 34/1/26 51/1/26 255/1/26 243/1/26 
f 28/1/26 29/1/26 245/1/26 241/1/26 
f 14/1/26 9/1/26 239/1/26 231/1/26 
f 24/1/26 25/1/26 233/1/26 235/1/26 
f 18/1/26 19/1/26 237/1/26 227/1/26 
f 370/1/26 373/1/26 97/1/26 94/1/26 
f 372/1/22 354/1/22 392/1/22 102/1/22 
f 102/1/22 392/1/22 396/1/22 190/1/22 
f 190/1/22 396/1/22 397/1/22 398/1/22 
f 190/1/22 398/1/22 395/1/22 
f 372/1/22 102/1/22 100/1/22 96/1/22 
f 373/1/22 372/1/22 96/1/22 97/1/22 
f 96/1/22 100/1/22 99/1/22 
f 353/1/22 354/1/22 372/1/22 
f 399/1/8 400/1/8 401/1/8 402/1/8 
f 402/1/8 401/1/8 403/1/8 404/1/8 
f 402/1/8 404/1/8 405/1/8 406/1/8 
f 402/1/8 406/1/8 407/1/8 408/1/8 
f 402/1/8 408/1/8 409/1/8 410/1/8 
f 402/1/8 410/1/8 411/1/8 412/1/8 
f 402/1/8 412/1/8 413/1/8 
f 407/1/32 406/1/33 414/1/33 415/1/32 
f 406/1/33 405/1/34 416/1/34 414/1/33 
f 405/1/34 404/1/35 417/1/35 416/1/34 
f 417/1/35 404/1/35 403/1/36 418/1/36 
f 419/1/37 401/1/38 400/1/39 420/1/40 
f 399/1/41 420/1/40 400/1/39 
f 402/1/42 413/1/43 421/1/44 
f 412/1/45 422/1/46 421/1/44 413/1/43 
f 411/1/47 423/1/47 424/1/48 412/1/45 
f 412/1/45 424/1/48 422/1/46 
f 410/1/49 425/1/49 423/1/47 411/1/47 
f 410/1/49 409/1/50 426/1/50 425/1/49 
f 409/1/50 408/1/51 427/1/51 426/1/50 
f 408/1/51 407/1/32 415/1/32 427/1/51 
f 418/1/36 403/1/36 401/1/38 428/1/52 
f 428/1/52 401/1/38 419/1/37 
f 399/1/15 351/1/15 369/1/15 383/1/15 
f 420/1/15 399/1/15 383/1/15 419/1/15 
f 419/1/15 383/1/15 428/1/15 
f 351/1/15 399/1/15 402/1/15 429/1/15 
f 429/1/15 402/1/15 421/1/15 422/1/15 
f 429/1/15 422/1/15 424/1/15 
f 430/1/53 431/1/54 432/1/54 433/1/53 
f 434/1/55 430/1/53 433/1/53 435/1/55 
f 436/1/56 437/1/8 438/1/8 432/1/54 
f 439/1/56 436/1/56 432/1/54 431/1/54 
f 440/1/8 439/1/56 431/1/54 441/1/8 
f 442/1/57 443/1/57 434/1/55 435/1/55 
f 444/1/58 445/1/59 446/1/59 441/1/8 
f 441/1/8 446/1/59 440/1/8 
f 447/1/60 448/1/61 449/1/61 450/1/60 
f 451/1/62 452/1/62 449/1/61 448/1/61 
f 453/1/63 454/1/63 452/1/62 451/1/62 
f 452/1/21 454/1/21 455/1/21 449/1/21 
f 450/1/21 449/1/21 455/1/21 456/1/21 
f 457/1/21 456/1/21 455/1/21 438/1/21 
f 432/1/21 438/1/21 455/1/21 433/1/21 
f 435/1/21 433/1/21 455/1/21 442/1/21 
f 458/1/22 453/1/22 451/1/22 448/1/22 
f 458/1/22 448/1/22 447/1/22 445/1/22 
f 458/1/22 445/1/22 444/1/22 441/1/22 
f 458/1/22 441/1/22 431/1/22 430/1/22 
f 458/1/22 430/1/22 434/1/22 443/1/22 
f 442/1/57 455/1/64 458/1/64 443/1/57 
f 436/1/65 439/1/65 459/1/65 460/1/65 
f 461/1/21 462/1/21 463/1/21 437/1/21 
f 460/1/21 461/1/21 437/1/21 436/1/21 
f 459/1/8 464/1/8 461/1/8 460/1/8 
f 445/1/59 447/1/60 450/1/60 465/1/66 
f 462/1/66 465/1/66 450/1/60 463/1/59 
f 463/1/59 450/1/60 456/1/59 
f 446/1/59 445/1/59 465/1/66 
f 437/1/8 463/1/59 456/1/59 457/1/58 
f 438/1/8 437/1/8 457/1/58 
f 446/1/22 465/1/22 464/1/22 440/1/22 
f 440/1/22 464/1/22 459/1/22 439/1/22 
f 465/1/67 462/1/67 461/1/67 464/1/67 
f 378/1/8 466/1/68 382/1/68 379/1/8 
f 466/1/68 467/1/69 377/1/69 382/1/68 
f 397/1/70 396/1/71 393/1/72 381/1/70 
f 396/1/71 392/1/73 391/1/73 393/1/72 
f 398/1/74 397/1/70 381/1/70 376/1/75 
f 395/1/76 398/1/74 376/1/75 468/1/77 
f 467/1/69 468/1/77 376/1/75 377/1/69 
f 469/2/78 470/3/78 394/4/79 471/5/78 
f 472/6/78 471/5/78 394/4/79 473/7/78 
f 474/8/78 473/7/78 394/4/79 475/9/78 
f 475/9/78 394/4/79 476/10/80 
f 394/4/79 470/3/78 477/11/78 478/12/78 
f 394/4/79 478/12/78 479/13/78 480/14/78 
f 394/4/79 480/14/78 481/15/78 482/16/78 
f 394/4/79 482/16/78 483/17/78 374/18/81 
f 374/18/81 483/17/78 484/19/78 485/20/78 
f 374/18/81 485/20/78 486/21/78 487/22/78 
f 389/23/82 374/18/81 487/22/78 488/24/78 
f 389/23/82 488/24/78 489/25/78 490/26/78 
f 389/23/82 490/26/78 491/27/78 492/28/78 
f 389/23/82 492/28/78 493/29/78 494/30/78 
f 389/23/82 494/30/78 495/31/78 496/32/78 
f 389/23/82 496/32/78 497/33/78 498/34/78 
f 389/23/82 498/34/78 499/35/78 500/36/78 
f 388/37/79 389/23/82 500/36/78 501/38/78 
f 388/37/79 501/38/78 502/39/78 503/40/78 
f 388/37/79 503/40/78 504/41/78 505/42/78 
f 388/37/79 505/42/78 506/43/78 507/44/80 
f 387/45/83 385/46/84 384/47/73 386/48/73 
f 476/49/80 394/50/79 385/51/84 508/52/85 
f 509/53/85 508/52/85 385/51/84 510/54/85 
f 510/54/85 385/51/84 387/55/83 511/56/85 
f 512/57/85 511/56/85 387/55/83 513/58/85 
f 514/59/85 513/58/85 387/55/83 515/60/85 
f 516/61/85 515/60/85 387/55/83 517/62/85 
f 518/63/85 517/62/85 387/55/83 507/64/80 
f 507/64/80 387/55/83 388/65/79 
f 519/66/86 374/67/81 389/68/82 520/69/86 
f 521/70/86 520/69/86 389/68/82 522/71/86 
f 523/72/86 522/71/86 389/68/82 524/73/86 
f 524/73/86 389/68/82 390/74/86 
f 523/72/86 524/73/86 525/75/87 526/76/86 
f 527/77/86 526/76/86 525/75/87 528/78/86 
f 528/78/86 525/75/87 375/79/87 374/67/81 
f 528/78/86 374/67/81 519/66/86 
f 521/70/86 526/76/86 527/77/86 520/69/86 
f 529/80/88 380/81/88 375/82/87 525/83/87 
f 530/84/8 383/85/8 380/86/8 529/87/8 
f 531/88/8 530/84/8 529/87/8 532/89/8 
f 532/89/8 529/87/8 429/90/8 424/91/8 
f 532/89/8 424/91/8 423/92/8 425/93/8 
f 532/89/8 425/93/8 426/94/8 427/95/8 
f 532/89/8 427/95/8 415/96/8 414/97/8 
f 532/89/8 414/97/8 416/98/8 533/99/8 
f 533/99/8 416/98/8 417/100/8 418/101/8 
f 533/99/8 418/101/8 428/102/8 383/85/8 
f 533/99/8 383/85/8 530/84/8 
f 534/78/86 535/66/86 536/69/86 537/77/86 
f 538/76/86 539/70/86 540/71/86 541/72/86 
f 542/103/3 543/104/3 530/84/3 531/88/3 
f 532/89/22 542/103/22 531/88/22 
f 533/99/89 543/105/89 542/103/89 532/89/89 
f 533/99/21 530/84/21 543/105/21 
f 544/106/15 545/107/15 546/108/15 547/106/15 
f 547/106/15 546/108/15 548/109/15 549/110/15 
f 550/111/15 549/110/15 548/109/15 551/112/15 
f 551/112/15 548/109/15 552/113/15 553/114/15 
f 553/114/15 552/113/15 554/115/15 555/116/15 
f 556/117/15 555/116/15 554/115/15 557/118/15 
f 558/119/15 556/117/15 557/118/15 559/120/15 
f 560/121/15 558/119/15 559/120/15 561/122/15 
f 561/122/15 559/120/15 562/123/15 563/124/15 
f 564/124/15 563/124/15 562/123/15 565/125/15 
f 566/126/15 564/124/15 565/125/15 567/127/15 
f 568/128/15 567/127/15 565/125/15 569/129/15 
f 569/129/15 565/125/15 570/130/15 571/131/15 
f 571/131/15 570/130/15 572/132/15 573/133/15 
f 573/133/15 572/132/15 378/134/15 574/135/15 
f 575/136/15 574/135/15 378/134/15 576/137/15 
f 577/138/15 576/137/15 378/134/15 578/106/15 
f 544/106/15 578/106/15 378/134/15 579/139/15 
f 580/140/15 579/139/15 378/134/15 352/141/15 
f 581/142/15 580/140/15 352/141/15 582/143/15 
f 582/143/15 352/141/15 351/144/15 583/145/15 
f 583/145/15 351/144/15 429/146/15 584/147/15 
f 585/148/15 584/147/15 429/146/15 586/149/15 
f 587/150/15 586/149/15 429/146/15 588/151/15 
f 589/152/15 588/151/15 429/146/15 590/153/15 
f 590/153/15 429/146/15 378/134/15 591/154/15 
f 592/155/15 591/154/15 378/134/15 593/156/15 
f 378/134/15 572/132/15 593/156/15 
f 592/155/15 593/156/15 594/157/15 565/125/15 
f 565/125/15 562/123/15 592/155/15 
f 589/152/15 590/153/15 595/158/15 596/159/15 
f 597/160/15 589/152/15 596/159/15 598/161/15 
f 597/160/15 598/161/15 599/162/15 600/163/15 
f 601/164/15 597/160/15 600/163/15 602/165/15 
f 603/166/15 602/165/15 600/163/15 604/167/15 
f 605/168/15 604/167/15 600/163/15 606/169/15 
f 607/170/15 606/169/15 600/163/15 608/171/15 
f 608/171/15 600/163/15 609/172/15 610/173/15 
f 610/173/15 609/172/15 611/174/15 612/175/15 
f 610/173/15 612/175/15 613/176/15 614/177/15 
f 614/177/15 613/176/15 615/178/15 616/179/15 
f 614/177/15 616/179/15 617/180/15 618/181/15 
f 619/182/15 618/181/15 617/180/15 580/140/15 
f 620/183/15 619/182/15 580/140/15 621/184/15 
f 580/140/15 581/142/15 621/184/15 
f 580/140/15 617/180/15 622/185/15 623/186/15 
f 624/187/15 580/140/15 623/186/15 625/188/15 
f 625/188/15 623/186/15 626/189/15 627/190/15 
f 627/190/15 626/189/15 628/191/15 629/192/15 
f 629/192/15 628/191/15 630/193/15 631/194/15 
f 631/194/15 630/193/15 632/195/15 633/196/15 
f 633/196/15 632/195/15 634/197/15 635/198/15 
f 635/198/15 634/197/15 636/199/15 637/200/15 
f 637/200/15 636/199/15 638/201/15 639/202/15 
f 639/202/15 638/201/15 640/203/15 641/204/15 
f 641/204/15 640/203/15 642/205/15 595/158/15 
f 595/158/15 642/205/15 596/159/15 
f 643/206/15 612/175/15 611/174/15 599/162/15 
f 644/207/15 643/206/15 599/162/15 645/208/15 
f 646/209/15 645/208/15 599/162/15 647/210/15 
f 648/211/15 647/210/15 599/162/15 598/161/15 
f 649/212/15 602/165/15 603/166/15 650/213/15 
f 651/214/15 649/212/15 650/213/15 652/215/15 
f 653/216/15 651/214/15 652/215/15 654/217/15 
f 655/218/15 653/216/15 654/217/15 656/219/15 
f 657/220/15 655/218/15 656/219/15 658/221/15 
f 659/222/15 657/220/15 658/221/15 660/223/15 
f 661/224/15 659/222/15 660/223/15 662/225/15 
f 663/226/15 661/224/15 662/225/15 664/227/15 
f 665/228/15 663/226/15 664/227/15 666/229/15 
f 667/230/15 665/228/15 666/229/15 668/231/15 
f 669/232/15 667/230/15 668/231/15 670/233/15 
f 671/234/15 669/232/15 670/233/15 672/235/15 
f 672/235/15 670/233/15 581/142/15 673/236/15 
f 673/236/15 581/142/15 582/143/15 
f 674/237/15 672/235/15 673/236/15 675/238/15 
f 676/239/15 674/237/15 675/238/15 677/240/15 
f 678/241/15 676/239/15 677/240/15 679/242/15 
f 680/243/15 678/241/15 679/242/15 681/244/15 
f 682/245/15 681/244/15 679/242/15 683/246/15 
f 684/247/15 682/245/15 683/246/15 685/248/15 
f 685/248/15 683/246/15 686/249/15 687/250/15 
f 688/251/15 687/250/15 686/249/15 689/252/15 
f 690/253/15 688/251/15 689/252/15 691/254/15 
f 691/254/15 689/252/15 692/255/15 693/256/15 
f 693/256/15 692/255/15 694/257/15 695/258/15 
f 695/258/15 694/257/15 696/259/15 697/260/15 
f 697/260/15 696/259/15 698/261/15 586/149/15 
f 586/149/15 698/261/15 699/262/15 585/148/15 
f 585/148/15 699/262/15 700/263/15 701/264/15 
f 585/148/15 701/264/15 702/265/15 703/266/15 
f 585/148/15 703/266/15 704/267/15 705/268/15 
f 585/148/15 705/268/15 706/269/15 707/270/15 
f 708/271/15 585/148/15 707/270/15 709/272/15 
f 583/145/15 708/271/15 709/272/15 710/273/15 
f 583/145/15 710/273/15 711/274/15 582/143/15 
f 712/275/15 681/244/15 682/245/15 713/276/15 
f 714/277/15 712/275/15 713/276/15 715/278/15 
f 716/279/15 714/277/15 715/278/15 717/280/15 
f 718/281/15 716/279/15 717/280/15 719/282/15 
f 720/283/15 718/281/15 719/282/15 721/284/15 
f 722/285/15 720/283/15 721/284/15 723/286/15 
f 724/287/15 722/285/15 723/286/15 725/288/15 
f 726/289/15 724/287/15 725/288/15 727/290/15 
f 728/291/15 726/289/15 727/290/15 729/292/15 
f 730/293/15 728/291/15 729/292/15 731/294/15 
f 732/295/15 730/293/15 731/294/15 733/296/15 
f 734/297/15 732/295/15 733/296/15 588/151/15 
f 735/298/15 734/297/15 588/151/15 589/152/15 
f 736/299/15 735/298/15 589/152/15 737/300/15 
f 736/299/15 737/300/15 738/301/15 739/302/15 
f 739/302/15 738/301/15 740/303/15 741/304/15 
f 741/304/15 740/303/15 742/305/15 743/306/15 
f 743/306/15 742/305/15 744/307/15 745/308/15 
f 745/308/15 744/307/15 746/309/15 747/310/15 
f 747/310/15 746/309/15 748/311/15 749/312/15 
f 749/312/15 748/311/15 750/313/15 751/314/15 
f 751/314/15 750/313/15 752/315/15 753/316/15 
f 753/316/15 752/315/15 754/317/15 755/318/15 
f 755/318/15 754/317/15 756/319/15 757/320/15 
f 757/320/15 756/319/15 758/321/15 759/322/15 
f 759/322/15 758/321/15 760/323/15 761/324/15 
f 761/324/15 760/323/15 762/325/15 681/244/15 
f 680/243/15 681/244/15 762/325/15 763/326/15 
f 764/327/15 763/326/15 762/325/15 765/328/15 
f 766/329/15 764/327/15 765/328/15 767/330/15 
f 768/331/15 766/329/15 767/330/15 769/332/15 
f 770/333/15 768/331/15 769/332/15 771/334/15 
f 772/335/15 770/333/15 771/334/15 773/336/15 
f 774/337/15 772/335/15 773/336/15 775/338/15 
f 776/339/15 774/337/15 775/338/15 777/340/15 
f 778/341/15 776/339/15 777/340/15 779/342/15 
f 780/343/15 778/341/15 779/342/15 781/344/15 
f 782/345/15 780/343/15 781/344/15 783/346/15 
f 784/347/15 782/345/15 783/346/15 785/348/15 
f 786/349/15 784/347/15 785/348/15 738/301/15 
f 786/349/15 738/301/15 737/300/15 787/350/15 
f 787/350/15 737/300/15 788/351/15 789/352/15 
f 789/352/15 788/351/15 790/353/15 791/354/15 
f 791/354/15 790/353/15 792/355/15 793/356/15 
f 793/356/15 792/355/15 794/357/15 795/358/15 
f 795/358/15 794/357/15 796/359/15 797/360/15 
f 797/360/15 796/359/15 798/361/15 799/362/15 
f 799/362/15 798/361/15 800/363/15 801/364/15 
f 801/364/15 800/363/15 802/365/15 803/366/15 
f 803/366/15 802/365/15 804/367/15 805/368/15 
f 805/368/15 804/367/15 806/369/15 807/370/15 
f 808/371/15 805/368/15 807/370/15 763/326/15 
f 680/243/15 763/326/15 807/370/15 809/372/15 
f 809/372/15 807/370/15 810/373/15 811/374/15 
f 809/372/15 811/374/15 812/375/15 813/376/15 
f 813/376/15 812/375/15 814/377/15 815/378/15 
f 815/378/15 814/377/15 816/379/15 817/380/15 
f 818/381/15 815/378/15 817/380/15 819/382/15 
f 820/383/15 818/381/15 819/382/15 821/384/15 
f 822/385/15 820/383/15 821/384/15 823/386/15 
f 824/387/15 822/385/15 823/386/15 601/164/15 
f 825/388/15 824/387/15 601/164/15 602/165/15 
f 825/388/15 602/165/15 826/389/15 827/390/15 
f 827/390/15 826/389/15 828/391/15 829/392/15 
f 829/392/15 828/391/15 830/393/15 831/394/15 
f 831/394/15 830/393/15 832/395/15 833/396/15 
f 833/396/15 832/395/15 834/397/15 835/398/15 
f 835/398/15 834/397/15 836/399/15 837/400/15 
f 837/400/15 836/399/15 838/401/15 839/402/15 
f 839/402/15 838/401/15 840/403/15 841/404/15 
f 841/404/15 840/403/15 842/405/15 843/406/15 
f 843/406/15 842/405/15 844/407/15 845/408/15 
f 845/408/15 844/407/15 846/409/15 847/410/15 
f 847/410/15 846/409/15 671/234/15 672/235/15 
f 761/324/15 681/244/15 848/411/15 849/412/15 
f 850/413/15 849/412/15 848/411/15 851/414/15 
f 852/415/15 850/413/15 851/414/15 853/416/15 
f 854/417/15 852/415/15 853/416/15 855/418/15 
f 856/419/15 854/417/15 855/418/15 857/420/15 
f 858/421/15 856/419/15 857/420/15 859/422/15 
f 860/423/15 858/421/15 859/422/15 861/424/15 
f 862/425/15 860/423/15 861/424/15 863/426/15 
f 864/427/15 862/425/15 863/426/15 865/428/15 
f 866/429/15 864/427/15 865/428/15 867/430/15 
f 868/431/15 866/429/15 867/430/15 869/432/15 
f 870/433/15 868/431/15 869/432/15 734/297/15 
f 870/433/15 734/297/15 735/298/15 
f 871/434/15 761/324/15 849/412/15 872/435/15 
f 873/436/15 871/434/15 872/435/15 874/437/15 
f 875/438/15 873/436/15 874/437/15 876/439/15 
f 877/440/15 875/438/15 876/439/15 878/441/15 
f 879/442/15 877/440/15 878/441/15 880/443/15 
f 881/444/15 879/442/15 880/443/15 882/445/15 
f 883/446/15 881/444/15 882/445/15 884/447/15 
f 885/448/15 883/446/15 884/447/15 886/449/15 
f 887/450/15 885/448/15 886/449/15 888/451/15 
f 889/452/15 887/450/15 888/451/15 890/453/15 
f 891/454/15 889/452/15 890/453/15 892/455/15 
f 736/299/15 891/454/15 892/455/15 735/298/15 
f 544/106/15 579/139/15 545/107/15 
f 572/132/15 570/130/15 893/456/15 
f 894/132/15 895/456/15 896/157/15 897/156/15 
f 893/457/90 895/458/90 894/459/90 572/460/90 
f 896/461/91 594/462/91 593/463/91 897/464/91 
f 894/465/22 897/466/22 593/467/22 572/468/22 
f 898/106/15 899/106/15 900/106/15 901/110/15 
f 902/138/15 898/106/15 901/110/15 903/111/15 
f 904/137/15 902/138/15 903/111/15 905/112/15 
f 906/136/15 904/137/15 905/112/15 907/114/15 
f 908/135/15 906/136/15 907/114/15 909/116/15 
f 910/133/15 908/135/15 909/116/15 911/117/15 
f 912/131/15 910/133/15 911/117/15 913/119/15 
f 914/129/15 912/131/15 913/119/15 915/121/15 
f 916/128/15 914/129/15 915/121/15 917/122/15 
f 918/127/15 916/128/15 917/122/15 919/124/15 
f 920/126/15 918/127/15 919/124/15 921/124/15 
f 921/469/91 564/470/91 566/471/92 920/472/92 
f 920/473/92 566/474/92 567/475/93 918/476/93 
f 918/477/93 567/478/93 568/479/94 916/480/94 
f 914/481/95 916/482/94 568/483/94 569/484/95 
f 912/485/96 914/486/95 569/487/95 571/488/96 
f 910/489/22 912/490/96 571/491/96 573/492/22 
f 908/493/97 910/494/22 573/495/22 574/496/97 
f 906/497/98 908/498/97 574/499/97 575/500/98 
f 904/501/99 906/502/98 575/503/98 576/504/99 
f 577/505/100 902/506/100 904/507/99 576/508/99 
f 578/509/101 898/510/101 902/511/100 577/512/100 
f 544/513/90 899/514/90 898/515/101 578/516/101 
f 547/517/102 900/518/102 899/519/90 544/520/90 
f 549/521/103 901/522/103 900/523/102 547/524/102 
f 550/525/104 903/526/104 901/527/103 549/526/103 
f 551/528/105 905/529/105 903/530/104 550/529/104 
f 553/531/106 907/532/106 905/533/105 551/534/105 
f 555/535/107 909/536/107 907/537/106 553/538/106 
f 556/539/108 911/540/108 909/541/107 555/542/107 
f 558/543/109 913/544/109 911/545/108 556/546/108 
f 560/547/110 915/548/110 913/549/109 558/550/109 
f 915/551/110 560/552/110 561/553/111 917/554/111 
f 917/555/111 561/556/111 563/557/112 919/558/112 
f 919/559/112 563/560/112 564/561/91 921/562/91 
f 922/139/15 923/140/15 924/187/15 925/188/15 
f 926/107/15 922/139/15 925/188/15 927/190/15 
f 928/108/15 926/107/15 927/190/15 929/192/15 
f 930/109/15 928/108/15 929/192/15 931/194/15 
f 932/113/15 930/109/15 931/194/15 933/196/15 
f 934/115/15 932/113/15 933/196/15 935/198/15 
f 936/118/15 934/115/15 935/198/15 937/200/15 
f 938/120/15 936/118/15 937/200/15 939/202/15 
f 940/123/15 938/120/15 939/202/15 941/204/15 
f 942/155/15 940/123/15 941/204/15 943/158/15 
f 944/154/15 942/155/15 943/158/15 945/153/15 
f 624/563/102 924/564/102 923/565/90 580/566/90 
f 625/567/103 925/568/103 924/569/102 624/570/102 
f 627/571/104 927/572/104 925/573/103 625/574/103 
f 629/575/105 929/576/105 927/577/104 627/578/104 
f 631/579/106 931/580/106 929/581/105 629/582/105 
f 633/583/107 933/584/107 931/585/106 631/586/106 
f 635/587/108 935/588/108 933/589/107 633/590/107 
f 637/591/109 937/592/109 935/593/108 635/594/108 
f 639/595/110 939/596/110 937/597/109 637/598/109 
f 939/599/110 639/600/110 641/601/111 941/602/111 
f 941/603/111 641/604/111 595/605/112 943/606/112 
f 943/607/112 595/608/112 590/609/91 945/610/91 
f 945/611/91 590/612/91 591/613/92 944/614/92 
f 944/615/92 591/616/92 592/617/93 942/618/93 
f 942/619/93 592/620/93 562/621/94 940/622/94 
f 938/623/95 940/624/94 562/625/94 559/626/95 
f 936/627/96 938/628/95 559/629/95 557/630/96 
f 934/631/22 936/632/96 557/633/96 554/634/22 
f 932/635/97 934/636/22 554/637/22 552/638/97 
f 930/639/98 932/640/97 552/641/97 548/642/98 
f 928/643/99 930/644/98 548/645/98 546/646/99 
f 545/647/100 926/648/100 928/649/99 546/650/99 
f 579/651/101 922/652/101 926/653/100 545/654/100 
f 580/655/90 923/656/90 922/657/101 579/658/101 
f 946/185/15 947/180/15 948/179/15 949/178/15 
f 950/186/15 946/185/15 949/178/15 951/176/15 
f 952/189/15 950/186/15 951/176/15 953/175/15 
f 954/191/15 952/189/15 953/175/15 955/206/15 
f 956/193/15 954/191/15 955/206/15 957/207/15 
f 958/195/15 956/193/15 957/207/15 959/208/15 
f 960/197/15 958/195/15 959/208/15 961/209/15 
f 962/199/15 960/197/15 961/209/15 963/210/15 
f 964/201/15 962/199/15 963/210/15 965/211/15 
f 966/203/15 964/201/15 965/211/15 967/161/15 
f 968/205/15 966/203/15 967/161/15 969/159/15 
f 958/659/22 960/660/96 634/661/96 632/662/22 
f 956/663/97 958/664/22 632/665/22 630/666/97 
f 954/667/98 956/668/97 630/669/97 628/670/98 
f 952/671/99 954/672/98 628/673/98 626/674/99 
f 623/675/100 950/676/100 952/677/99 626/678/99 
f 622/679/101 946/680/101 950/681/100 623/682/100 
f 617/683/90 947/684/90 946/685/101 622/686/101 
f 616/687/102 948/688/102 947/689/90 617/690/90 
f 615/691/103 949/692/103 948/693/102 616/694/102 
f 613/695/104 951/696/104 949/697/103 615/698/103 
f 612/699/105 953/700/105 951/701/104 613/702/104 
f 643/703/106 955/704/106 953/705/105 612/706/105 
f 644/707/107 957/708/107 955/709/106 643/710/106 
f 645/711/108 959/712/108 957/713/107 644/714/107 
f 646/715/109 961/716/109 959/717/108 645/718/108 
f 647/719/110 963/720/110 961/721/109 646/722/109 
f 963/723/110 647/724/110 648/725/111 965/726/111 
f 965/727/111 648/728/111 598/729/112 967/730/112 
f 967/731/112 598/732/112 596/733/91 969/734/91 
f 969/735/91 596/736/91 642/737/92 968/738/92 
f 968/739/92 642/740/92 640/741/93 966/742/93 
f 966/743/93 640/744/93 638/745/94 964/746/94 
f 962/747/95 964/748/94 638/749/94 636/750/95 
f 960/751/96 962/752/95 636/753/95 634/754/96 
f 970/755/15 971/756/15 972/757/15 973/758/15 
f 974/759/15 970/755/15 973/758/15 975/760/15 
f 976/761/15 974/759/15 975/760/15 977/762/15 
f 978/763/15 976/761/15 977/762/15 979/764/15 
f 980/765/15 978/763/15 979/764/15 981/376/15 
f 982/400/15 980/765/15 981/376/15 983/766/15 
f 984/767/15 982/400/15 983/766/15 985/768/15 
f 986/769/15 984/767/15 985/768/15 987/770/15 
f 988/771/15 986/769/15 987/770/15 989/772/15 
f 990/773/15 988/771/15 989/772/15 991/774/15 
f 992/775/15 990/773/15 991/774/15 993/776/15 
f 994/777/15 995/778/15 996/779/15 997/780/15 
f 998/781/15 994/777/15 997/780/15 999/782/15 
f 1000/783/15 998/781/15 999/782/15 1001/784/15 
f 1002/785/15 1000/783/15 1001/784/15 1003/786/15 
f 1004/787/15 1002/785/15 1003/786/15 1005/399/15 
f 1006/222/15 1004/787/15 1005/399/15 1007/788/15 
f 1008/789/15 1006/222/15 1007/788/15 1009/790/15 
f 1010/791/15 1008/789/15 1009/790/15 1011/792/15 
f 1012/793/15 1010/791/15 1011/792/15 1013/794/15 
f 1014/795/15 1012/793/15 1013/794/15 1015/796/15 
f 1016/797/15 1014/795/15 1015/796/15 1017/798/15 
f 1018/799/15 1019/800/15 1020/801/15 1021/802/15 
f 1022/803/15 1018/799/15 1021/802/15 1023/804/15 
f 1024/805/15 1022/803/15 1023/804/15 1025/806/15 
f 1026/807/15 1024/805/15 1025/806/15 1027/808/15 
f 1028/809/15 1026/807/15 1027/808/15 1029/223/15 
f 1030/173/15 1028/809/15 1029/223/15 1031/810/15 
f 1032/811/15 1030/173/15 1031/810/15 1033/812/15 
f 1034/813/15 1032/811/15 1033/812/15 1035/814/15 
f 1036/815/15 1034/813/15 1035/814/15 1037/816/15 
f 1038/817/15 1036/815/15 1037/816/15 1039/818/15 
f 1040/819/15 1038/817/15 1039/818/15 1041/820/15 
f 1042/410/15 1043/235/15 1044/237/15 1045/239/15 
f 1046/756/15 1042/410/15 1045/239/15 1047/757/15 
f 1047/757/15 1045/239/15 1048/241/15 1049/758/15 
f 1050/760/15 1049/758/15 1048/241/15 1051/243/15 
f 1052/762/15 1050/760/15 1051/243/15 1053/372/15 
f 1054/764/15 1052/762/15 1053/372/15 1055/376/15 
f 1056/376/15 1054/764/15 1055/376/15 1057/378/15 
f 1058/766/15 1056/376/15 1057/378/15 1059/768/15 
f 1059/768/15 1057/378/15 1060/381/15 1061/770/15 
f 1061/770/15 1060/381/15 1062/383/15 1063/772/15 
f 1063/772/15 1062/383/15 1064/385/15 1065/774/15 
f 1066/776/15 1065/774/15 1064/385/15 1067/387/15 
f 1066/776/15 1067/387/15 1068/390/15 1069/392/15 
f 1070/775/15 1066/776/15 1069/392/15 1071/773/15 
f 1071/773/15 1069/392/15 1072/394/15 1073/771/15 
f 1073/771/15 1072/394/15 1074/396/15 1075/769/15 
f 1075/769/15 1074/396/15 1076/398/15 1077/767/15 
f 1077/767/15 1076/398/15 1078/400/15 1079/400/15 
f 1080/765/15 1079/400/15 1078/400/15 1081/402/15 
f 1082/763/15 1080/765/15 1081/402/15 1083/404/15 
f 1084/761/15 1082/763/15 1083/404/15 1085/406/15 
f 1086/759/15 1084/761/15 1085/406/15 1087/755/15 
f 1087/755/15 1085/406/15 1088/408/15 1046/756/15 
f 1046/756/15 1088/408/15 1042/410/15 
f 1068/390/15 1067/387/15 1089/388/15 
f 1089/821/91 825/822/91 827/823/92 1068/824/92 
f 1068/825/92 827/826/92 829/827/93 1069/828/93 
f 1069/829/93 829/830/93 831/831/94 1072/832/94 
f 1074/833/95 1072/834/94 831/835/94 833/836/95 
f 1076/837/96 1074/838/95 833/839/95 835/840/96 
f 1078/841/22 1076/842/96 835/843/96 837/844/22 
f 1081/845/97 1078/846/22 837/847/22 839/848/97 
f 1083/849/98 1081/850/97 839/851/97 841/852/98 
f 1085/853/99 1083/854/98 841/855/98 843/856/99 
f 845/857/100 1088/858/100 1085/859/99 843/860/99 
f 847/861/101 1042/862/101 1088/863/100 845/864/100 
f 672/865/90 1043/866/90 1042/867/101 847/868/101 
f 674/869/102 1044/870/102 1043/871/90 672/872/90 
f 676/873/103 1045/874/103 1044/875/102 674/876/102 
f 678/877/104 1048/878/104 1045/879/103 676/880/103 
f 680/881/105 1051/882/105 1048/883/104 678/884/104 
f 809/885/106 1053/886/106 1051/887/105 680/888/105 
f 813/889/107 1055/890/107 1053/891/106 809/892/106 
f 815/893/108 1057/894/108 1055/895/107 813/896/107 
f 818/897/109 1060/898/109 1057/899/108 815/900/108 
f 820/901/110 1062/902/110 1060/903/109 818/904/109 
f 1062/905/110 820/906/110 822/907/111 1064/908/111 
f 1064/909/111 822/910/111 824/911/112 1067/912/112 
f 1067/913/112 824/914/112 825/915/91 1089/916/91 
f 990/917/103 1071/878/103 1073/879/104 988/918/104 
f 992/919/102 1070/874/102 1071/875/103 990/920/103 
f 993/921/90 1066/870/90 1070/871/102 992/922/102 
f 991/923/101 1065/866/101 1066/867/90 993/924/90 
f 989/925/100 1063/926/100 1065/927/101 991/928/101 
f 987/929/99 1061/930/99 1063/931/100 989/932/100 
f 1059/933/98 1061/934/99 987/935/99 985/936/98 
f 1058/937/97 1059/938/98 985/939/98 983/940/97 
f 1056/941/22 1058/942/97 983/943/97 981/944/22 
f 1054/841/96 1056/842/22 981/945/22 979/946/96 
f 1052/181/95 1054/838/96 979/809/96 977/947/95 
f 1050/833/94 1052/834/95 977/948/95 975/949/94 
f 1050/829/94 975/950/94 973/951/93 1049/832/93 
f 1049/825/93 973/952/93 972/953/92 1047/828/92 
f 1047/821/92 972/954/92 971/955/91 1046/824/91 
f 1046/913/91 971/956/91 970/957/112 1087/916/112 
f 1087/958/112 970/959/112 974/960/111 1086/961/111 
f 1086/962/111 974/963/111 976/964/110 1084/965/110 
f 978/966/109 1082/967/109 1084/968/110 976/969/110 
f 980/970/108 1080/898/108 1082/899/109 978/971/109 
f 982/972/107 1079/894/107 1080/895/108 980/973/108 
f 984/974/106 1077/890/106 1079/891/107 982/975/107 
f 986/976/105 1075/886/105 1077/887/106 984/977/106 
f 988/978/104 1073/882/104 1075/883/105 986/979/105 
f 1090/232/15 1091/234/15 1092/409/15 1093/407/15 
f 1094/778/15 1090/232/15 1093/407/15 1095/779/15 
f 1095/779/15 1093/407/15 1096/405/15 1097/780/15 
f 1098/782/15 1097/780/15 1096/405/15 1099/403/15 
f 1100/784/15 1098/782/15 1099/403/15 1101/401/15 
f 1102/786/15 1100/784/15 1101/401/15 1103/399/15 
f 1104/399/15 1102/786/15 1103/399/15 1105/397/15 
f 1106/788/15 1104/399/15 1105/397/15 1107/790/15 
f 1107/790/15 1105/397/15 1108/395/15 1109/792/15 
f 1109/792/15 1108/395/15 1110/393/15 1111/794/15 
f 1111/794/15 1110/393/15 1112/391/15 1113/796/15 
f 1114/798/15 1113/796/15 1112/391/15 1115/389/15 
f 1114/798/15 1115/389/15 1116/212/15 1117/214/15 
f 1118/797/15 1114/798/15 1117/214/15 1119/795/15 
f 1119/795/15 1117/214/15 1120/216/15 1121/793/15 
f 1121/793/15 1120/216/15 1122/218/15 1123/791/15 
f 1123/791/15 1122/218/15 1124/220/15 1125/789/15 
f 1125/789/15 1124/220/15 1126/222/15 1127/222/15 
f 1128/787/15 1127/222/15 1126/222/15 1129/224/15 
f 1130/785/15 1128/787/15 1129/224/15 1131/226/15 
f 1132/783/15 1130/785/15 1131/226/15 1133/228/15 
f 1134/781/15 1132/783/15 1133/228/15 1135/777/15 
f 1135/777/15 1133/228/15 1136/230/15 1094/778/15 
f 1094/778/15 1136/230/15 1090/232/15 
f 1116/212/15 1115/389/15 1137/165/15 
f 671/980/90 1091/981/90 1090/982/101 669/983/101 
f 846/984/102 1092/985/102 1091/986/90 671/987/90 
f 844/988/103 1093/989/103 1092/990/102 846/991/102 
f 842/992/104 1096/993/104 1093/994/103 844/995/103 
f 840/996/105 1099/997/105 1096/998/104 842/999/104 
f 838/1000/106 1101/1001/106 1099/1002/105 840/1003/105 
f 836/1004/107 1103/1005/107 1101/1006/106 838/1007/106 
f 834/1008/108 1105/1009/108 1103/1010/107 836/1011/107 
f 832/1012/109 1108/1013/109 1105/1014/108 834/1015/108 
f 830/1016/110 1110/1017/110 1108/1018/109 832/1019/109 
f 1110/1020/110 830/1021/110 828/1022/111 1112/1023/111 
f 1112/1024/111 828/1025/111 826/1026/112 1115/1027/112 
f 1115/1028/112 826/1029/112 602/1030/91 1137/1031/91 
f 1137/1032/91 602/1033/91 649/1034/92 1116/1035/92 
f 1116/1036/92 649/1037/92 651/1038/93 1117/1039/93 
f 1117/1040/93 651/1041/93 653/1042/94 1120/1043/94 
f 1122/1044/95 1120/1045/94 653/1046/94 655/1047/95 
f 1124/1048/96 1122/1049/95 655/1050/95 657/1051/96 
f 1126/1052/22 1124/1053/96 657/1054/96 659/1055/22 
f 1129/1056/97 1126/1057/22 659/1058/22 661/1059/97 
f 1131/1060/98 1129/1061/97 661/1062/97 663/1063/98 
f 1133/1064/99 1131/1065/98 663/1066/98 665/1067/99 
f 667/1068/100 1136/1069/100 1133/1070/99 665/1071/99 
f 669/1072/101 1090/1073/101 1136/1074/100 667/1075/100 
f 1106/1076/97 1107/1077/98 1009/1078/98 1007/1079/97 
f 1104/1080/22 1106/1081/97 1007/1082/97 1005/1083/22 
f 1102/1052/96 1104/1053/22 1005/1084/22 1003/1085/96 
f 1100/1048/95 1102/1049/96 1003/1086/96 1001/1087/95 
f 1098/1044/94 1100/1045/95 1001/1088/95 999/1089/94 
f 1098/1040/94 999/1090/94 997/1091/93 1097/1043/93 
f 1097/1036/93 997/1092/93 996/1093/92 1095/1039/92 
f 1095/1032/92 996/1094/92 995/1095/91 1094/1035/91 
f 1094/1028/91 995/1096/91 994/1097/112 1135/1031/112 
f 1135/1098/112 994/1099/112 998/1100/111 1134/1101/111 
f 1134/1102/111 998/1103/111 1000/1104/110 1132/1105/110 
f 1002/1106/109 1130/1107/109 1132/1108/110 1000/1109/110 
f 1004/1110/108 1128/1111/108 1130/1112/109 1002/1113/109 
f 1006/1114/107 1127/1009/107 1128/1010/108 1004/1115/108 
f 1008/1116/106 1125/1005/106 1127/1006/107 1006/1117/107 
f 1010/1118/105 1123/1001/105 1125/1002/106 1008/1119/106 
f 1012/1120/104 1121/997/104 1123/998/105 1010/1121/105 
f 1014/1122/103 1119/993/103 1121/994/104 1012/1123/104 
f 1016/1124/102 1118/989/102 1119/990/103 1014/1125/103 
f 1017/1126/90 1114/985/90 1118/986/102 1016/1127/102 
f 1015/1128/101 1113/981/101 1114/982/90 1017/1129/90 
f 1013/1130/100 1111/1131/100 1113/1132/101 1015/1133/101 
f 1011/1134/99 1109/1135/99 1111/1136/100 1013/1137/100 
f 1107/1138/98 1109/1139/99 1011/1140/99 1009/1141/98 
f 1138/184/15 1139/142/15 1140/233/15 1141/231/15 
f 1142/800/15 1138/184/15 1141/231/15 1143/801/15 
f 1143/801/15 1141/231/15 1144/229/15 1145/802/15 
f 1146/804/15 1145/802/15 1144/229/15 1147/227/15 
f 1148/806/15 1146/804/15 1147/227/15 1149/225/15 
f 1150/808/15 1148/806/15 1149/225/15 1151/223/15 
f 1152/223/15 1150/808/15 1151/223/15 1153/221/15 
f 1154/810/15 1152/223/15 1153/221/15 1155/812/15 
f 1155/812/15 1153/221/15 1156/219/15 1157/814/15 
f 1157/814/15 1156/219/15 1158/217/15 1159/816/15 
f 1159/816/15 1158/217/15 1160/215/15 1161/818/15 
f 1162/820/15 1161/818/15 1160/215/15 1163/213/15 
f 1162/820/15 1163/213/15 1164/167/15 1165/168/15 
f 1166/819/15 1162/820/15 1165/168/15 1167/817/15 
f 1167/817/15 1165/168/15 1168/169/15 1169/815/15 
f 1169/815/15 1168/169/15 1170/170/15 1171/813/15 
f 1171/813/15 1170/170/15 1172/171/15 1173/811/15 
f 1173/811/15 1172/171/15 1174/173/15 1175/173/15 
f 1176/809/15 1175/173/15 1174/173/15 1177/177/15 
f 1178/807/15 1176/809/15 1177/177/15 1179/181/15 
f 1180/805/15 1178/807/15 1179/181/15 1181/182/15 
f 1182/803/15 1180/805/15 1181/182/15 1183/799/15 
f 1183/799/15 1181/182/15 1184/183/15 1142/800/15 
f 1142/800/15 1184/183/15 1138/184/15 
f 1164/167/15 1163/213/15 1185/166/15 
f 658/1142/108 1153/1143/108 1151/1144/107 660/1145/107 
f 656/1146/109 1156/1147/109 1153/1148/108 658/1149/108 
f 654/1150/110 1158/1151/110 1156/1152/109 656/1153/109 
f 1158/1154/110 654/1155/110 652/1156/111 1160/1157/111 
f 1160/1158/111 652/1159/111 650/1160/112 1163/1161/112 
f 1163/1162/112 650/1163/112 603/1164/91 1185/1165/91 
f 1185/1166/91 603/1167/91 604/1168/92 1164/1169/92 
f 1164/1170/92 604/1171/92 605/1172/93 1165/1173/93 
f 1165/1174/93 605/1175/93 606/1176/94 1168/1177/94 
f 1170/1178/95 1168/1179/94 606/1180/94 607/1181/95 
f 1172/1182/96 1170/1183/95 607/1184/95 608/1185/96 
f 1174/1186/22 1172/1187/96 608/1188/96 610/1189/22 
f 1177/1190/97 1174/1191/22 610/1192/22 614/1193/97 
f 1179/1194/98 1177/1195/97 614/1196/97 618/1197/98 
f 1181/1198/99 1179/1199/98 618/1200/98 619/1201/99 
f 620/1202/100 1184/1203/100 1181/1204/99 619/1205/99 
f 621/1206/101 1138/1207/101 1184/1208/100 620/1209/100 
f 581/1210/90 1139/1211/90 1138/1212/101 621/1213/101 
f 670/1214/102 1140/1215/102 1139/1216/90 581/1217/90 
f 668/1218/103 1141/1219/103 1140/1220/102 670/1221/102 
f 666/1222/104 1144/1223/104 1141/1224/103 668/1225/103 
f 664/1226/105 1147/1227/105 1144/1228/104 666/1229/104 
f 662/1230/106 1149/1231/106 1147/1232/105 664/1233/105 
f 660/1234/107 1151/1235/107 1149/1236/106 662/1237/106 
f 1035/1238/99 1157/1239/99 1159/1240/100 1037/1241/100 
f 1155/1242/98 1157/1243/99 1035/1244/99 1033/1245/98 
f 1154/1246/97 1155/1247/98 1033/1248/98 1031/1249/97 
f 1152/1250/22 1154/1251/97 1031/1252/97 1029/1253/22 
f 1150/1186/96 1152/1187/22 1029/1254/22 1027/1255/96 
f 1148/1182/95 1150/1183/96 1027/1256/96 1025/1257/95 
f 1146/1178/94 1148/1179/95 1025/1258/95 1023/1259/94 
f 1146/1174/94 1023/1260/94 1021/1261/93 1145/1177/93 
f 1145/1170/93 1021/1262/93 1020/1263/92 1143/1173/92 
f 1143/1166/92 1020/1264/92 1019/1265/91 1142/1169/91 
f 1142/1162/91 1019/1266/91 1018/1267/112 1183/1165/112 
f 1183/1268/112 1018/1269/112 1022/1270/111 1182/1271/111 
f 1182/1272/111 1022/1273/111 1024/1274/110 1180/1275/110 
f 1026/1276/109 1178/1277/109 1180/1278/110 1024/1279/110 
f 1028/1280/108 1176/1281/108 1178/1282/109 1026/1283/109 
f 1030/1284/107 1175/1143/107 1176/1144/108 1028/1285/108 
f 1032/1286/106 1173/1235/106 1175/1236/107 1030/1287/107 
f 1034/1288/105 1171/1231/105 1173/1232/106 1032/1289/106 
f 1036/1290/104 1169/1227/104 1171/1228/105 1034/1291/105 
f 1038/1292/103 1167/1223/103 1169/1224/104 1036/1293/104 
f 1040/1294/102 1166/1219/102 1167/1220/103 1038/1295/103 
f 1041/1296/90 1162/1215/90 1166/1216/102 1040/1297/102 
f 1039/1298/101 1161/1211/101 1162/1212/90 1041/1299/90 
f 1037/1300/100 1159/1301/100 1161/1302/101 1039/1303/101 
f 1186/373/15 1187/370/15 1188/369/15 1189/367/15 
f 1190/374/15 1186/373/15 1189/367/15 1191/365/15 
f 1192/375/15 1190/374/15 1191/365/15 1193/363/15 
f 1194/377/15 1192/375/15 1193/363/15 1195/361/15 
f 1196/379/15 1194/377/15 1195/361/15 1197/359/15 
f 1198/380/15 1196/379/15 1197/359/15 1199/357/15 
f 1200/382/15 1198/380/15 1199/357/15 1201/355/15 
f 1202/384/15 1200/382/15 1201/355/15 1203/353/15 
f 1204/386/15 1202/384/15 1203/353/15 1205/351/15 
f 1206/164/15 1204/386/15 1205/351/15 1207/300/15 
f 1208/160/15 1206/164/15 1207/300/15 1209/152/15 
f 798/1304/106 1195/1305/106 1193/1306/105 800/1307/105 
f 796/1308/107 1197/1309/107 1195/1310/106 798/1311/106 
f 794/1312/108 1199/1313/108 1197/1314/107 796/1315/107 
f 792/1316/109 1201/1317/109 1199/1318/108 794/1319/108 
f 790/1320/110 1203/1321/110 1201/1322/109 792/1323/109 
f 1203/1324/110 790/1325/110 788/1326/111 1205/1327/111 
f 1205/1328/111 788/1329/111 737/1330/112 1207/1331/112 
f 1207/1332/112 737/1333/112 589/1334/91 1209/1335/91 
f 1209/1336/91 589/1337/91 597/1338/92 1208/1339/92 
f 1208/1340/92 597/1341/92 601/1342/93 1206/1343/93 
f 1206/1344/93 601/1345/93 823/1346/94 1204/1347/94 
f 1202/1348/95 1204/1349/94 823/1350/94 821/1351/95 
f 1200/1352/96 1202/1353/95 821/1354/95 819/1355/96 
f 1198/1356/22 1200/1357/96 819/1358/96 817/1359/22 
f 1196/1360/97 1198/1361/22 817/1362/22 816/1363/97 
f 1194/1364/98 1196/1365/97 816/1366/97 814/1367/98 
f 1192/1368/99 1194/1369/98 814/1370/98 812/1371/99 
f 811/1372/100 1190/1373/100 1192/1374/99 812/1375/99 
f 810/1376/101 1186/1377/101 1190/1378/100 811/1379/100 
f 807/1380/90 1187/1381/90 1186/1382/101 810/1383/101 
f 806/1384/102 1188/1385/102 1187/1386/90 807/1387/90 
f 804/1388/103 1189/1389/103 1188/1390/102 806/1391/102 
f 802/1392/104 1191/1393/104 1189/1394/103 804/1395/103 
f 800/1396/105 1193/1397/105 1191/1398/104 802/1399/104 
f 1210/371/15 1211/326/15 1212/327/15 1213/329/15 
f 1214/368/15 1210/371/15 1213/329/15 1215/331/15 
f 1216/366/15 1214/368/15 1215/331/15 1217/333/15 
f 1218/364/15 1216/366/15 1217/333/15 1219/335/15 
f 1220/362/15 1218/364/15 1219/335/15 1221/337/15 
f 1222/360/15 1220/362/15 1221/337/15 1223/339/15 
f 1224/358/15 1222/360/15 1223/339/15 1225/341/15 
f 1226/356/15 1224/358/15 1225/341/15 1227/343/15 
f 1228/354/15 1226/356/15 1227/343/15 1229/345/15 
f 1230/352/15 1228/354/15 1229/345/15 1231/347/15 
f 1232/350/15 1230/352/15 1231/347/15 1233/349/15 
f 805/1400/100 1214/1401/100 1216/1402/99 803/1403/99 
f 808/1404/101 1210/1405/101 1214/1406/100 805/1407/100 
f 763/1408/90 1211/1409/90 1210/1410/101 808/1411/101 
f 764/1412/102 1212/1413/102 1211/1414/90 763/1415/90 
f 766/1416/103 1213/1417/103 1212/1418/102 764/1419/102 
f 768/1420/104 1215/1421/104 1213/1422/103 766/1423/103 
f 770/1424/105 1217/1425/105 1215/1426/104 768/1427/104 
f 772/1428/106 1219/1429/106 1217/1430/105 770/1431/105 
f 774/1432/107 1221/1433/107 1219/1434/106 772/1435/106 
f 776/1436/108 1223/1437/108 1221/1438/107 774/1439/107 
f 778/1440/109 1225/1441/109 1223/1442/108 776/1443/108 
f 780/1444/110 1227/1445/110 1225/1446/109 778/1447/109 
f 1227/1448/110 780/1449/110 782/1450/111 1229/1451/111 
f 1229/1452/111 782/1453/111 784/1454/112 1231/1455/112 
f 1231/1456/112 784/1457/112 786/1458/91 1233/1459/91 
f 1233/1460/91 786/1461/91 787/1462/92 1232/1463/92 
f 1232/1464/92 787/1465/92 789/1466/93 1230/1467/93 
f 1230/1468/93 789/1469/93 791/1470/94 1228/1471/94 
f 1226/1472/95 1228/1473/94 791/1474/94 793/1475/95 
f 1224/1476/96 1226/1477/95 793/1478/95 795/1479/96 
f 1222/1480/22 1224/1481/96 795/1482/96 797/1483/22 
f 1220/1484/97 1222/1485/22 797/1486/22 799/1487/97 
f 1218/1488/98 1220/1489/97 799/1490/97 801/1491/98 
f 1216/1492/99 1218/1493/98 801/1494/98 803/1495/99 
f 1234/328/15 1235/325/15 1236/323/15 1237/321/15 
f 1238/330/15 1234/328/15 1237/321/15 1239/319/15 
f 1240/332/15 1238/330/15 1239/319/15 1241/317/15 
f 1242/334/15 1240/332/15 1241/317/15 1243/315/15 
f 1244/336/15 1242/334/15 1243/315/15 1245/313/15 
f 1246/338/15 1244/336/15 1245/313/15 1247/311/15 
f 1248/340/15 1246/338/15 1247/311/15 1249/309/15 
f 1250/342/15 1248/340/15 1249/309/15 1251/307/15 
f 1252/344/15 1250/342/15 1251/307/15 1253/305/15 
f 1254/346/15 1252/344/15 1253/305/15 1255/303/15 
f 1256/348/15 1254/346/15 1255/303/15 1257/301/15 
f 748/1496/108 1247/1497/108 1245/1498/107 750/1499/107 
f 746/1500/109 1249/1501/109 1247/1502/108 748/1503/108 
f 744/1504/110 1251/1505/110 1249/1506/109 746/1507/109 
f 1251/1508/110 744/1509/110 742/1510/111 1253/1511/111 
f 1253/1512/111 742/1513/111 740/1514/112 1255/1515/112 
f 1255/1516/112 740/1517/112 738/1518/91 1257/1519/91 
f 1257/1520/91 738/1521/91 785/1522/92 1256/1523/92 
f 1256/1524/92 785/1525/92 783/1526/93 1254/1527/93 
f 1254/1528/93 783/1529/93 781/1530/94 1252/1531/94 
f 1250/1532/95 1252/1533/94 781/1534/94 779/1535/95 
f 1248/1536/96 1250/1537/95 779/1538/95 777/1539/96 
f 1246/1540/22 1248/1541/96 777/1542/96 775/1543/22 
f 1244/1544/97 1246/1545/22 775/1546/22 773/1547/97 
f 1242/1548/98 1244/1549/97 773/1550/97 771/1551/98 
f 1240/1552/99 1242/1553/98 771/1554/98 769/1555/99 
f 767/1556/100 1238/1557/100 1240/1558/99 769/1559/99 
f 765/1560/101 1234/1561/101 1238/1562/100 767/1563/100 
f 762/1564/90 1235/1565/90 1234/1566/101 765/1567/101 
f 760/1568/102 1236/1569/102 1235/1570/90 762/1571/90 
f 758/1572/103 1237/1573/103 1236/1574/102 760/1575/102 
f 756/1576/104 1239/1577/104 1237/1578/103 758/1579/103 
f 754/1580/105 1241/1581/105 1239/1582/104 756/1583/104 
f 752/1584/106 1243/1585/106 1241/1586/105 754/1587/105 
f 750/1588/107 1245/1589/107 1243/1590/106 752/1591/106 
f 1258/322/15 1259/324/15 1260/434/15 1261/436/15 
f 1262/320/15 1258/322/15 1261/436/15 1263/438/15 
f 1264/318/15 1262/320/15 1263/438/15 1265/440/15 
f 1266/316/15 1264/318/15 1265/440/15 1267/442/15 
f 1268/314/15 1266/316/15 1267/442/15 1269/444/15 
f 1270/312/15 1268/314/15 1269/444/15 1271/446/15 
f 1272/310/15 1270/312/15 1271/446/15 1273/448/15 
f 1274/308/15 1272/310/15 1273/448/15 1275/450/15 
f 1276/306/15 1274/308/15 1275/450/15 1277/452/15 
f 1278/304/15 1276/306/15 1277/452/15 1279/454/15 
f 1280/302/15 1278/304/15 1279/454/15 1281/299/15 
f 1266/1592/98 1268/1593/97 751/1594/97 753/1595/98 
f 1264/1596/99 1266/1597/98 753/1598/98 755/1599/99 
f 757/1600/100 1262/1601/100 1264/1602/99 755/1603/99 
f 759/1604/101 1258/1605/101 1262/1606/100 757/1607/100 
f 761/1608/90 1259/1609/90 1258/1610/101 759/1611/101 
f 871/1612/102 1260/1613/102 1259/1614/90 761/1615/90 
f 873/1616/103 1261/1617/103 1260/1618/102 871/1619/102 
f 875/1620/104 1263/1621/104 1261/1622/103 873/1623/103 
f 877/1624/105 1265/1625/105 1263/1626/104 875/1627/104 
f 879/1628/106 1267/1629/106 1265/1630/105 877/1631/105 
f 881/1632/107 1269/1633/107 1267/1634/106 879/1635/106 
f 883/1636/108 1271/1637/108 1269/1638/107 881/1639/107 
f 885/1640/109 1273/1641/109 1271/1642/108 883/1643/108 
f 887/1644/110 1275/1645/110 1273/1646/109 885/1647/109 
f 1277/1648/111 1275/1649/110 887/1650/110 889/1651/111 
f 1277/1652/111 889/1653/111 891/1654/112 1279/1655/112 
f 1279/1656/112 891/1657/112 736/1658/91 1281/1659/91 
f 1280/1660/92 1281/1661/91 736/1662/91 739/1663/92 
f 1280/1664/92 739/1665/92 741/1666/93 1278/1667/93 
f 1278/1668/93 741/1669/93 743/1670/94 1276/1671/94 
f 1274/1672/95 1276/1673/94 743/1674/94 745/1675/95 
f 1272/1676/96 1274/1677/95 745/1678/95 747/1679/96 
f 1270/1680/22 1272/1681/96 747/1682/96 749/1683/22 
f 1268/1684/97 1270/1685/22 749/1686/22 751/1687/97 
f 1282/435/15 1283/412/15 1284/413/15 1285/415/15 
f 1286/437/15 1282/435/15 1285/415/15 1287/417/15 
f 1288/439/15 1286/437/15 1287/417/15 1289/419/15 
f 1290/441/15 1288/439/15 1289/419/15 1291/421/15 
f 1292/443/15 1290/441/15 1291/421/15 1293/423/15 
f 1294/445/15 1292/443/15 1293/423/15 1295/425/15 
f 1296/447/15 1294/445/15 1295/425/15 1297/427/15 
f 1298/449/15 1296/447/15 1297/427/15 1299/429/15 
f 1300/451/15 1298/449/15 1299/429/15 1301/431/15 
f 1302/453/15 1300/451/15 1301/431/15 1303/433/15 
f 1304/455/15 1302/453/15 1303/433/15 1305/298/15 
f 860/1688/107 1293/1689/107 1291/1690/106 858/1691/106 
f 862/1692/108 1295/1693/108 1293/1694/107 860/1695/107 
f 864/1696/109 1297/1697/109 1295/1698/108 862/1699/108 
f 866/1700/110 1299/1701/110 1297/1702/109 864/1703/109 
f 1301/1704/111 1299/1705/110 866/1706/110 868/1707/111 
f 1301/1708/111 868/1709/111 870/1710/112 1303/1711/112 
f 1303/1712/112 870/1713/112 735/1714/91 1305/1715/91 
f 1305/1716/91 735/1717/91 892/1718/92 1304/1719/92 
f 1304/1720/92 892/1721/92 890/1722/93 1302/1723/93 
f 1300/1724/94 1302/1725/93 890/1726/93 888/1727/94 
f 1298/1728/95 1300/1729/94 888/1730/94 886/1731/95 
f 1296/1732/96 1298/1733/95 886/1734/95 884/1735/96 
f 1294/1736/22 1296/1737/96 884/1738/96 882/1739/22 
f 1292/1740/97 1294/1741/22 882/1742/22 880/1743/97 
f 1290/1744/98 1292/1745/97 880/1746/97 878/1747/98 
f 1288/1748/99 1290/1749/98 878/1750/98 876/1751/99 
f 874/1752/100 1286/1753/100 1288/1754/99 876/1755/99 
f 872/1756/101 1282/1757/101 1286/1758/100 874/1759/100 
f 849/1760/90 1283/1761/90 1282/1762/101 872/1763/101 
f 850/1764/102 1284/1765/102 1283/1766/90 849/1767/90 
f 852/1768/103 1285/1769/103 1284/1770/102 850/1771/102 
f 854/1772/104 1287/1773/104 1285/1774/103 852/1775/103 
f 856/1776/105 1289/1777/105 1287/1778/104 854/1779/104 
f 858/1780/106 1291/1781/106 1289/1782/105 856/1783/105 
f 1306/411/15 1307/244/15 1308/275/15 1309/277/15 
f 1310/414/15 1306/411/15 1309/277/15 1311/279/15 
f 1312/416/15 1310/414/15 1311/279/15 1313/281/15 
f 1314/418/15 1312/416/15 1313/281/15 1315/283/15 
f 1316/420/15 1314/418/15 1315/283/15 1317/285/15 
f 1318/422/15 1316/420/15 1317/285/15 1319/287/15 
f 1320/424/15 1318/422/15 1319/287/15 1321/289/15 
f 1322/426/15 1320/424/15 1321/289/15 1323/291/15 
f 1324/428/15 1322/426/15 1323/291/15 1325/293/15 
f 1326/430/15 1324/428/15 1325/293/15 1327/295/15 
f 1328/432/15 1326/430/15 1327/295/15 1329/297/15 
f 1325/1784/111 730/1785/111 732/1786/112 1327/1787/112 
f 1327/1788/112 732/1789/112 734/1790/91 1329/1791/91 
f 1329/1792/91 734/1793/91 869/1794/92 1328/1795/92 
f 1328/1796/92 869/1797/92 867/1798/93 1326/1799/93 
f 1324/1800/94 1326/1801/93 867/1802/93 865/1803/94 
f 1322/1804/95 1324/1805/94 865/1806/94 863/1807/95 
f 1320/1808/96 1322/1809/95 863/1810/95 861/1811/96 
f 1318/1812/22 1320/1813/96 861/1814/96 859/1815/22 
f 1316/1816/97 1318/1817/22 859/1818/22 857/1819/97 
f 1314/1820/98 1316/1821/97 857/1822/97 855/1823/98 
f 1312/1824/99 1314/1825/98 855/1826/98 853/1827/99 
f 851/1828/100 1310/1829/100 1312/1830/99 853/1831/99 
f 848/1832/101 1306/1833/101 1310/1834/100 851/1835/100 
f 681/1836/90 1307/1837/90 1306/1838/101 848/1839/101 
f 712/1840/102 1308/1841/102 1307/1842/90 681/1843/90 
f 714/1844/103 1309/1845/103 1308/1846/102 712/1847/102 
f 716/1848/104 1311/1849/104 1309/1850/103 714/1851/103 
f 718/1852/105 1313/1853/105 1311/1854/104 716/1855/104 
f 720/1856/106 1315/1857/106 1313/1858/105 718/1859/105 
f 722/1860/107 1317/1861/107 1315/1862/106 720/1863/106 
f 724/1864/108 1319/1865/108 1317/1866/107 722/1867/107 
f 726/1868/109 1321/1869/109 1319/1870/108 724/1871/108 
f 728/1872/110 1323/1873/110 1321/1874/109 726/1875/109 
f 1323/1876/110 728/1877/110 730/1878/111 1325/1879/111 
f 1330/276/15 1331/245/15 1332/247/15 1333/248/15 
f 1334/278/15 1330/276/15 1333/248/15 1335/250/15 
f 1336/280/15 1334/278/15 1335/250/15 1337/251/15 
f 1338/282/15 1336/280/15 1337/251/15 1339/253/15 
f 1340/284/15 1338/282/15 1339/253/15 1341/254/15 
f 1342/286/15 1340/284/15 1341/254/15 1343/256/15 
f 1344/288/15 1342/286/15 1343/256/15 1345/258/15 
f 1346/290/15 1344/288/15 1345/258/15 1347/260/15 
f 1348/292/15 1346/290/15 1347/260/15 1349/149/15 
f 1350/294/15 1348/292/15 1349/149/15 1351/150/15 
f 1352/296/15 1350/294/15 1351/150/15 1353/151/15 
f 1353/1880/91 588/1881/91 733/1882/92 1352/1883/92 
f 1352/1884/92 733/1885/92 731/1886/93 1350/1887/93 
f 1350/1888/93 731/1889/93 729/1890/94 1348/1891/94 
f 1346/1892/95 1348/1893/94 729/1894/94 727/1895/95 
f 1344/1896/96 1346/1897/95 727/1898/95 725/1899/96 
f 1342/1900/22 1344/1901/96 725/1902/96 723/1903/22 
f 1340/1904/97 1342/1905/22 723/1906/22 721/1907/97 
f 1338/1908/98 1340/1909/97 721/1910/97 719/1911/98 
f 1336/1912/99 1338/1913/98 719/1914/98 717/1915/99 
f 715/1916/100 1334/1917/100 1336/1918/99 717/1919/99 
f 713/1920/101 1330/1921/101 1334/1922/100 715/1923/100 
f 682/1924/90 1331/1925/90 1330/1926/101 713/1927/101 
f 684/1928/102 1332/1929/102 1331/1930/90 682/1931/90 
f 685/1932/103 1333/1933/103 1332/1934/102 684/1935/102 
f 687/1936/104 1335/1937/104 1333/1938/103 685/1939/103 
f 688/1940/105 1337/1941/105 1335/1942/104 687/1943/104 
f 690/1944/106 1339/1945/106 1337/1946/105 688/1947/105 
f 691/1948/107 1341/1949/107 1339/1950/106 690/1951/106 
f 693/1952/108 1343/1953/108 1341/1954/107 691/1955/107 
f 695/1956/109 1345/1957/109 1343/1958/108 693/1959/108 
f 697/1960/110 1347/1961/110 1345/1962/109 695/1963/109 
f 1347/1964/110 697/1965/110 586/1966/111 1349/1967/111 
f 1349/1968/111 586/1969/111 587/1970/112 1351/1971/112 
f 1351/1972/112 587/1973/112 588/1974/91 1353/1975/91 
f 1354/1976/15 1355/1977/15 1356/1978/15 1357/1979/15 
f 1358/1980/15 1354/1976/15 1357/1979/15 1359/1981/15 
f 1359/1981/15 1357/1979/15 1360/1982/15 1361/1983/15 
f 1362/1984/15 1359/1981/15 1361/1983/15 1363/1985/15 
f 1364/1986/15 1362/1984/15 1363/1985/15 1365/268/15 
f 1366/249/15 1364/1986/15 1365/268/15 1367/1987/15 
f 1368/1988/15 1366/249/15 1367/1987/15 1369/1989/15 
f 1370/1990/15 1368/1988/15 1369/1989/15 1371/1991/15 
f 1372/1992/15 1370/1990/15 1371/1991/15 1373/1993/15 
f 1374/1994/15 1372/1992/15 1373/1993/15 1375/1995/15 
f 1376/1996/15 1374/1994/15 1375/1995/15 1377/1997/15 
f 1378/236/15 1379/143/15 1380/274/15 1381/273/15 
f 1382/238/15 1378/236/15 1381/273/15 1383/1977/15 
f 1384/1978/15 1383/1977/15 1381/273/15 1385/272/15 
f 1386/1979/15 1384/1978/15 1385/272/15 1387/1982/15 
f 1387/1982/15 1385/272/15 1388/270/15 1389/1983/15 
f 1389/1983/15 1388/270/15 1390/269/15 1391/1985/15 
f 1391/1985/15 1390/269/15 1392/268/15 1393/268/15 
f 1393/268/15 1392/268/15 1394/267/15 1395/1987/15 
f 1396/1989/15 1395/1987/15 1394/267/15 1397/266/15 
f 1398/1991/15 1396/1989/15 1397/266/15 1399/265/15 
f 1400/1993/15 1398/1991/15 1399/265/15 1401/264/15 
f 1402/1995/15 1400/1993/15 1401/264/15 1403/1997/15 
f 1403/1997/15 1401/264/15 1404/259/15 1405/1996/15 
f 1406/1994/15 1405/1996/15 1404/259/15 1407/257/15 
f 1408/1992/15 1406/1994/15 1407/257/15 1409/255/15 
f 1410/1990/15 1408/1992/15 1409/255/15 1411/252/15 
f 1412/1988/15 1410/1990/15 1411/252/15 1413/249/15 
f 1414/249/15 1412/1988/15 1413/249/15 1415/1986/15 
f 1415/1986/15 1413/249/15 1416/246/15 1417/1984/15 
f 1417/1984/15 1416/246/15 1418/242/15 1419/1981/15 
f 1419/1981/15 1418/242/15 1420/240/15 1421/1980/15 
f 1422/1976/15 1421/1980/15 1420/240/15 1382/238/15 
f 1422/1976/15 1382/238/15 1383/1977/15 
f 1404/259/15 1401/264/15 1423/263/15 1424/261/15 
f 1424/261/15 1423/263/15 1425/262/15 
f 1425/1998/91 699/1999/91 698/2000/92 1424/2001/92 
f 1424/2002/92 698/2003/92 696/2004/93 1404/2005/93 
f 1404/2006/93 696/2007/93 694/2008/94 1407/2009/94 
f 1409/2010/95 1407/2011/94 694/2012/94 692/2013/95 
f 1411/2014/96 1409/2015/95 692/2016/95 689/2017/96 
f 1413/2018/22 1411/2019/96 689/2020/96 686/2021/22 
f 1416/2022/97 1413/2023/22 686/2024/22 683/2025/97 
f 1418/2026/98 1416/2027/97 683/2028/97 679/2029/98 
f 1420/2030/99 1418/2031/98 679/2032/98 677/2033/99 
f 675/2034/100 1382/2035/100 1420/2036/99 677/2037/99 
f 673/2038/101 1378/2039/101 1382/2040/100 675/2041/100 
f 582/2042/90 1379/2043/90 1378/2044/101 673/2045/101 
f 711/2046/102 1380/2047/102 1379/2048/90 582/2049/90 
f 710/2050/103 1381/2051/103 1380/2052/102 711/2053/102 
f 709/2054/104 1385/2055/104 1381/2056/103 710/2057/103 
f 707/2058/105 1388/2059/105 1385/2060/104 709/2061/104 
f 706/2062/106 1390/2063/106 1388/2064/105 707/2065/105 
f 705/2066/107 1392/2067/107 1390/2068/106 706/2069/106 
f 704/2070/108 1394/2071/108 1392/2072/107 705/2073/107 
f 703/2074/109 1397/2075/109 1394/2076/108 704/2077/108 
f 702/2078/110 1399/2079/110 1397/2080/109 703/2081/109 
f 1399/2082/110 702/2083/110 701/2084/111 1401/2085/111 
f 1401/2086/111 701/2087/111 700/2088/112 1423/2089/112 
f 1423/2090/112 700/2091/112 699/2092/91 1425/2093/91 
f 1387/2094/94 1389/2095/95 1361/2096/95 1360/2097/94 
f 1387/2098/94 1360/2099/94 1357/2100/93 1386/2101/93 
f 1386/2002/93 1357/2102/93 1356/2103/92 1384/2005/92 
f 1384/1998/92 1356/2104/92 1355/2105/91 1383/2001/91 
f 1383/2090/91 1355/2106/91 1354/2107/112 1422/2093/112 
f 1422/2108/112 1354/2109/112 1358/2110/111 1421/2111/111 
f 1421/2112/111 1358/2113/111 1359/2114/110 1419/2115/110 
f 1362/2116/109 1417/2117/109 1419/2118/110 1359/2119/110 
f 1364/2120/108 1415/2121/108 1417/2122/109 1362/2123/109 
f 1366/2124/107 1414/2125/107 1415/2126/108 1364/2073/108 
f 1368/2127/106 1412/2067/106 1414/1949/107 1366/2069/107 
f 1370/2128/105 1410/2063/105 1412/2064/106 1368/2129/106 
f 1372/2130/104 1408/2059/104 1410/2060/105 1370/2131/105 
f 1374/2132/103 1406/2055/103 1408/2056/104 1372/2133/104 
f 1376/2134/102 1405/2051/102 1406/2052/103 1374/2135/103 
f 1377/2136/90 1403/2047/90 1405/2048/102 1376/2137/102 
f 1375/2138/101 1402/2043/101 1403/2044/90 1377/2139/90 
f 1373/2140/100 1400/2141/100 1402/2142/101 1375/2143/101 
f 1371/2144/99 1398/2145/99 1400/2146/100 1373/2147/100 
f 1396/2148/98 1398/2149/99 1371/2150/99 1369/2151/98 
f 1395/2152/97 1396/2153/98 1369/2154/98 1367/2155/97 
f 1393/2156/22 1395/2157/97 1367/2158/97 1365/2159/22 
f 1391/2160/96 1393/2161/22 1365/2162/22 1363/2163/96 
f 1389/2164/95 1391/2165/96 1363/2166/96 1361/2167/95 
f 611/174/15 609/172/15 600/163/15 599/162/15 
f 429/1/22 524/1/22 525/1/22 529/1/22 
f 467/1/21 468/1/21 378/1/21 466/1/21 
f 225/1/1 224/1/1 189/1/1 191/1/1 
f 191/1/1 189/1/1 188/1/1 
f 1426/2168/113 1427/2169/113 1428/2170/113 1429/2171/113 
f 1430/2172/113 1426/2168/113 1429/2171/113 1431/2173/113 
f 1431/2173/113 1429/2171/113 1432/2174/113 1433/2175/113 
f 1433/2175/113 1432/2174/113 1434/2176/113 1435/2177/113 
f 1436/2178/113 1435/2177/113 1434/2176/113 1437/2179/113 
f 1438/2180/113 1436/2178/113 1437/2179/113 1439/2181/113 
f 1440/2182/113 1438/2180/113 1439/2181/113 1441/2183/113 
f 1442/2184/113 1440/2182/113 1441/2183/113 1443/2185/113 
f 1443/2185/113 1441/2183/113 1444/2186/113 1445/2187/113 
f 1445/2187/113 1444/2186/113 1446/2188/113 1447/2189/113 
f 1448/2190/113 1447/2189/113 1446/2188/113 1449/2191/113 
f 1449/2191/113 1446/2188/113 1450/2192/113 1451/2193/113 
f 1452/2194/113 1447/2189/113 1448/2190/113 1453/2195/113 
f 1453/2195/113 1448/2190/113 1454/2196/113 1455/2197/113 
f 1455/2197/113 1454/2196/113 1456/2198/113 1457/2199/113 
f 1458/2200/113 1457/2199/113 1456/2198/113 1459/2201/113 
f 1460/2202/113 1458/2200/113 1459/2201/113 1461/2203/113 
f 1462/2204/113 1460/2202/113 1461/2203/113 1463/2205/113 
f 1464/2206/113 1462/2204/113 1463/2205/113 1465/2207/113 
f 1465/2207/113 1463/2205/113 1466/2208/113 1467/2209/113 
f 1467/2209/113 1466/2208/113 1468/2210/113 1469/2211/113 
f 1427/2169/113 1469/2211/113 1468/2210/113 1470/2212/113 
f 1428/2170/113 1427/2169/113 1470/2212/113 1471/2213/113 
f 1471/2213/113 1470/2212/113 1472/2214/113 1473/2215/113 
f 1474/2216/113 1475/2217/113 1476/2218/113 1477/2219/113 
f 1478/2220/113 1474/2216/113 1477/2219/113 1479/2221/113 
f 1480/2222/113 1478/2220/113 1479/2221/113 1481/2223/113 
f 1482/2224/113 1480/2222/113 1481/2223/113 1483/2225/113 
f 1484/2226/113 1482/2224/113 1483/2225/113 1485/2227/113 
f 1486/2228/113 1485/2227/113 1483/2225/113 1487/2229/113 
f 1488/2230/113 1486/2228/113 1487/2229/113 1489/2231/113 
f 1490/2232/113 1489/2231/113 1487/2229/113 1491/2233/113 
f 1492/2234/113 1490/2232/113 1491/2233/113 1493/2235/113 
f 1494/2236/113 1493/2235/113 1491/2233/113 1495/2237/113 
f 1496/2238/113 1494/2236/113 1495/2237/113 1497/2239/113 
f 1498/2240/113 1497/2239/113 1495/2237/113 1499/2241/113 
f 1499/2241/113 1495/2237/113 1500/2242/113 1501/2243/113 
f 1502/2244/113 1501/2243/113 1500/2242/113 1503/2245/113 
f 1503/2245/113 1500/2242/113 1504/2246/113 1505/2247/113 
f 1506/2248/113 1505/2247/113 1504/2246/113 1507/2249/113 
f 1508/2250/113 1506/2248/113 1507/2249/113 1509/2251/113 
f 1510/2252/113 1509/2251/113 1507/2249/113 1511/2253/113 
f 1512/2254/113 1510/2252/113 1511/2253/113 1513/2255/113 
f 1514/2256/113 1513/2255/113 1511/2253/113 1482/2224/113 
f 1514/2256/113 1482/2224/113 1484/2226/113 
f 1500/2242/113 1495/2237/113 1515/2257/113 1516/2258/113 
f 1516/2258/113 1515/2257/113 1517/2259/113 1518/2260/113 
f 1518/2260/113 1517/2259/113 1519/2261/113 1520/2262/113 
f 1520/2262/113 1519/2261/113 1521/2263/113 
f 1522/2211/113 1523/2169/113 1524/2168/113 1525/2172/113 
f 1526/2217/113 1522/2211/113 1525/2172/113 1527/2218/113 
f 1528/2219/113 1527/2218/113 1525/2172/113 1529/2173/113 
f 1530/2221/113 1528/2219/113 1529/2173/113 1531/2175/113 
f 1532/2223/113 1530/2221/113 1531/2175/113 1533/2177/113 
f 1534/2225/113 1532/2223/113 1533/2177/113 1535/2178/113 
f 1536/2229/113 1534/2225/113 1535/2178/113 1537/2180/113 
f 1538/2233/113 1536/2229/113 1537/2180/113 1539/2237/113 
f 1539/2237/113 1537/2180/113 1540/2182/113 1541/2257/113 
f 1541/2257/113 1540/2182/113 1542/2184/113 1543/2259/113 
f 1543/2259/113 1542/2184/113 1544/2185/113 1545/2261/113 
f 1545/2261/113 1544/2185/113 1546/2187/113 1547/2263/113 
f 1547/2263/113 1546/2187/113 1548/2194/113 1549/2262/113 
f 1549/2262/113 1548/2194/113 1550/2195/113 1551/2260/113 
f 1551/2260/113 1550/2195/113 1552/2197/113 1553/2258/113 
f 1553/2258/113 1552/2197/113 1554/2199/113 1555/2242/113 
f 1555/2242/113 1554/2199/113 1556/2200/113 1557/2246/113 
f 1557/2246/113 1556/2200/113 1558/2202/113 1559/2249/113 
f 1560/2253/113 1559/2249/113 1558/2202/113 1561/2204/113 
f 1562/2224/113 1560/2253/113 1561/2204/113 1563/2206/113 
f 1564/2222/113 1562/2224/113 1563/2206/113 1565/2207/113 
f 1566/2220/113 1564/2222/113 1565/2207/113 1567/2209/113 
f 1568/2216/113 1566/2220/113 1567/2209/113 1526/2217/113 
f 1526/2217/113 1567/2209/113 1522/2211/113 
f 1548/2194/113 1546/2187/113 1569/2189/113 
f 1570/2256/113 1571/2226/113 1572/2227/113 1573/2255/113 
f 1573/2255/113 1572/2227/113 1574/2228/113 1575/2254/113 
f 1575/2254/113 1574/2228/113 1576/2230/113 1577/2252/113 
f 1577/2252/113 1576/2230/113 1578/2231/113 1579/2251/113 
f 1579/2251/113 1578/2231/113 1580/2232/113 1581/2250/113 
f 1581/2250/113 1580/2232/113 1582/2234/113 1583/2248/113 
f 1583/2248/113 1582/2234/113 1584/2235/113 1585/2247/113 
f 1585/2247/113 1584/2235/113 1586/2236/113 1587/2245/113 
f 1587/2245/113 1586/2236/113 1588/2238/113 1589/2244/113 
f 1589/2244/113 1588/2238/113 1590/2239/113 1591/2243/113 
f 1591/2243/113 1590/2239/113 1592/2240/113 1593/2241/113 
f 1594/2264/113 1595/2265/113 1596/2266/113 1597/2267/113 
f 1598/2268/113 1594/2264/113 1597/2267/113 1432/2174/113 
f 1434/2176/113 1432/2174/113 1597/2267/113 1437/2179/113 
f 1437/2179/113 1597/2267/113 1599/2269/113 1439/2181/113 
f 1439/2181/113 1599/2269/113 1600/2270/113 1441/2183/113 
f 1441/2183/113 1600/2270/113 1601/2271/113 1444/2186/113 
f 1446/2188/113 1444/2186/113 1601/2271/113 1602/2272/113 
f 1450/2192/113 1446/2188/113 1602/2272/113 1603/2273/113 
f 1451/2193/113 1450/2192/113 1603/2273/113 1604/2274/113 
f 1605/2275/113 1604/2274/113 1603/2273/113 1606/2276/113 
f 1449/2191/113 1451/2193/113 1604/2274/113 1607/2277/113 
f 1448/2190/113 1449/2191/113 1607/2277/113 1454/2196/113 
f 1454/2196/113 1607/2277/113 1608/2278/113 1456/2198/113 
f 1456/2198/113 1608/2278/113 1609/2279/113 1459/2201/113 
f 1459/2201/113 1609/2279/113 1610/2280/113 1461/2203/113 
f 1463/2205/113 1461/2203/113 1610/2280/113 1466/2208/113 
f 1611/2281/113 1466/2208/113 1610/2280/113 1612/2282/113 
f 1612/2282/113 1610/2280/113 1595/2265/113 1594/2264/113 
f 1468/2210/113 1466/2208/113 1611/2281/113 1470/2212/113 
f 1472/2214/113 1470/2212/113 1611/2281/113 1473/2215/113 
f 1471/2213/113 1473/2215/113 1611/2281/113 1598/2268/113 
f 1428/2170/113 1471/2213/113 1598/2268/113 1429/2171/113 
f 1598/2268/113 1432/2174/113 1429/2171/113 
f 1613/2283/113 1614/2284/113 1615/2285/113 1616/2286/113 
f 1617/2287/113 1613/2283/113 1616/2286/113 1618/2288/113 
f 1619/2289/113 1617/2287/113 1618/2288/113 1620/2290/113 
f 1620/2290/113 1618/2288/113 1621/2291/113 1622/2292/113 
f 1622/2292/113 1621/2291/113 1623/2293/113 1624/2294/113 
f 1625/2295/113 1624/2294/113 1623/2293/113 1626/2296/113 
f 1615/2285/113 1626/2296/113 1623/2293/113 1616/2286/113 
f 1627/2297/113 1620/2290/113 1622/2292/113 
f 1617/2287/113 1619/2289/113 1628/2298/113 
f 1629/2287/113 1630/2298/113 1631/2284/113 1632/2283/113 
f 1617/2299/21 1628/2300/21 1630/2301/21 1629/2302/21 
f 1631/2303/114 1630/2304/114 1628/2305/114 1614/2306/114 
f 1631/2307/22 1614/2308/22 1613/2309/22 1632/2310/22 
f 1629/2311/115 1632/2312/115 1613/2313/115 1617/2314/115 
f 1633/2297/113 1634/2292/113 1635/2294/113 1636/2295/113 
f 1635/2315/22 1624/2316/22 1625/2317/22 1636/2318/22 
f 1633/2319/115 1636/2320/115 1625/2313/115 1627/2314/115 
f 1627/2321/21 1622/2322/21 1634/2323/21 1633/2324/21 
f 1635/2325/114 1634/2326/114 1622/2305/114 1624/2306/114 
f 1637/2289/113 1638/2290/113 1639/2296/113 1640/2285/113 
f 1641/2327/113 1642/2328/113 1643/2329/113 1644/2330/113 
f 1645/2331/113 1646/2332/113 1647/2333/113 1648/2334/113 
f 1649/2335/113 1650/2336/113 1651/2337/113 1652/2338/113 
f 1653/2339/113 1654/2340/113 1655/2341/113 1656/2342/113 
f 1657/2343/113 1658/2344/113 1659/2345/113 1660/2346/113 
f 1661/2347/113 1662/2348/113 1663/2349/113 1664/2350/113 
f 1665/2351/113 1666/2352/113 1667/2353/113 1668/2354/113 
f 1669/2355/113 1670/2356/113 1671/2357/113 1672/2358/113 
f 1673/2359/113 1674/2360/113 1675/2361/113 1676/2362/113 
f 1677/2363/113 1678/2364/113 1679/2360/113 1680/2359/113 
f 1681/2365/113 1682/2366/113 1683/2367/113 1684/2368/113 
f 1685/2369/113 1686/2370/113 1687/2371/113 1688/2372/113 
f 1689/2373/113 1690/2374/113 1691/2375/113 1692/2376/113 
f 1693/2377/113 1694/2378/113 1695/2379/113 1696/2380/113 
f 1697/2380/113 1698/2379/113 1699/2381/113 1700/2382/113 
f 1701/2383/113 1702/2384/113 1703/2385/113 1704/2386/113 
f 1705/2387/113 1706/2388/113 1707/2384/113 1708/2383/113 
f 1709/2389/113 1710/2390/113 1711/2388/113 1712/2387/113 
f 1713/2391/113 1714/2392/113 1715/2390/113 1716/2389/113 
f 1717/2393/113 1718/2394/113 1719/2392/113 1720/2391/113 
f 1721/2395/113 1722/2396/113 1723/2394/113 1724/2393/113 
f 1725/2397/113 1726/2398/113 1727/2396/113 1728/2395/113 
f 1729/2399/113 1730/2400/113 1731/2398/113 1732/2397/113 
f 1733/2401/113 1734/2402/113 1735/2403/113 1736/2404/113 
f 1737/2405/113 1738/2406/113 1739/2407/113 1740/2408/113 
f 1741/2409/113 1742/2410/113 1743/2411/113 1744/2412/113 
f 1745/2413/113 1746/2414/113 1747/2415/113 1748/2416/113 
f 1749/2417/113 1750/2418/113 1751/2419/113 1752/2420/113 
f 1753/2421/113 1754/2422/113 1755/2423/113 1756/2424/113 
f 1757/2425/113 1753/2421/113 1756/2424/113 1758/2426/113 
f 1759/2427/113 1757/2425/113 1758/2426/113 1760/2428/113 
f 1761/2429/113 1759/2427/113 1760/2428/113 1762/2430/113 
f 1763/2431/113 1761/2429/113 1762/2430/113 1764/2430/113 
f 1765/2431/113 1763/2431/113 1764/2430/113 1766/2432/113 
f 1767/2433/113 1765/2431/113 1766/2432/113 1768/2434/113 
f 1769/2435/113 1767/2433/113 1768/2434/113 1770/2436/113 
f 1771/2437/113 1769/2435/113 1770/2436/113 1772/2438/113 
f 1773/2439/113 1771/2437/113 1772/2438/113 1774/2440/113 
f 1775/2441/113 1773/2439/113 1774/2440/113 1776/2442/113 
f 1777/2443/113 1778/2444/113 1779/2445/113 1780/2446/113 
f 1781/2447/113 1777/2443/113 1780/2446/113 1782/2448/113 
f 1783/2449/113 1781/2447/113 1782/2448/113 1784/2450/113 
f 1785/2451/113 1783/2449/113 1784/2450/113 1786/2452/113 
f 1787/2453/113 1785/2451/113 1786/2452/113 1788/2452/113 
f 1789/2453/113 1787/2453/113 1788/2452/113 1790/2454/113 
f 1791/2455/113 1789/2453/113 1790/2454/113 1792/2456/113 
f 1793/2457/113 1791/2455/113 1792/2456/113 1794/2458/113 
f 1795/2459/113 1793/2457/113 1794/2458/113 1796/2460/113 
f 1797/2461/113 1795/2459/113 1796/2460/113 1798/2462/113 
f 1799/2463/113 1797/2461/113 1798/2462/113 1800/2464/113 
f 1801/2465/113 1802/2466/113 1803/2467/113 1804/2468/113 
f 1805/2469/113 1801/2465/113 1804/2468/113 1806/2470/113 
f 1807/2471/113 1805/2469/113 1806/2470/113 1808/2472/113 
f 1809/2473/113 1807/2471/113 1808/2472/113 1810/2474/113 
f 1811/2475/113 1809/2473/113 1810/2474/113 1812/2474/113 
f 1813/2475/113 1811/2475/113 1812/2474/113 1814/2476/113 
f 1815/2477/113 1813/2475/113 1814/2476/113 1816/2478/113 
f 1817/2479/113 1815/2477/113 1816/2478/113 1818/2480/113 
f 1819/2481/113 1817/2479/113 1818/2480/113 1820/2482/113 
f 1821/2483/113 1819/2481/113 1820/2482/113 1822/2484/113 
f 1823/2485/113 1821/2483/113 1822/2484/113 1824/2486/113 
f 1825/2487/113 1826/2488/113 1827/2489/113 1828/2490/113 
f 1829/2491/113 1825/2487/113 1828/2490/113 1830/2492/113 
f 1831/2493/113 1829/2491/113 1830/2492/113 1832/2494/113 
f 1833/2495/113 1831/2493/113 1832/2494/113 1834/2496/113 
f 1835/2497/113 1833/2495/113 1834/2496/113 1836/2496/113 
f 1837/2497/113 1835/2497/113 1836/2496/113 1838/2498/113 
f 1839/2499/113 1837/2497/113 1838/2498/113 1840/2500/113 
f 1841/2501/113 1839/2499/113 1840/2500/113 1842/2502/113 
f 1843/2503/113 1841/2501/113 1842/2502/113 1844/2504/113 
f 1845/2505/113 1843/2503/113 1844/2504/113 1846/2506/113 
f 1847/2507/113 1845/2505/113 1846/2506/113 1848/2508/113 
f 1849/2509/113 1612/2282/113 1594/2264/113 1598/2268/113 
f 1850/2510/113 1849/2509/113 1598/2268/113 1851/2511/113 
f 1851/2511/113 1598/2268/113 1611/2281/113 1852/2512/113 
f 1852/2512/113 1611/2281/113 1612/2282/113 1849/2509/113 
f 1852/2512/113 1849/2509/113 1850/2510/113 1851/2511/113 
f 1853/2348/113 1854/2513/113 1855/2514/113 1856/2515/113 
f 1857/2349/113 1853/2348/113 1856/2515/113 1858/2352/113 
f 1859/2353/113 1858/2352/113 1856/2515/113 1860/2354/113 
f 1860/2354/113 1856/2515/113 1861/2516/113 1862/2351/113 
f 1863/2350/113 1862/2351/113 1861/2516/113 1864/2347/113 
f 1864/2347/113 1861/2516/113 1854/2513/113 1853/2348/113 
f 1858/2352/113 1862/2351/113 1863/2350/113 1857/2349/113 
f 1865/2517/113 1866/2518/113 1867/2519/113 1868/2520/113 
f 1869/2521/113 1870/2522/113 1871/2523/113 1872/2524/113 
f 1873/2525/22 1874/2526/22 1875/2527/22 1876/2528/22 
f 1875/2529/113 1874/2530/113 1877/2531/113 1878/2532/113 
f 1879/2525/22 1880/2526/22 1881/2527/22 1882/2528/22 
f 1881/2330/113 1880/2329/113 1883/2533/113 1884/2534/113 
f 1885/2525/22 1886/2526/22 1887/2527/22 1888/2528/22 
f 1887/2534/113 1886/2533/113 1889/2535/113 1890/2536/113 
f 1891/2525/22 1892/2526/22 1893/2527/22 1894/2528/22 
f 1893/2536/113 1892/2535/113 1895/2530/113 1896/2529/113 
f 1897/2334/113 1898/2333/113 1899/2537/113 1900/2538/113 
f 1901/2538/113 1902/2537/113 1903/2539/113 1904/2540/113 
f 1905/2541/113 1906/2542/113 1907/2543/113 1908/2544/113 
f 1909/2544/113 1910/2543/113 1911/2545/113 1912/2546/113 
f 1913/2546/113 1914/2545/113 1915/2547/113 1916/2548/113 
f 1917/2342/113 1918/2341/113 1919/2549/113 1920/2550/113 
f 1921/2338/113 1922/2337/113 1923/2551/113 1924/2552/113 
f 1925/2346/113 1926/2345/113 1927/2553/113 1928/2554/113 
f 1929/2524/113 1930/2523/113 1931/2555/113 1932/2556/113 
f 1933/2550/113 1934/2549/113 1935/2557/113 1936/2558/113 
f 1937/2552/113 1938/2551/113 1939/2559/113 1940/2560/113 
f 1941/2554/113 1942/2553/113 1943/2561/113 1944/2562/113 
f 1945/2556/113 1946/2555/113 1947/2563/113 1948/2564/113 
f 1949/2562/113 1950/2561/113 1951/2565/113 1952/2566/113 
f 1953/2550/113 1954/2559/113 1955/2551/113 1956/2555/113 
f 1956/2555/113 1955/2551/113 1957/2554/113 1958/2553/113 
f 1958/2553/113 1957/2554/113 1959/2553/113 395/2567/76 
f 395/2567/76 1959/2553/113 1960/2345/113 1961/2345/113 
f 395/2567/76 1961/2345/113 1962/2344/113 1963/2375/113 
f 395/2567/76 1963/2375/113 1964/2374/113 1965/2371/113 
f 395/2567/76 1965/2371/113 1966/2370/113 1967/2381/113 
f 395/2567/76 1967/2381/113 1968/2379/113 1969/2379/113 
f 395/2567/76 1969/2379/113 1970/2378/113 1971/2385/113 
f 395/2567/76 1971/2385/113 1972/2384/113 1973/2384/113 
f 395/2567/76 1973/2384/113 1974/2388/113 1975/2390/113 
f 395/2567/76 1975/2390/113 1976/2390/113 1977/2392/113 
f 395/2567/76 1977/2392/113 1978/2392/113 1979/2394/113 
f 395/2567/76 1979/2394/113 1980/2394/113 1981/2396/113 
f 395/2567/76 1981/2396/113 1982/2396/113 1983/2398/113 
f 395/2567/76 1983/2398/113 1984/2398/113 1985/2400/113 
f 395/2567/76 1985/2400/113 1986/2403/113 1987/2402/113 
f 395/2567/76 1987/2402/113 1988/2407/113 1989/2406/113 
f 395/2567/76 1989/2406/113 1990/2476/113 1991/2474/113 
f 395/2567/76 1991/2474/113 1992/2456/113 1993/2454/113 
f 395/2567/76 1993/2454/113 1994/2452/113 1995/2434/113 
f 395/2567/76 1995/2434/113 1996/2432/113 1997/2430/113 
f 395/2567/76 1997/2430/113 1998/2419/113 1999/2418/113 
f 390/2568/113 395/2567/76 1999/2418/113 1621/2291/113 
f 1623/2293/113 1621/2291/113 1999/2418/113 1616/2286/113 
f 1616/2286/113 1999/2418/113 2000/2417/113 2001/2413/113 
f 1616/2286/113 2001/2413/113 1865/2517/113 1595/2265/113 
f 1618/2288/113 1616/2286/113 1595/2265/113 429/2569/113 
f 390/2568/113 1618/2288/113 429/2569/113 524/2570/113 
f 1618/2288/113 390/2568/113 1621/2291/113 
f 378/2571/113 429/2569/113 1595/2265/113 1610/2280/113 
f 378/2571/113 1610/2280/113 1609/2279/113 1608/2278/113 
f 1854/2513/113 378/2571/113 1608/2278/113 1607/2277/113 
f 1854/2513/113 1607/2277/113 1604/2274/113 1605/2275/113 
f 1854/2513/113 1605/2275/113 1606/2276/113 1855/2514/113 
f 1966/2370/113 1855/2514/113 1606/2276/113 1603/2273/113 
f 1966/2370/113 1603/2273/113 1602/2272/113 1601/2271/113 
f 1966/2370/113 1601/2271/113 2002/2382/113 1967/2381/113 
f 2002/2382/113 1601/2271/113 1600/2270/113 1599/2269/113 
f 2003/2380/113 2002/2382/113 1599/2269/113 2004/2380/113 
f 2004/2380/113 1599/2269/113 1597/2267/113 2005/2377/113 
f 2006/2386/113 2005/2377/113 1597/2267/113 2007/2383/113 
f 2008/2383/113 2007/2383/113 1597/2267/113 2009/2387/113 
f 2010/2387/113 2009/2387/113 1597/2267/113 2011/2389/113 
f 2012/2391/113 2011/2389/113 1597/2267/113 2013/2393/113 
f 2014/2395/113 2013/2393/113 1597/2267/113 2015/2395/113 
f 2016/2397/113 2015/2395/113 1597/2267/113 2017/2399/113 
f 2018/2404/113 2017/2399/113 1597/2267/113 2019/2401/113 
f 2019/2401/113 1597/2267/113 1596/2266/113 1987/2402/113 
f 1987/2402/113 1596/2266/113 2020/2408/113 1988/2407/113 
f 2021/2411/113 2020/2408/113 1596/2266/113 2022/2411/113 
f 2023/2572/113 2022/2411/113 1596/2266/113 2024/2573/113 
f 2024/2573/113 1596/2266/113 1595/2265/113 2025/2412/113 
f 2026/2412/113 2025/2412/113 1595/2265/113 2027/2409/113 
f 1868/2520/113 2027/2409/113 1595/2265/113 1865/2517/113 
f 2028/2405/113 2027/2409/113 1868/2520/113 1989/2406/113 
f 1989/2406/113 1868/2520/113 1867/2519/113 2029/2508/113 
f 1989/2406/113 2029/2508/113 2030/2506/113 2031/2504/113 
f 1989/2406/113 2031/2504/113 2032/2502/113 2033/2500/113 
f 1989/2406/113 2033/2500/113 2034/2498/113 2035/2496/113 
f 1989/2406/113 2035/2496/113 2036/2480/113 2037/2478/113 
f 1990/2476/113 1989/2406/113 2037/2478/113 
f 2038/2482/113 2036/2480/113 2035/2496/113 2039/2484/113 
f 2039/2484/113 2035/2496/113 2040/2496/113 2041/2486/113 
f 2041/2486/113 2040/2496/113 2042/2494/113 2043/2492/113 
f 2041/2486/113 2043/2492/113 2044/2490/113 2045/2489/113 
f 2041/2486/113 2045/2489/113 2046/2488/113 2047/2487/113 
f 2041/2486/113 2047/2487/113 2048/2491/113 1867/2519/113 
f 2049/2485/113 2041/2486/113 1867/2519/113 2050/2483/113 
f 2051/2481/113 2050/2483/113 1867/2519/113 2052/2479/113 
f 2053/2477/113 2052/2479/113 1867/2519/113 2054/2475/113 
f 2055/2475/113 2054/2475/113 1867/2519/113 2056/2473/113 
f 2057/2471/113 2056/2473/113 1867/2519/113 2058/2464/113 
f 2059/2463/113 2058/2464/113 1867/2519/113 2060/2461/113 
f 2061/2459/113 2060/2461/113 1867/2519/113 2062/2457/113 
f 2063/2455/113 2062/2457/113 1867/2519/113 2064/2453/113 
f 2065/2453/113 2064/2453/113 1867/2519/113 2066/2451/113 
f 2067/2442/113 2066/2451/113 1867/2519/113 2068/2441/113 
f 2069/2439/113 2068/2441/113 1867/2519/113 2070/2437/113 
f 2071/2435/113 2070/2437/113 1867/2519/113 2072/2433/113 
f 2073/2431/113 2072/2433/113 1867/2519/113 2074/2431/113 
f 2075/2429/113 2074/2431/113 1867/2519/113 2076/2416/113 
f 2076/2416/113 1867/2519/113 1866/2518/113 2001/2413/113 
f 1865/2517/113 2001/2413/113 1866/2518/113 
f 2077/2427/113 2075/2429/113 2076/2416/113 2078/2425/113 
f 2079/2421/113 2078/2425/113 2076/2416/113 2080/2422/113 
f 2081/2423/113 2080/2422/113 2076/2416/113 2082/2424/113 
f 2082/2424/113 2076/2416/113 2083/2415/113 2084/2426/113 
f 2084/2426/113 2083/2415/113 2085/2420/113 2086/2428/113 
f 2087/2430/113 2086/2428/113 2085/2420/113 1998/2419/113 
f 1998/2419/113 1997/2430/113 2087/2430/113 
f 2085/2420/113 2083/2415/113 2088/2414/113 2000/2417/113 
f 2001/2413/113 2000/2417/113 2088/2414/113 
f 2089/2449/113 2066/2451/113 2067/2442/113 2090/2447/113 
f 2091/2443/113 2090/2447/113 2067/2442/113 2092/2444/113 
f 2093/2445/113 2092/2444/113 2067/2442/113 2094/2446/113 
f 2095/2448/113 2094/2446/113 2067/2442/113 2096/2450/113 
f 2097/2452/113 2096/2450/113 2067/2442/113 2098/2440/113 
f 1994/2452/113 2097/2452/113 2098/2440/113 2099/2438/113 
f 1994/2452/113 2099/2438/113 2100/2436/113 1995/2434/113 
f 2101/2469/113 2057/2471/113 2058/2464/113 2102/2465/113 
f 2103/2466/113 2102/2465/113 2058/2464/113 2104/2467/113 
f 2105/2468/113 2104/2467/113 2058/2464/113 2106/2470/113 
f 2107/2472/113 2106/2470/113 2058/2464/113 2108/2474/113 
f 2108/2474/113 2058/2464/113 2109/2462/113 1991/2474/113 
f 1991/2474/113 2109/2462/113 2110/2460/113 2111/2458/113 
f 1992/2456/113 1991/2474/113 2111/2458/113 
f 1867/2519/113 2048/2491/113 2112/2493/113 2113/2495/113 
f 1867/2519/113 2113/2495/113 2114/2497/113 2115/2497/113 
f 1867/2519/113 2115/2497/113 2116/2499/113 2117/2501/113 
f 1867/2519/113 2117/2501/113 2118/2503/113 2119/2505/113 
f 1867/2519/113 2119/2505/113 2120/2507/113 2029/2508/113 
f 2121/2410/113 2027/2409/113 2028/2405/113 2020/2408/113 
f 2121/2410/113 2020/2408/113 2021/2411/113 
f 2022/2411/113 2025/2412/113 2026/2412/113 2021/2411/113 
f 1985/2400/113 2017/2399/113 2018/2404/113 1986/2403/113 
f 2016/2397/113 2017/2399/113 2122/2397/113 1983/2398/113 
f 1984/2398/113 1983/2398/113 2122/2397/113 
f 1981/2396/113 2014/2395/113 2015/2395/113 1982/2396/113 
f 2013/2393/113 2014/2395/113 2123/2393/113 1979/2394/113 
f 1980/2394/113 1979/2394/113 2123/2393/113 
f 2012/2391/113 2013/2393/113 2124/2391/113 1977/2392/113 
f 1978/2392/113 1977/2392/113 2124/2391/113 
f 2011/2389/113 2012/2391/113 2125/2389/113 1975/2390/113 
f 1976/2390/113 1975/2390/113 2125/2389/113 
f 1974/2388/113 2009/2387/113 2010/2387/113 2126/2388/113 
f 1975/2390/113 1974/2388/113 2126/2388/113 
f 1972/2384/113 2007/2383/113 2008/2383/113 1973/2384/113 
f 1970/2378/113 2005/2377/113 2006/2386/113 1971/2385/113 
f 1968/2379/113 2003/2380/113 2004/2380/113 1969/2379/113 
f 1855/2514/113 1966/2370/113 2127/2369/113 2128/2365/113 
f 1855/2514/113 2128/2365/113 2129/2355/113 1856/2515/113 
f 1856/2515/113 2129/2355/113 2130/2358/113 2131/2359/113 
f 2131/2359/113 2130/2358/113 2132/2357/113 2133/2363/113 
f 2133/2363/113 2132/2357/113 2134/2356/113 2135/2364/113 
f 2135/2364/113 2134/2356/113 2136/2368/113 2137/2367/113 
f 1964/2374/113 2135/2364/113 2137/2367/113 2138/2372/113 
f 1965/2371/113 1964/2374/113 2138/2372/113 
f 2138/2372/113 2137/2367/113 2139/2366/113 2127/2369/113 
f 2128/2365/113 2127/2369/113 2139/2366/113 
f 2140/2360/113 2135/2364/113 1964/2374/113 2131/2359/113 
f 2131/2359/113 1964/2374/113 2141/2373/113 2142/2359/113 
f 1856/2515/113 2131/2359/113 2142/2359/113 2143/2362/113 
f 1962/2344/113 1856/2515/113 2143/2362/113 2144/2361/113 
f 1962/2344/113 2144/2361/113 2145/2376/113 1963/2375/113 
f 2145/2376/113 2144/2361/113 2146/2360/113 2141/2373/113 
f 2142/2359/113 2141/2373/113 2146/2360/113 
f 1861/2516/113 1856/2515/113 1962/2344/113 2147/2522/113 
f 2147/2522/113 1962/2344/113 2148/2343/113 2149/2523/113 
f 2149/2523/113 2148/2343/113 2150/2346/113 2151/2524/113 
f 2152/2341/113 2151/2524/113 2150/2346/113 2153/2342/113 
f 2153/2342/113 2150/2346/113 2154/2338/113 2155/2338/113 
f 2155/2338/113 2154/2338/113 378/2571/113 2156/2335/113 
f 1861/2516/113 2156/2335/113 378/2571/113 1854/2513/113 
f 2157/2336/113 2156/2335/113 1861/2516/113 2147/2522/113 
f 2157/2336/113 2147/2522/113 2158/2339/113 2159/2337/113 
f 2159/2337/113 2158/2339/113 2153/2342/113 2155/2338/113 
f 2158/2339/113 2147/2522/113 2160/2521/113 2161/2340/113 
f 2161/2340/113 2160/2521/113 2151/2524/113 2152/2341/113 
f 378/2571/113 2154/2338/113 2162/2552/113 2163/2552/113 
f 2164/2550/113 2163/2552/113 2162/2552/113 2165/2551/113 
f 2166/2342/113 2164/2550/113 2165/2551/113 2167/2337/113 
f 2168/2523/113 2166/2342/113 2167/2337/113 2150/2346/113 
f 1960/2345/113 2168/2523/113 2150/2346/113 1961/2345/113 
f 2168/2523/113 1960/2345/113 2169/2346/113 2170/2555/113 
f 2170/2555/113 2169/2346/113 1957/2554/113 2171/2556/113 
f 2172/2549/113 2171/2556/113 1957/2554/113 2164/2550/113 
f 2163/2552/113 2164/2550/113 1957/2554/113 1955/2551/113 
f 2171/2556/113 2172/2549/113 2173/2341/113 2174/2524/113 
f 2174/2524/113 2173/2341/113 2166/2342/113 2168/2523/113 
f 2154/2338/113 2150/2346/113 2167/2337/113 
f 378/2571/113 2163/2552/113 2175/2560/113 2176/2327/113 
f 2177/2558/113 2176/2327/113 2175/2560/113 1954/2559/113 
f 1954/2559/113 1953/2550/113 2177/2558/113 
f 2178/2562/113 2176/2327/113 2177/2558/113 2179/2557/113 
f 2178/2562/113 2179/2557/113 2180/2564/113 2181/2563/113 
f 2182/2554/113 2178/2562/113 2181/2563/113 1956/2555/113 
f 2182/2554/113 1956/2555/113 1958/2553/113 
f 2180/2564/113 2179/2557/113 2183/2549/113 2184/2556/113 
f 2184/2556/113 2183/2549/113 1953/2550/113 1956/2555/113 
f 2185/2328/113 2176/2327/113 2178/2562/113 2186/2332/113 
f 395/2567/76 2186/2332/113 2178/2562/113 2187/2561/113 
f 1958/2553/113 395/2567/76 2187/2561/113 
f 2188/2333/113 2186/2332/113 395/2567/76 2189/2333/113 
f 2190/2537/113 2189/2333/113 395/2567/76 2191/2537/113 
f 2192/2539/113 2191/2537/113 395/2567/76 2193/2540/113 
f 2194/2531/113 2193/2540/113 395/2567/76 2195/2532/113 
f 2195/2532/113 395/2567/76 378/2571/113 1876/2529/113 
f 2196/2529/113 1876/2529/113 378/2571/113 1894/2536/113 
f 2197/2536/113 1894/2536/113 378/2571/113 1888/2534/113 
f 2198/2534/113 1888/2534/113 378/2571/113 1882/2330/113 
f 2199/2330/113 1882/2330/113 378/2571/113 2176/2327/113 
f 1879/2329/113 1882/2330/113 2199/2330/113 2186/2332/113 
f 2186/2332/113 2199/2330/113 2200/2329/113 2185/2328/113 
f 1879/2329/113 2186/2332/113 2201/2331/113 2202/2533/113 
f 2202/2533/113 2201/2331/113 2203/2334/113 2198/2534/113 
f 1885/2533/113 2198/2534/113 2203/2334/113 2204/2535/113 
f 2205/2334/113 2204/2535/113 2203/2334/113 2189/2333/113 
f 2188/2333/113 2189/2333/113 2203/2334/113 
f 2204/2535/113 2205/2334/113 2206/2538/113 2197/2536/113 
f 1891/2535/113 2197/2536/113 2206/2538/113 2207/2530/113 
f 2208/2538/113 2207/2530/113 2206/2538/113 2191/2537/113 
f 2190/2537/113 2191/2537/113 2206/2538/113 
f 2207/2530/113 2208/2538/113 2193/2540/113 2196/2529/113 
f 1873/2530/113 2196/2529/113 2193/2540/113 2194/2531/113 
f 1876/2529/113 2196/2529/113 1873/2530/113 
f 1894/2536/113 2197/2536/113 1891/2535/113 
f 1888/2534/113 2198/2534/113 1885/2533/113 
f 378/2571/113 395/2567/76 468/2574/77 
f 2136/2368/113 2134/2356/113 2129/2355/113 2128/2365/113 
f 2027/2409/113 2121/2410/113 2021/2411/113 2026/2412/113 
f 2209/2575/113 2210/2576/113 2211/2577/113 2212/2578/113 
f 2213/2409/113 2214/2410/113 2215/2411/113 2216/2412/113 
f 2217/2409/113 2218/2410/113 2219/2411/113 2220/2412/113 
f 2221/2579/113 2222/2580/113 2223/2581/113 2224/2582/113 
f 2225/2412/113 2226/2411/113 2227/2572/113 2228/2573/113 
f 2025/2409/113 2022/2410/113 2023/2411/113 2024/2412/113 
f 2229/2582/113 2230/2581/113 2231/2583/113 2232/2584/113 
f 2233/2409/113 2234/2410/113 2235/2411/113 2236/2412/113 
f 2237/2578/113 2238/2577/113 2239/2585/113 2240/2586/113 
f 2241/2409/113 2242/2410/113 2243/2411/113 2244/2412/113 
f 1558/1/116 1556/1/117 1458/1/117 1460/1/116 
f 1462/1/118 1561/1/118 1558/1/116 1460/1/116 
f 1464/1/119 1563/1/119 1561/1/118 1462/1/118 
f 1465/1/120 1565/1/120 1563/1/119 1464/1/119 
f 1465/1/120 1467/1/121 1567/1/121 1565/1/120 
f 1467/1/121 1469/1/122 1522/1/122 1567/1/121 
f 1469/1/122 1427/1/123 1523/1/123 1522/1/122 
f 1427/1/123 1426/1/124 1524/1/124 1523/1/123 
f 1426/1/124 1430/1/125 1525/1/125 1524/1/124 
f 1430/1/125 1431/1/126 1529/1/126 1525/1/125 
f 1433/1/127 1531/1/127 1529/1/126 1431/1/126 
f 1435/1/128 1533/1/128 1531/1/127 1433/1/127 
f 1436/1/129 1535/1/129 1533/1/128 1435/1/128 
f 1537/1/130 1535/1/129 1436/1/129 1438/1/130 
f 1540/1/131 1537/1/130 1438/1/130 1440/1/131 
f 1542/1/132 1540/1/131 1440/1/131 1442/1/132 
f 1542/1/132 1442/1/132 1443/1/133 1544/1/133 
f 1544/1/133 1443/1/133 1445/1/134 1546/1/134 
f 1546/1/134 1445/1/134 1447/1/135 1569/1/135 
f 1569/1/135 1447/1/135 1452/1/136 1548/1/136 
f 1548/1/136 1452/1/136 1453/1/137 1550/1/137 
f 1550/1/137 1453/1/137 1455/1/138 1552/1/138 
f 1554/1/139 1552/1/138 1455/1/138 1457/1/139 
f 1556/1/117 1554/1/139 1457/1/139 1458/1/117 
f 1504/1/140 1557/1/140 1559/1/141 1507/1/141 
f 1500/1/142 1555/1/142 1557/1/140 1504/1/140 
f 1516/1/143 1553/1/143 1555/1/142 1500/1/142 
f 1516/1/143 1518/1/144 1551/1/144 1553/1/143 
f 1518/1/144 1520/1/145 1549/1/145 1551/1/144 
f 1520/1/145 1521/1/146 1547/1/146 1549/1/145 
f 1521/1/146 1519/1/147 1545/1/147 1547/1/146 
f 1519/1/147 1517/1/148 1543/1/148 1545/1/147 
f 1517/1/148 1515/1/149 1541/1/149 1543/1/148 
f 1495/1/150 1539/1/150 1541/1/149 1515/1/149 
f 1491/1/151 1538/1/151 1539/1/150 1495/1/150 
f 1487/1/152 1536/1/152 1538/1/151 1491/1/151 
f 1534/1/153 1536/1/152 1487/1/152 1483/1/153 
f 1532/1/154 1534/1/153 1483/1/153 1481/1/154 
f 1530/1/155 1532/1/154 1481/1/154 1479/1/155 
f 1530/1/155 1479/1/155 1477/1/156 1528/1/156 
f 1528/1/156 1477/1/156 1476/1/157 1527/1/157 
f 1527/1/157 1476/1/157 1475/1/158 1526/1/158 
f 1526/1/158 1475/1/158 1474/1/159 1568/1/159 
f 1568/1/159 1474/1/159 1478/1/160 1566/1/160 
f 1566/1/160 1478/1/160 1480/1/161 1564/1/161 
f 1562/1/162 1564/1/161 1480/1/161 1482/1/162 
f 1560/1/163 1562/1/162 1482/1/162 1511/1/163 
f 1559/1/141 1560/1/163 1511/1/163 1507/1/141 
f 1588/1/164 1496/1/164 1497/1/165 1590/1/165 
f 1590/1/165 1497/1/165 1498/1/166 1592/1/166 
f 1592/1/166 1498/1/166 1499/1/167 1593/1/167 
f 1593/1/167 1499/1/167 1501/1/168 1591/1/168 
f 1591/1/168 1501/1/168 1502/1/169 1589/1/169 
f 1589/1/169 1502/1/169 1503/1/170 1587/1/170 
f 1585/1/171 1587/1/170 1503/1/170 1505/1/171 
f 1583/1/172 1585/1/171 1505/1/171 1506/1/172 
f 1581/1/173 1583/1/172 1506/1/172 1508/1/173 
f 1509/1/174 1579/1/174 1581/1/173 1508/1/173 
f 1510/1/175 1577/1/175 1579/1/174 1509/1/174 
f 1512/1/176 1575/1/176 1577/1/175 1510/1/175 
f 1512/1/176 1513/1/177 1573/1/177 1575/1/176 
f 1513/1/177 1514/1/178 1570/1/178 1573/1/177 
f 1514/1/178 1484/1/179 1571/1/179 1570/1/178 
f 1484/1/179 1485/1/180 1572/1/180 1571/1/179 
f 1485/1/180 1486/1/181 1574/1/181 1572/1/180 
f 1486/1/181 1488/1/182 1576/1/182 1574/1/181 
f 1489/1/183 1578/1/183 1576/1/182 1488/1/182 
f 1490/1/184 1580/1/184 1578/1/183 1489/1/183 
f 1492/1/185 1582/1/185 1580/1/184 1490/1/184 
f 1584/1/186 1582/1/185 1492/1/185 1493/1/186 
f 1586/1/187 1584/1/186 1493/1/186 1494/1/187 
f 1588/1/164 1586/1/187 1494/1/187 1496/1/164 
f 1620/1/22 1638/1/22 1637/1/22 1619/1/22 
f 1640/1/21 1639/1/21 1626/1/21 1615/1/21 
f 1625/1/188 1626/1/188 1639/1/188 1627/1/188 
f 1620/1/188 1627/1/188 1639/1/188 1638/1/188 
f 1628/1/114 1619/1/114 1637/1/114 1614/1/114 
f 1615/1/114 1614/1/114 1637/1/114 1640/1/114 
f 2186/1/22 1646/1/22 1645/1/22 2201/1/22 
f 2186/1/188 2188/1/188 1647/1/188 1646/1/188 
f 1648/1/21 1647/1/21 2188/1/21 2203/1/21 
f 2203/1/114 2201/1/114 1645/1/114 1648/1/114 
f 2157/1/22 1650/1/22 1649/1/22 2156/1/22 
f 2157/1/188 2159/1/188 1651/1/188 1650/1/188 
f 1652/1/21 1651/1/21 2159/1/21 2155/1/21 
f 2155/1/114 2156/1/114 1649/1/114 1652/1/114 
f 2161/1/22 1654/1/22 1653/1/22 2158/1/22 
f 2161/1/188 2152/1/188 1655/1/188 1654/1/188 
f 1656/1/21 1655/1/21 2152/1/21 2153/1/21 
f 2153/1/114 2158/1/114 1653/1/114 1656/1/114 
f 2147/1/22 1870/1/22 1869/1/22 2160/1/22 
f 2147/1/188 2149/1/188 1871/1/188 1870/1/188 
f 1962/1/22 1658/1/22 1657/1/22 2148/1/22 
f 1962/1/188 1961/1/188 1659/1/188 1658/1/188 
f 1660/1/21 1659/1/21 1961/1/21 2150/1/21 
f 2150/1/114 2148/1/114 1657/1/114 1660/1/114 
f 1853/1/22 1662/1/22 1661/1/22 1864/1/22 
f 1853/1/188 1857/1/188 1663/1/188 1662/1/188 
f 1664/1/21 1663/1/21 1857/1/21 1863/1/21 
f 1863/1/114 1864/1/114 1661/1/114 1664/1/114 
f 1858/1/22 1666/1/22 1665/1/22 1862/1/22 
f 1858/1/188 1859/1/188 1667/1/188 1666/1/188 
f 1668/1/21 1667/1/21 1859/1/21 1860/1/21 
f 1860/1/114 1862/1/114 1665/1/114 1668/1/114 
f 2134/1/22 1670/1/22 1669/1/22 2129/1/22 
f 2134/1/188 2132/1/188 1671/1/188 1670/1/188 
f 1672/1/21 1671/1/21 2132/1/21 2130/1/21 
f 2130/1/114 2129/1/114 1669/1/114 1672/1/114 
f 2146/1/22 1674/1/22 1673/1/22 2142/1/22 
f 2146/1/188 2144/1/188 1675/1/188 1674/1/188 
f 1676/1/21 1675/1/21 2144/1/21 2143/1/21 
f 2143/1/114 2142/1/114 1673/1/114 1676/1/114 
f 2135/1/22 1678/1/22 1677/1/22 2133/1/22 
f 2135/1/188 2140/1/188 1679/1/188 1678/1/188 
f 1680/1/21 1679/1/21 2140/1/21 2131/1/21 
f 2131/1/114 2133/1/114 1677/1/114 1680/1/114 
f 2139/1/22 1682/1/22 1681/1/22 2128/1/22 
f 2139/1/188 2137/1/188 1683/1/188 1682/1/188 
f 1684/1/21 1683/1/21 2137/1/21 2136/1/21 
f 2136/1/114 2128/1/114 1681/1/114 1684/1/114 
f 1966/1/22 1686/1/22 1685/1/22 2127/1/22 
f 1966/1/188 1965/1/188 1687/1/188 1686/1/188 
f 1688/1/21 1687/1/21 1965/1/21 2138/1/21 
f 2138/1/114 2127/1/114 1685/1/114 1688/1/114 
f 1964/1/22 1690/1/22 1689/1/22 2141/1/22 
f 1964/1/188 1963/1/188 1691/1/188 1690/1/188 
f 1692/1/21 1691/1/21 1963/1/21 2145/1/21 
f 2145/1/114 2141/1/114 1689/1/114 1692/1/114 
f 1970/1/22 1694/1/22 1693/1/22 2005/1/22 
f 1970/1/188 1969/1/188 1695/1/188 1694/1/188 
f 1696/1/21 1695/1/21 1969/1/21 2004/1/21 
f 2004/1/114 2005/1/114 1693/1/114 1696/1/114 
f 1968/1/22 1698/1/22 1697/1/22 2003/1/22 
f 1968/1/188 1967/1/188 1699/1/188 1698/1/188 
f 1700/1/21 1699/1/21 1967/1/21 2002/1/21 
f 2002/1/114 2003/1/114 1697/1/114 1700/1/114 
f 1972/1/22 1702/1/22 1701/1/22 2007/1/22 
f 1972/1/188 1971/1/188 1703/1/188 1702/1/188 
f 1704/1/21 1703/1/21 1971/1/21 2006/1/21 
f 2006/1/114 2007/1/114 1701/1/114 1704/1/114 
f 1974/1/22 1706/1/22 1705/1/22 2009/1/22 
f 1974/1/188 1973/1/188 1707/1/188 1706/1/188 
f 1708/1/21 1707/1/21 1973/1/21 2008/1/21 
f 2008/1/114 2009/1/114 1705/1/114 1708/1/114 
f 1975/1/22 1710/1/22 1709/1/22 2011/1/22 
f 1975/1/188 2126/1/188 1711/1/188 1710/1/188 
f 1712/1/21 1711/1/21 2126/1/21 2010/1/21 
f 2010/1/114 2011/1/114 1709/1/114 1712/1/114 
f 1977/1/22 1714/1/22 1713/1/22 2012/1/22 
f 1977/1/188 1976/1/188 1715/1/188 1714/1/188 
f 1716/1/21 1715/1/21 1976/1/21 2125/1/21 
f 2125/1/114 2012/1/114 1713/1/114 1716/1/114 
f 1979/1/22 1718/1/22 1717/1/22 2013/1/22 
f 1979/1/188 1978/1/188 1719/1/188 1718/1/188 
f 1720/1/21 1719/1/21 1978/1/21 2124/1/21 
f 2124/1/114 2013/1/114 1717/1/114 1720/1/114 
f 1981/1/22 1722/1/22 1721/1/22 2014/1/22 
f 1981/1/188 1980/1/188 1723/1/188 1722/1/188 
f 1724/1/21 1723/1/21 1980/1/21 2123/1/21 
f 2123/1/114 2014/1/114 1721/1/114 1724/1/114 
f 1983/1/22 1726/1/22 1725/1/22 2016/1/22 
f 1983/1/188 1982/1/188 1727/1/188 1726/1/188 
f 1728/1/21 1727/1/21 1982/1/21 2015/1/21 
f 2015/1/114 2016/1/114 1725/1/114 1728/1/114 
f 1985/1/22 1730/1/22 1729/1/22 2017/1/22 
f 1985/1/188 1984/1/188 1731/1/188 1730/1/188 
f 1732/1/21 1731/1/21 1984/1/21 2122/1/21 
f 2122/1/114 2017/1/114 1729/1/114 1732/1/114 
f 1987/1/22 1734/1/22 1733/1/22 2019/1/22 
f 1987/1/188 1986/1/188 1735/1/188 1734/1/188 
f 1736/1/21 1735/1/21 1986/1/21 2018/1/21 
f 2018/1/114 2019/1/114 1733/1/114 1736/1/114 
f 1989/1/22 1738/1/22 1737/1/22 2028/1/22 
f 1989/1/188 1988/1/188 1739/1/188 1738/1/188 
f 1740/1/21 1739/1/21 1988/1/21 2020/1/21 
f 2020/1/114 2028/1/114 1737/1/114 1740/1/114 
f 2088/1/22 1746/1/22 1745/1/22 2001/1/22 
f 2088/1/188 2083/1/188 1747/1/188 1746/1/188 
f 1748/1/21 1747/1/21 2083/1/21 2076/1/21 
f 2076/1/114 2001/1/114 1745/1/114 1748/1/114 
f 2151/1/114 2160/1/114 1869/1/114 1872/1/114 
f 1872/1/21 1871/1/21 2149/1/21 2151/1/21 
f 2160/1/189 2147/1/189 2149/1/189 2151/1/189 
f 2195/1/114 1876/1/114 1875/1/114 1878/1/114 
f 1873/1/188 2194/1/188 1877/1/188 1874/1/188 
f 1878/1/21 1877/1/21 2194/1/21 2195/1/21 
f 2198/1/114 1882/1/114 1881/1/114 1884/1/114 
f 1884/1/21 1883/1/21 2202/1/21 2198/1/21 
f 1879/1/188 2202/1/188 1883/1/188 1880/1/188 
f 2197/1/114 1888/1/114 1887/1/114 1890/1/114 
f 1885/1/188 2204/1/188 1889/1/188 1886/1/188 
f 1890/1/21 1889/1/21 2204/1/21 2197/1/21 
f 2196/1/114 1894/1/114 1893/1/114 1896/1/114 
f 1896/1/21 1895/1/21 2207/1/21 2196/1/21 
f 1891/1/188 2207/1/188 1895/1/188 1892/1/188 
f 2189/1/22 1898/1/22 1897/1/22 2205/1/22 
f 1900/1/21 1899/1/21 2190/1/21 2206/1/21 
f 2206/1/114 2205/1/114 1897/1/114 1900/1/114 
f 2189/1/188 2190/1/188 1899/1/188 1898/1/188 
f 2193/1/114 2208/1/114 1901/1/114 1904/1/114 
f 2191/1/188 2192/1/188 1903/1/188 1902/1/188 
f 2191/1/22 1902/1/22 1901/1/22 2208/1/22 
f 1904/1/21 1903/1/21 2192/1/21 2193/1/21 
f 2245/1/188 2246/1/188 1907/1/188 1906/1/188 
f 1908/1/21 1907/1/21 2246/1/21 2247/1/21 
f 1912/1/21 1911/1/21 2248/1/21 2249/1/21 
f 2249/1/114 2250/1/114 1909/1/114 1912/1/114 
f 2251/1/188 2248/1/188 1911/1/188 1910/1/188 
f 2252/1/22 1914/1/22 1913/1/22 2253/1/22 
f 1916/1/21 1915/1/21 2254/1/21 2255/1/21 
f 2245/1/22 1906/1/22 1905/1/22 2256/1/22 
f 2247/1/114 2256/1/114 1905/1/114 1908/1/114 
f 2251/1/22 1910/1/22 1909/1/22 2250/1/22 
f 2255/1/114 2253/1/114 1913/1/114 1916/1/114 
f 2252/1/188 2254/1/188 1915/1/188 1914/1/188 
f 2167/1/188 2165/1/188 1923/1/188 1922/1/188 
f 1924/1/21 1923/1/21 2165/1/21 2162/1/21 
f 2162/1/114 2154/1/114 1921/1/114 1924/1/114 
f 2173/1/22 1918/1/22 1917/1/22 2166/1/22 
f 2173/1/188 2172/1/188 1919/1/188 1918/1/188 
f 2168/1/188 2170/1/188 1931/1/188 1930/1/188 
f 2167/1/22 1922/1/22 1921/1/22 2154/1/22 
f 1920/1/21 1919/1/21 2172/1/21 2164/1/21 
f 2164/1/114 2166/1/114 1917/1/114 1920/1/114 
f 1960/1/22 1926/1/22 1925/1/22 2169/1/22 
f 1960/1/188 1959/1/188 1927/1/188 1926/1/188 
f 1928/1/21 1927/1/21 1959/1/21 1957/1/21 
f 1957/1/114 2169/1/114 1925/1/114 1928/1/114 
f 2171/1/114 2174/1/114 1929/1/114 1932/1/114 
f 1932/1/21 1931/1/21 2170/1/21 2171/1/21 
f 2174/1/189 2168/1/189 2170/1/189 2171/1/189 
f 2168/1/22 1930/1/22 1929/1/22 2174/1/22 
f 1955/1/188 1954/1/188 1939/1/188 1938/1/188 
f 1940/1/21 1939/1/21 1954/1/21 2175/1/21 
f 2175/1/114 2163/1/114 1937/1/114 1940/1/114 
f 2183/1/22 1934/1/22 1933/1/22 1953/1/22 
f 2183/1/188 2179/1/188 1935/1/188 1934/1/188 
f 1956/1/188 2181/1/188 1947/1/188 1946/1/188 
f 1955/1/22 1938/1/22 1937/1/22 2163/1/22 
f 1936/1/21 1935/1/21 2179/1/21 2177/1/21 
f 2177/1/114 1953/1/114 1933/1/114 1936/1/114 
f 1958/1/22 1942/1/22 1941/1/22 2182/1/22 
f 1958/1/188 2187/1/188 1943/1/188 1942/1/188 
f 1944/1/21 1943/1/21 2187/1/21 2178/1/21 
f 2178/1/114 2182/1/114 1941/1/114 1944/1/114 
f 2180/1/114 2184/1/114 1945/1/114 1948/1/114 
f 1956/1/22 1946/1/22 1945/1/22 2184/1/22 
f 1948/1/21 1947/1/21 2181/1/21 2180/1/21 
f 2184/1/189 1956/1/189 2181/1/189 2180/1/189 
f 1952/1/21 1951/1/21 2257/1/21 2258/1/21 
f 2259/1/22 1950/1/22 1949/1/22 2260/1/22 
f 2258/1/114 2260/1/114 1949/1/114 1952/1/114 
f 2259/1/188 2257/1/188 1951/1/188 1950/1/188 
f 2214/1/22 2210/1/22 2209/1/22 2213/1/22 
f 2214/1/188 2215/1/188 2211/1/188 2210/1/188 
f 2216/1/114 2213/1/114 2209/1/114 2212/1/114 
f 2212/1/21 2211/1/21 2215/1/21 2216/1/21 
f 2224/1/21 2223/1/21 2219/1/21 2220/1/21 
f 2218/1/22 2222/1/22 2221/1/22 2217/1/22 
f 2218/1/188 2219/1/188 2223/1/188 2222/1/188 
f 2220/1/114 2217/1/114 2221/1/114 2224/1/114 
f 2022/1/22 2226/1/22 2225/1/22 2025/1/22 
f 2022/1/188 2023/1/188 2227/1/188 2226/1/188 
f 2024/1/114 2025/1/114 2225/1/114 2228/1/114 
f 2228/1/21 2227/1/21 2023/1/21 2024/1/21 
f 2232/1/21 2231/1/21 2235/1/21 2236/1/21 
f 2234/1/22 2230/1/22 2229/1/22 2233/1/22 
f 2234/1/188 2235/1/188 2231/1/188 2230/1/188 
f 2236/1/114 2233/1/114 2229/1/114 2232/1/114 
f 2242/1/22 2238/1/22 2237/1/22 2241/1/22 
f 2242/1/188 2243/1/188 2239/1/188 2238/1/188 
f 2244/1/114 2241/1/114 2237/1/114 2240/1/114 
f 2240/1/21 2239/1/21 2243/1/21 2244/1/21 
f 2185/1/22 1642/1/22 1641/1/22 2176/1/22 
f 2185/1/115 2200/1/115 1643/1/115 1642/1/115 
f 1644/1/21 1643/1/21 2200/1/21 2199/1/21 
f 2199/1/114 2176/1/114 1641/1/114 1644/1/114 
f 2121/1/22 1742/1/22 1741/1/22 2027/1/22 
f 2121/1/115 2021/1/115 1743/1/115 1742/1/115 
f 2026/1/114 2027/1/114 1741/1/114 1744/1/114 
f 1999/1/22 1750/1/22 1749/1/22 2000/1/22 
f 1999/1/115 1998/1/115 1751/1/115 1750/1/115 
f 1752/1/21 1751/1/21 1998/1/21 2085/1/21 
f 2085/1/114 2000/1/114 1749/1/114 1752/1/114 
f 519/1/190 520/1/190 536/1/190 535/1/190 
f 537/1/21 536/1/21 520/1/21 527/1/21 
f 527/1/191 528/1/191 534/1/191 537/1/191 
f 519/1/22 535/1/22 534/1/22 528/1/22 
f 521/1/190 522/1/190 540/1/190 539/1/190 
f 541/1/21 540/1/21 522/1/21 523/1/21 
f 523/1/191 526/1/191 538/1/191 541/1/191 
f 521/1/22 539/1/22 538/1/22 526/1/22 
f 1744/1/21 1743/1/21 2021/1/21 2026/1/21 
f 1767/1/192 2072/1/192 2073/1/193 1765/1/193 
f 2073/1/193 2074/1/194 1763/1/194 1765/1/193 
f 2074/1/194 2075/1/195 1761/1/195 1763/1/194 
f 2075/1/195 2077/1/196 1759/1/196 1761/1/195 
f 2078/1/197 1757/1/197 1759/1/196 2077/1/196 
f 2079/1/198 1753/1/198 1757/1/197 2078/1/197 
f 2080/1/199 1754/1/199 1753/1/198 2079/1/198 
f 2081/1/200 1755/1/200 1754/1/199 2080/1/199 
f 2082/1/201 1756/1/201 1755/1/200 2081/1/200 
f 2084/1/202 1758/1/202 1756/1/201 2082/1/201 
f 2084/1/202 2086/1/203 1760/1/203 1758/1/202 
f 2086/1/203 2087/1/204 1762/1/204 1760/1/203 
f 2087/1/204 1997/1/205 1764/1/205 1762/1/204 
f 1764/1/205 1997/1/205 1996/1/206 1766/1/206 
f 1766/1/206 1996/1/206 1995/1/207 1768/1/207 
f 1768/1/207 1995/1/207 2100/1/208 1770/1/208 
f 1772/1/209 1770/1/208 2100/1/208 2099/1/209 
f 1774/1/210 1772/1/209 2099/1/209 2098/1/210 
f 1776/1/211 1774/1/210 2098/1/210 2067/1/211 
f 1775/1/212 1776/1/211 2067/1/211 2068/1/212 
f 1773/1/213 1775/1/212 2068/1/212 2069/1/213 
f 1771/1/214 1773/1/213 2069/1/213 2070/1/214 
f 1771/1/214 2070/1/214 2071/1/215 1769/1/215 
f 1769/1/215 2071/1/215 2072/1/192 1767/1/192 
f 1791/1/192 2063/1/192 2064/1/193 1789/1/193 
f 2064/1/193 2065/1/194 1787/1/194 1789/1/193 
f 2065/1/194 2066/1/195 1785/1/195 1787/1/194 
f 2066/1/195 2089/1/196 1783/1/196 1785/1/195 
f 2090/1/197 1781/1/197 1783/1/196 2089/1/196 
f 2091/1/198 1777/1/198 1781/1/197 2090/1/197 
f 2092/1/199 1778/1/199 1777/1/198 2091/1/198 
f 2093/1/200 1779/1/200 1778/1/199 2092/1/199 
f 2094/1/201 1780/1/201 1779/1/200 2093/1/200 
f 2095/1/202 1782/1/202 1780/1/201 2094/1/201 
f 2095/1/202 2096/1/203 1784/1/203 1782/1/202 
f 2096/1/203 2097/1/204 1786/1/204 1784/1/203 
f 2097/1/204 1994/1/205 1788/1/205 1786/1/204 
f 1788/1/205 1994/1/205 1993/1/206 1790/1/206 
f 1790/1/206 1993/1/206 1992/1/207 1792/1/207 
f 1792/1/207 1992/1/207 2111/1/208 1794/1/208 
f 1796/1/209 1794/1/208 2111/1/208 2110/1/209 
f 1798/1/210 1796/1/209 2110/1/209 2109/1/210 
f 1800/1/211 1798/1/210 2109/1/210 2058/1/211 
f 1799/1/212 1800/1/211 2058/1/211 2059/1/212 
f 1797/1/213 1799/1/212 2059/1/212 2060/1/213 
f 1795/1/214 1797/1/213 2060/1/213 2061/1/214 
f 1795/1/214 2061/1/214 2062/1/215 1793/1/215 
f 1793/1/215 2062/1/215 2063/1/192 1791/1/192 
f 2106/1/202 2107/1/203 1808/1/203 1806/1/202 
f 2107/1/203 2108/1/204 1810/1/204 1808/1/203 
f 2108/1/204 1991/1/205 1812/1/205 1810/1/204 
f 1812/1/205 1991/1/205 1990/1/206 1814/1/206 
f 1814/1/206 1990/1/206 2037/1/207 1816/1/207 
f 1816/1/207 2037/1/207 2036/1/208 1818/1/208 
f 1820/1/209 1818/1/208 2036/1/208 2038/1/209 
f 1822/1/210 1820/1/209 2038/1/209 2039/1/210 
f 1824/1/211 1822/1/210 2039/1/210 2041/1/211 
f 1823/1/212 1824/1/211 2041/1/211 2049/1/212 
f 1821/1/213 1823/1/212 2049/1/212 2050/1/213 
f 1819/1/214 1821/1/213 2050/1/213 2051/1/214 
f 1819/1/214 2051/1/214 2052/1/215 1817/1/215 
f 1817/1/215 2052/1/215 2053/1/192 1815/1/192 
f 1815/1/192 2053/1/192 2054/1/193 1813/1/193 
f 2054/1/193 2055/1/194 1811/1/194 1813/1/193 
f 2055/1/194 2056/1/195 1809/1/195 1811/1/194 
f 2056/1/195 2057/1/196 1807/1/196 1809/1/195 
f 2101/1/197 1805/1/197 1807/1/196 2057/1/196 
f 2102/1/198 1801/1/198 1805/1/197 2101/1/197 
f 2103/1/199 1802/1/199 1801/1/198 2102/1/198 
f 2104/1/200 1803/1/200 1802/1/199 2103/1/199 
f 2105/1/201 1804/1/201 1803/1/200 2104/1/200 
f 2106/1/202 1806/1/202 1804/1/201 2105/1/201 
f 2043/1/202 1830/1/202 1828/1/201 2044/1/201 
f 2043/1/202 2042/1/203 1832/1/203 1830/1/202 
f 2042/1/203 2040/1/204 1834/1/204 1832/1/203 
f 2040/1/204 2035/1/205 1836/1/205 1834/1/204 
f 1836/1/205 2035/1/205 2034/1/206 1838/1/206 
f 1838/1/206 2034/1/206 2033/1/207 1840/1/207 
f 1840/1/207 2033/1/207 2032/1/208 1842/1/208 
f 1844/1/209 1842/1/208 2032/1/208 2031/1/209 
f 1846/1/210 1844/1/209 2031/1/209 2030/1/210 
f 1848/1/211 1846/1/210 2030/1/210 2029/1/211 
f 1847/1/212 1848/1/211 2029/1/211 2120/1/212 
f 1845/1/213 1847/1/212 2120/1/212 2119/1/213 
f 1843/1/214 1845/1/213 2119/1/213 2118/1/214 
f 1843/1/214 2118/1/214 2117/1/215 1841/1/215 
f 1841/1/215 2117/1/215 2116/1/192 1839/1/192 
f 1839/1/192 2116/1/192 2115/1/193 1837/1/193 
f 2115/1/193 2114/1/194 1835/1/194 1837/1/193 
f 2114/1/194 2113/1/195 1833/1/195 1835/1/194 
f 2113/1/195 2112/1/196 1831/1/196 1833/1/195 
f 2048/1/197 1829/1/197 1831/1/196 2112/1/196 
f 2047/1/198 1825/1/198 1829/1/197 2048/1/197 
f 2046/1/199 1826/1/199 1825/1/198 2047/1/198 
f 2045/1/200 1827/1/200 1826/1/199 2046/1/199 
f 2044/1/201 1828/1/201 1827/1/200 2045/1/200 
f 2261/1/15 2262/1/15 2263/1/15 2264/1/15 
f 2263/1/90 565/1/90 594/1/90 2264/1/90 
f 594/1/21 896/1/21 895/1/21 893/1/21 
f 2264/1/21 594/1/21 893/1/21 2261/1/21 
f 570/1/91 2262/1/91 2261/1/91 893/1/91 
f 570/1/22 565/1/22 2263/1/22 2262/1/22 
f 2265/1/15 2266/1/15 2267/1/15 2268/1/15 
f 2267/1/90 584/1/90 585/1/90 2268/1/90 
f 2268/1/21 585/1/21 708/1/21 2265/1/21 
f 583/1/91 2266/1/91 2265/1/91 708/1/91 
f 583/1/22 584/1/22 2267/1/22 2266/1/22 
f 2269/1/216 2270/1/217 513/1/217 512/1/216 
f 2271/1/218 471/1/218 469/1/219 2272/1/219 
f 505/1/220 506/1/221 2273/1/221 2274/1/220 
f 2272/1/219 469/1/219 470/1/222 2275/1/222 
f 488/1/223 2276/1/223 2277/1/224 487/1/224 
f 2278/1/225 2279/1/226 485/1/226 486/1/225 
f 494/1/227 495/1/228 2280/1/228 2281/1/227 
f 497/1/229 498/1/230 2282/1/230 2283/1/229 
f 2284/1/231 477/1/231 478/1/232 2285/1/232 
f 2286/1/233 475/1/233 474/1/234 2287/1/234 
f 2275/1/222 470/1/222 477/1/231 2284/1/231 
f 2287/1/234 474/1/234 473/1/235 2288/1/235 
f 518/1/236 2289/1/236 2273/1/221 506/1/221 
f 518/1/236 506/1/221 507/1/237 
f 496/1/238 497/1/229 2283/1/229 2290/1/238 
f 495/1/228 496/1/238 2290/1/238 2280/1/228 
f 516/1/239 2291/1/239 2292/1/240 517/1/240 
f 2293/1/241 2294/1/242 510/1/242 509/1/241 
f 489/1/243 2295/1/243 2276/1/223 488/1/223 
f 2277/1/224 2278/1/225 486/1/225 487/1/224 
f 2296/1/244 481/1/244 482/1/245 2297/1/245 
f 2279/1/226 2298/1/246 484/1/246 485/1/226 
f 492/1/247 2299/1/247 2300/1/248 491/1/248 
f 2301/1/249 479/1/249 480/1/250 2302/1/250 
f 491/1/248 2300/1/248 2303/1/251 490/1/251 
f 2286/1/233 2304/1/252 508/1/252 475/1/233 
f 475/1/233 508/1/252 476/1/253 
f 2298/1/246 2305/1/254 483/1/254 484/1/246 
f 2285/1/232 478/1/232 479/1/249 2301/1/249 
f 2302/1/250 480/1/250 481/1/244 2296/1/244 
f 503/1/255 504/1/256 2306/1/256 2307/1/255 
f 2294/1/242 2308/1/257 511/1/257 510/1/242 
f 514/1/258 2309/1/258 2310/1/259 515/1/259 
f 504/1/256 505/1/220 2274/1/220 2306/1/256 
f 515/1/259 2310/1/259 2291/1/239 516/1/239 
f 500/1/260 501/1/261 2311/1/261 2312/1/260 
f 499/1/262 500/1/260 2312/1/260 2313/1/262 
f 502/1/263 503/1/255 2307/1/255 2314/1/263 
f 494/1/227 2281/1/227 2315/1/264 493/1/264 
f 2305/1/254 2297/1/245 482/1/245 483/1/254 
f 498/1/230 499/1/262 2313/1/262 2282/1/230 
f 493/1/264 2315/1/264 2299/1/247 492/1/247 
f 2304/1/252 2293/1/241 509/1/241 508/1/252 
f 2308/1/257 2269/1/216 512/1/216 511/1/257 
f 2288/1/235 473/1/235 472/1/265 2316/1/265 
f 2316/1/265 472/1/265 471/1/218 2271/1/218 
f 517/1/240 2292/1/240 2289/1/236 518/1/236 
f 501/1/261 502/1/263 2314/1/263 2311/1/261 
f 490/1/251 2303/1/251 2295/1/243 489/1/243 
f 2270/1/217 2309/1/258 514/1/258 513/1/217 
f 458/1/266 2279/1/266 2278/1/266 455/1/266 
f 455/1/266 2278/1/266 2277/1/266 2276/1/266 
f 455/1/266 2276/1/266 2295/1/266 2303/1/266 
f 455/1/266 2303/1/266 2300/1/266 454/1/266 
f 2291/1/266 454/1/266 2300/1/266 2292/1/266 
f 2292/1/266 2300/1/266 2299/1/266 2289/1/266 
f 2289/1/266 2299/1/266 2315/1/266 2273/1/266 
f 2273/1/266 2315/1/266 2281/1/266 2274/1/266 
f 2274/1/266 2281/1/266 2280/1/266 2306/1/266 
f 2306/1/266 2280/1/266 2290/1/266 2307/1/266 
f 2307/1/266 2290/1/266 2283/1/266 2314/1/266 
f 2314/1/266 2283/1/266 2282/1/266 2311/1/266 
f 2311/1/266 2282/1/266 2313/1/266 2312/1/266 
f 454/1/266 2291/1/266 2310/1/266 2309/1/266 
f 454/1/266 2309/1/266 2270/1/266 2269/1/266 
f 454/1/266 2269/1/266 2308/1/266 453/1/266 
f 453/1/266 2308/1/266 2294/1/266 2279/1/266 
f 2298/1/266 2279/1/266 2294/1/266 2293/1/266 
f 2305/1/266 2298/1/266 2293/1/266 2304/1/266 
f 2297/1/266 2305/1/266 2304/1/266 2286/1/266 
f 2296/1/266 2297/1/266 2286/1/266 2287/1/266 
f 2302/1/266 2296/1/266 2287/1/266 2288/1/266 
f 2301/1/266 2302/1/266 2288/1/266 2316/1/266 
f 2285/1/266 2301/1/266 2316/1/266 2271/1/266 
f 2284/1/266 2285/1/266 2271/1/266 2272/1/266 
f 2284/1/266 2272/1/266 2275/1/266 
f 453/1/266 2279/1/266 458/1/266 
# 2251 polygons - 149 triangles

